C1_WGSerr_r0,C2_WGSerr_r0,C3_WGSerr_r0,C4_WGSerr_r0,C5_WGSerr_r0,C6_WGSerr_r0,C7_WGSerr_r0,C8_WGSerr_r0,C9_WGSerr_r0,C10_WGSerr_r0,C11_WGSerr_r0,C12_WGSerr_r0,C13_WGSerr_r0,C14_WGSerr_r0,C15_WGSerr_r0,C16_WGSerr_r0,C17_WGSerr_r0,C18_WGSerr_r0,C19_WGSerr_r0,C20_WGSerr_r0
UnW_D,0.103876782012997,0.163886293515304,0.13285357008334,0.177087802380092,0.207597125153477,0.166663619667697,0.177087802380092,0.190214932228863,0.25758622583496,0.183469846266169,0.177087802380092,0.13285357008334,0.13285357008334,0.160199071511373,0.151190971407455,0.13285357008334,0.151036304882604,0.13285357008334,0.103876782012997,0.103876782012997
Weight_D,0.0398071667450107,0.0519289529280138,0.0454087599486297,0.0530549508597023,0.0423298254033817,0.0454345909088648,0.040176888650909,0.0557549192531734,0.0393543246782391,0.0547028110635837,0.0501504166769042,0.0542552337806043,0.0320258437516049,0.0479983299925475,0.044769088121126,0.0493457165702038,0.0426435235200361,0.0420699479638387,0.0381594548252652,0.0397088341616349
Bray_D,0.216077445219369,0.266960063961705,0.218573557139431,0.245030758292374,0.222908489907213,0.24710500934664,0.211533143371018,0.287505263946552,0.246656033385533,0.259411078095714,0.258507963981785,0.239311293703147,0.189047578632205,0.223505170350752,0.222988943286892,0.230132790254444,0.220912276151795,0.21216764475986,0.194941748928315,0.218575763337244
JC_D,0.142857142857143,0.4,0.25,0.333333333333333,0.4,0.333333333333333,0.333333333333333,0.4,0.5,0.333333333333333,0.333333333333333,0.25,0.25,0.333333333333333,0.333333333333333,0.25,0.25,0.25,0.142857142857143,0.142857142857143
JSD,0.0714444835720684,0.097022515856346,0.0731940184724925,0.0830432218630633,0.083742285094358,0.0896519093924473,0.0803800968615543,0.100761185786042,0.114529162381392,0.0879712407123272,0.0906871848320108,0.0783127305250424,0.0672115690321951,0.0799079323947511,0.0770684769965681,0.073950574908417,0.0780580044570594,0.0721337731199728,0.0672919008655053,0.071551865900754
