C1_WGSerr_r0,C2_WGSerr_r0,C3_WGSerr_r0,C4_WGSerr_r0,C5_WGSerr_r0,C6_WGSerr_r0,C7_WGSerr_r0,C8_WGSerr_r0,C9_WGSerr_r0,C10_WGSerr_r0,C11_WGSerr_r0,C12_WGSerr_r0,C13_WGSerr_r0,C14_WGSerr_r0,C15_WGSerr_r0,C16_WGSerr_r0,C17_WGSerr_r0,C18_WGSerr_r0,C19_WGSerr_r0,C20_WGSerr_r0
sorted_JSD,0.0260855221463852,0.103021339278473,0.0525470082127071,0.0692253820403864,0.0525503009756884,0.0365745747319376,0.0425611665037736,0.0809769335874708,0.0497634949562277,0.108265254647489,0.0523501438567738,0.0641198375089414,0.0368454363281909,0.0442324632319338,0.0302487640799274,0.0574216436281895,0.0189787975757939,0.0243696306201875,0.0151264087512544,0.0111837185314095
