C1_WGSerr_r0,C18_WGSerr_r0,C19_WGSerr_r0,C2_WGSerr_r0,C20_WGSerr_r0,C3_WGSerr_r0,C4_WGSerr_r0,C5_WGSerr_r0,C6_WGSerr_r0,C7_WGSerr_r0,C8_WGSerr_r0,C10_WGSerr_r0,C9_WGSerr_r0,C11_WGSerr_r0,C12_WGSerr_r0,C13_WGSerr_r0,C14_WGSerr_r0,C15_WGSerr_r0,C16_WGSerr_r0,C17_WGSerr_r0
Rank1,0.081954,0.00256199999999998,-0.00129200000000002,0.207764,0.06353,0.077084,0.14944,0.010598,0.029786,0.04703,0.132644,0.18591,0.056921,-0.041674,-0.042714,0.018387,0.050519,0.043878,-0.031741,0.02326
Rank2,0.021287,0.069857,0.075471,0.030047,-0.013357,0.037314,0.00246700000000002,0.058991,0.051617,0.010963,0.042815,0.030711,0.011301,0.059782,0.15002,0.062108,0.072294,0.057666,0.099016,0.002137
Rank3,0.046178,0.100992,0.00800100000000001,-0.008799,0.053972,-0.00301500000000002,-0.032675,0.021499,0.037068,0.047727,-0.004883,-0.065657,0.055124,0.037941,-0.046287,0.064808,0.00134399999999998,0.095494,0.062507,0.00998100000000002
Rank4,-0.020091,-0.041259,-0.01214,-0.025413,0.006174,0.00975099999999998,-0.050754,0.035712,0.042579,-0.000383999999999995,0.023884,-0.00474899999999999,-0.040829,0.059234,0.023024,-0.00628300000000001,0.028357,-0.046168,-0.034381,0.051788
Rank5,0.001804,-0.01275,0.043057,-0.055499,-0.023628,0.015486,0.024018,-0.012739,-0.058065,0.00906,-0.021463,0.018477,-0.004066,0.028813,0.00767300000000001,-0.085357,-0.016864,-0.034057,0.009676,0.025433
Rank6,-0.038318,-0.026134,-0.00634,-0.007549,0.00540400000000001,-0.01962,0.027494,0.011805,-0.004429,8.90000000000057e-05,0.020525,-0.010073,0.04952,3.80000000000033e-05,0.013545,0.026988,-0.008643,-0.00768,0.020482,-0.024434
