C1_WGSerr_r0,C18_WGSerr_r0,C19_WGSerr_r0,C2_WGSerr_r0,C20_WGSerr_r0,C3_WGSerr_r0,C4_WGSerr_r0,C5_WGSerr_r0,C6_WGSerr_r0,C7_WGSerr_r0,C8_WGSerr_r0,C10_WGSerr_r0,C9_WGSerr_r0,C11_WGSerr_r0,C12_WGSerr_r0,C13_WGSerr_r0,C14_WGSerr_r0,C15_WGSerr_r0,C16_WGSerr_r0,C17_WGSerr_r0
sorted_JSD,0.0939142509703855,0.00877437229791145,0.0176492274645948,0.102362160484314,0,0.107172300497651,0.111874439942097,0.101027503858674,0.0947279637681319,0.0904568604779908,0.0826673668373053,0.0711472226560468,0.0750249358820346,0.0575948543883416,0.0456817729052494,0.0414821437541209,0.036079656424801,0.0242397395962184,0.0211029513892284,0.0146710405291753
