C10_WGSerr_r0,C11_WGSerr_r0,C12_WGSerr_r0,C13_WGSerr_r0,C14_WGSerr_r0,C15_WGSerr_r0,C16_WGSerr_r0,C17_WGSerr_r0,C18_WGSerr_r0,C19_WGSerr_r0,C1_WGSerr_r0,C20_WGSerr_r0,C2_WGSerr_r0,C3_WGSerr_r0,C4_WGSerr_r0,C5_WGSerr_r0,C6_WGSerr_r0,C7_WGSerr_r0,C8_WGSerr_r0,C9_WGSerr_r0
GCA_002056065,0.0805087566159936,-0.013684991988969,0.05,-0.064452696518256,0.05,0.1,-0.091498683183809,-0.036452127165684,0.0857986955304716,0.05,-0.112279017265744,0.05,-0.021725544255781,-0.021723869120179,0.018720082846931,-0.049380945525568,-0.223934293977551,0.0730203866870092,-0.136454510884552,-0.111838351929373
GCA_001675145,-0.070061494677488,0.04614741776582,0.1,0.046658379344074,0.0576867649695099,-0.00512197537633902,0.1,-0.030695692511484,0.010543211949521,-0.053241472054941,-0.189107623333258,-0.162779499338181,0.034696462440169,0.015659940409158,0.1,0.102710408843495,-0.028792326940998,-0.074920309524338,0.0711674666984954,0.039417739121414
GCA_008275005,-0.224248315459138,0.022288300854121,-0.013113644645617,0.021035683956918,-0.036319690822125,-0.074172993307377,-0.00851651764584399,0.05,-0.034764485364287,0.0441079348136564,0.007596810941225,0.05,-0.210705866368839,-0.034784930000731,-0.051951262678091,0.00749947278968202,0.0305768403116116,-0.034103779724754,-0.05717098434933,-0.015040379757834
GCA_900622695,0.0138010535206323,-0.254750726630972,-0.286886355354383,0.036310099002656,-0.043869032238434,0.05,-0.121840315056015,-0.099285622629491,0.0125625089038574,-0.00472027548243799,-0.00621017034222199,-0.188611044910507,0.05,-0.052441771050503,-0.065454133712883,0.0369254239228415,0.05,0.05,-0.040120360049005,0.0466645571547394
GCA_003586065,0.1,0.05,0.05,-0.089551465785391,-0.177498041908951,-0.120705031316284,0.0218555158856683,-0.083566557693341,-0.124139931019563,-0.186146187276277,0.1,0.0513905442486879,0.1,-0.00670937023774501,-0.101314686455957,-0.19775436003045,-0.077850219393063,-0.113996297437918,-0.037421611415609,-0.059203564588946
GCA_002903105,0.1,0.15,0.1,0.05,0.15,0.05,0.1,0.2,0.05,0.15,0.2,0.2,0.05,0.1,0.1,0.1,0.25,0.1,0.2,0.1
