C1_WGSerr_r0,C2_WGSerr_r0,C3_WGSerr_r0,C4_WGSerr_r0,C5_WGSerr_r0,C6_WGSerr_r0,C7_WGSerr_r0,C8_WGSerr_r0,C9_WGSerr_r0,C10_WGSerr_r0,C11_WGSerr_r0,C12_WGSerr_r0,C13_WGSerr_r0,C14_WGSerr_r0,C15_WGSerr_r0,C16_WGSerr_r0,C17_WGSerr_r0,C18_WGSerr_r0,C19_WGSerr_r0,C20_WGSerr_r0
UnW_D,0.208564971275047,0.354024219320371,0.073061208589275,0.33787252973302,0.073061208589275,0.2185204566346,0.2185204566346,0.073061208589275,0.073061208589275,0.208564971275047,0.208564971275047,0.533543004353536,0.073061208589275,0.133227920524019,0.278687168569344,0.33787252973302,0.225971769115252,0.073061208589275,0.133227920524019,0.31221614254543
Weight_D,0.0545892979722489,0.0437198424809823,0.0162757159261731,0.0360345358378373,0.0426907404066879,0.0338593526354085,0.034778661435163,0.0323805933291335,0.0255338628027728,0.04381853058508,0.0490669598939878,0.0553585765167385,0.0237927111589634,0.037775455757799,0.0269648790629715,0.0312764446890645,0.0411643474217556,0.0218902451594344,0.0405643332840142,0.0757760535509268
Bray_D,0.307596810941225,0.23382875365389,0.115659940409158,0.218720082846931,0.247135305556018,0.330576840311612,0.22302038668701,0.271167466698496,0.186082296276153,0.294309810136626,0.268435718619941,0.3,0.154004162303648,0.25768676496951,0.2,0.221855515885668,0.25,0.15890441638385,0.244107934813656,0.351390544248688
JC_D,0.333333333333333,0.5,0.166666666666667,0.333333333333333,0.166666666666667,0.333333333333333,0.333333333333333,0.166666666666667,0.166666666666667,0.333333333333333,0.333333333333333,0.666666666666667,0.166666666666667,0.333333333333333,0.5,0.333333333333333,0.333333333333333,0.166666666666667,0.333333333333333,0.5
JSD,0.120510312063706,0.0809112165321963,0.0377446929224621,0.0787978352389361,0.0649851402544179,0.128730563341493,0.0712320223379096,0.0945309764789195,0.0459318615243589,0.0985850202327586,0.0891729748907358,0.125185772656638,0.0264610880127135,0.0870459207667036,0.0772777445679265,0.0803127373944957,0.097095477230408,0.0425129559565885,0.0847153780787924,0.129313759397715
