C10_WGSerr_r0,C11_WGSerr_r0,C12_WGSerr_r0,C13_WGSerr_r0,C14_WGSerr_r0,C15_WGSerr_r0,C16_WGSerr_r0,C17_WGSerr_r0,C18_WGSerr_r0,C19_WGSerr_r0,C1_WGSerr_r0,C20_WGSerr_r0,C2_WGSerr_r0,C3_WGSerr_r0,C4_WGSerr_r0,C5_WGSerr_r0,C6_WGSerr_r0,C7_WGSerr_r0,C8_WGSerr_r0,C9_WGSerr_r0
sorted_JSD,0.088473808811911,0.072879358217634,0.125185772656638,0.0264610880127135,0.0642883090232564,0.0772777445679265,0.0786616765773049,0.0631431349543589,0.0425129559565885,0.0693824808528308,0.0816138415781327,0.114858477379501,0.0809112165321963,0.0365141214526374,0.0787978352389361,0.0623148882597315,0.0963449965325903,0.0712320223379096,0.0512894081357867,0.0459318615243589
