C1_WGSerr_r0,C2_WGSerr_r0,C3_WGSerr_r0,C4_WGSerr_r0,C5_WGSerr_r0,C6_WGSerr_r0,C7_WGSerr_r0,C8_WGSerr_r0,C9_WGSerr_r0,C10_WGSerr_r0,C11_WGSerr_r0,C12_WGSerr_r0,C13_WGSerr_r0,C14_WGSerr_r0,C15_WGSerr_r0,C16_WGSerr_r0,C17_WGSerr_r0,C18_WGSerr_r0,C19_WGSerr_r0,C20_WGSerr_r0
Rank1,-0.189107623333258,-0.210705866368839,-0.034784930000731,-0.051951262678091,-0.19775436003045,-0.223934293977551,-0.074920309524338,-0.05717098434933,-0.111838351929373,-0.224248315459138,-0.254750726630972,-0.286886355354383,-0.089551465785391,-0.127498041908951,-0.074172993307377,-0.121840315056015,-0.049285622629491,-0.124139931019563,-0.186146187276277,-0.162779499338181
Rank2,-0.112279017265744,-0.021725544255781,-0.002441771050503,-0.101314686455957,0.000619054474432001,-0.027850219393063,-0.113996297437918,-0.086454510884552,-0.059203564588946,-0.070061494677488,0.022288300854121,-0.013113644645617,-0.064452696518256,-0.086319690822125,-0.120705031316284,-0.041498683183809,-0.083566557693341,-0.034764485364287,-0.053241472054941,-0.188611044910507
Rank3,0.093789829657778,0.034696462440169,-0.034340059590842,-0.065454133712883,-0.042500527210318,-0.028792326940998,-0.034103779724754,-0.037421611415609,0.039417739121414,0.0638010535206323,0.036315008011031,0.1,0.046658379344074,0.00613096776156599,-0.00512197537633902,-0.058516517645844,-0.080695692511484,0.010543211949521,0.045279724517562,0.151390544248688
Rank4,0.057596810941225,0.1,-0.021723869120179,0.018720082846931,0.0869254239228415,0.180576840311612,0.0730203866870092,0.009879639950995,-0.015040379757834,0.0805087566159936,0.04614741776582,0.1,0.036310099002656,0.0576867649695099,0.1,0.0218555158856683,0.063547872834316,0.0125625089038574,0.0441079348136564,0.1
Rank5,0.1,0.05,-0.00670937023774501,0.1,0.0527104088434947,0.05,0.1,0.0711674666984954,0.0466645571547394,0.1,0.1,0.05,0.021035683956918,0.1,0.05,0.1,0.1,0.0857986955304716,0.1,0.05
Rank6,0.05,0.05,0.1,0.1,0.1,0.05,0.05,0.1,0.1,0.05,0.05,0.05,0.05,0.05,0.05,0.1,0.05,0.05,0.05,0.05
