C10_WGSerr_r0,C10_WGSerr_r1,C10_WGSerr_r2,C11_WGSerr_r0,C11_WGSerr_r1,C11_WGSerr_r2,C12_WGSerr_r0,C12_WGSerr_r1,C12_WGSerr_r2,C13_WGSerr_r0,C13_WGSerr_r1,C13_WGSerr_r2,C14_WGSerr_r0,C14_WGSerr_r1,C14_WGSerr_r2,C15_WGSerr_r0,C15_WGSerr_r1,C15_WGSerr_r2,C16_WGSerr_r0,C16_WGSerr_r1,C16_WGSerr_r2,C17_WGSerr_r0,C17_WGSerr_r1,C17_WGSerr_r2,C18_WGSerr_r0,C18_WGSerr_r1,C18_WGSerr_r2,C19_WGSerr_r0,C19_WGSerr_r1,C19_WGSerr_r2,C1_WGSerr_r0,C1_WGSerr_r1,C1_WGSerr_r2,C20_WGSerr_r0,C20_WGSerr_r1,C20_WGSerr_r2,C21_WGSerr_r0,C21_WGSerr_r1,C21_WGSerr_r2,C22_WGSerr_r0,C22_WGSerr_r1,C22_WGSerr_r2,C23_WGSerr_r0,C23_WGSerr_r1,C23_WGSerr_r2,C24_WGSerr_r0,C24_WGSerr_r1,C24_WGSerr_r2,C2_WGSerr_r0,C2_WGSerr_r1,C2_WGSerr_r2,C3_WGSerr_r0,C3_WGSerr_r1,C3_WGSerr_r2,C4_WGSerr_r0,C4_WGSerr_r1,C4_WGSerr_r2,C5_WGSerr_r0,C5_WGSerr_r1,C5_WGSerr_r2,C6_WGSerr_r0,C6_WGSerr_r1,C6_WGSerr_r2,C7_WGSerr_r0,C7_WGSerr_r1,C7_WGSerr_r2,C8_WGSerr_r0,C8_WGSerr_r1,C8_WGSerr_r2,C9_WGSerr_r0,C9_WGSerr_r1,C9_WGSerr_r2
sorted_JSD,0.0274030950096033,0.0274727494683542,0.0274044909965372,0.0182080719269696,0.0182621725293055,0.0182122933013797,0.0187435938233472,0.0188032153833469,0.0188082479140797,0.0202356932515292,0.0202115250199892,0.020268480496104,0.0363801110470634,0.0363727982648607,0.0364443453710029,0.0215152798141723,0.0215827275239749,0.0216703623145631,0.0364547655299743,0.0365393871997449,0.036596024774615,0.0212546885050312,0.0211862427957902,0.0212014877591166,0.0198777658363157,0.0199467495139888,0.0199757833554615,0.038016945180701,0.0376311471557828,0.0376250060977609,0.0201853836094198,0.0199930467148529,0.0202102966335007,0.0364971811317075,0.0364361727778861,0.0362784616980327,0.0206154642137531,0.0199829318750389,0.0196930006394777,0.0364586197058252,0.036526668221943,0.0364537709848983,0.0215060352544116,0.021418694946936,0.0214558978193366,0.0386248529275253,0.0387654261925804,0.0388586156239459,0.0184539335781748,0.0184391445681414,0.0186441862433686,0.0184112617686104,0.0184363862508419,0.0185268593216348,0.0195756197990318,0.0195781728513527,0.0199175750393265,0.0181375600141953,0.0182332882843554,0.0181137552997618,0.0197074083281459,0.0199784799020217,0.0198066883390359,0.0191523327172836,0.0191380875077612,0.0191424360108792,0.0263923695699213,0.0267437158194982,0.0267132124219828,0.018545038339879,0.0184946219950396,0.01858927888076
