C1_WGSerr_r0,C18_WGSerr_r0,C19_WGSerr_r0,C2_WGSerr_r0,C20_WGSerr_r0,C3_WGSerr_r0,C4_WGSerr_r0,C5_WGSerr_r0,C6_WGSerr_r0,C7_WGSerr_r0,C8_WGSerr_r0,C10_WGSerr_r0,C9_WGSerr_r0,C11_WGSerr_r0,C12_WGSerr_r0,C13_WGSerr_r0,C14_WGSerr_r0,C15_WGSerr_r0,C16_WGSerr_r0,C17_WGSerr_r0
sorted_JSD,0.131413530313206,0.03212940856612,0.0190241362239017,0.127170891571234,0.0320432366863988,0.134769896388919,0.13043965258661,0.124967094023768,0.111246772405199,0.11977088278783,0.102638406638147,0.100926577214337,0.0972458983192113,0.0824455982966464,0.0777082593160321,0.0708159281491082,0.0597010594530398,0.0617860401429467,0.0443505493902466,0.0446026598506442
