C1_WGSerr_r0,C18_WGSerr_r0,C19_WGSerr_r0,C2_WGSerr_r0,C20_WGSerr_r0,C3_WGSerr_r0,C4_WGSerr_r0,C5_WGSerr_r0,C6_WGSerr_r0,C7_WGSerr_r0,C8_WGSerr_r0,C10_WGSerr_r0,C9_WGSerr_r0,C11_WGSerr_r0,C12_WGSerr_r0,C13_WGSerr_r0,C14_WGSerr_r0,C15_WGSerr_r0,C16_WGSerr_r0,C17_WGSerr_r0
bench_rank1,0.95,0.9,0.95,0.9,1,0.85,0.8,0.75,0.7,0.65,0.6,0.5,0.55,0.55,0.6,0.65,0.7,0.75,0.8,0.85
bench_rank2,0.05,0.1,0.05,0.1,0,0.15,0.2,0.25,0.3,0.35,0.4,0.5,0.45,0.45,0.4,0.35,0.3,0.25,0.2,0.15
bench_rank3,0,0,0,0,0,0,0,0,0,0,0,0,0,0,0,0,0,0,0,0
predict_rank1,0.829472,0.789084,0.840234,0.786736,0.887643,0.742213,0.713151,0.666516,0.625365,0.592036,0.544716,0.457927,0.498224,0.466139,0.498547,0.552549,0.594473,0.649558,0.687109,0.744229
predict_rank2,0.071799,0.095788,0.087354,0.081508,0.086827,0.123718,0.168154,0.199331,0.241808,0.29488,0.331895,0.413935,0.376049,0.411115,0.377765,0.33194,0.28198,0.241074,0.195312,0.141271
predict_rank3,0.0987290000000001,0.115128,0.0724119999999999,0.131756,0.0255300000000001,0.134069,0.118695,0.134153,0.132827,0.113084,0.123389,0.128138,0.125727,0.122746,0.123688,0.115511,0.123547,0.109368,0.117579,0.1145
