C1_WGSerr_r0,C18_WGSerr_r0,C19_WGSerr_r0,C2_WGSerr_r0,C20_WGSerr_r0,C3_WGSerr_r0,C4_WGSerr_r0,C5_WGSerr_r0,C6_WGSerr_r0,C7_WGSerr_r0,C8_WGSerr_r0,C10_WGSerr_r0,C9_WGSerr_r0,C11_WGSerr_r0,C12_WGSerr_r0,C13_WGSerr_r0,C14_WGSerr_r0,C15_WGSerr_r0,C16_WGSerr_r0,C17_WGSerr_r0
Rank1,0.120528,0.110916,0.109766,0.113264,0.112357,0.107787,0.0868490000000001,0.083484,0.074635,0.057964,0.055284,0.042073,0.051776,0.083861,0.101453,0.097451,0.105527,0.100442,0.112891,0.105771
Rank2,-0.021799,0.00421200000000001,-0.037354,0.018492,-0.086827,0.026282,0.031846,0.050669,0.058192,0.0551199999999999,0.068105,0.086065,0.073951,0.038885,0.022235,0.01806,0.01802,0.00892599999999999,0.004688,0.00872899999999999
