C1_WGSerr_r0,C18_WGSerr_r0,C19_WGSerr_r0,C2_WGSerr_r0,C20_WGSerr_r0,C3_WGSerr_r0,C4_WGSerr_r0,C5_WGSerr_r0,C6_WGSerr_r0,C7_WGSerr_r0,C8_WGSerr_r0,C10_WGSerr_r0,C9_WGSerr_r0,C11_WGSerr_r0,C12_WGSerr_r0,C13_WGSerr_r0,C14_WGSerr_r0,C15_WGSerr_r0,C16_WGSerr_r0,C17_WGSerr_r0
UnW_D,0.0747470340283696,0.123998391990496,0.187312776115555,0.0747470340283696,0.0747470340283696,0.0747470340283696,0.0461924122059235,0.0747470340283696,0.0461924122059235,0.0461924122059235,0.0997396192587729,0.0997396192587729,0.0313419242977176,0.253861963248772,0.0997396192587729,0.126803620853439,0.0984447743500998,0.123281218941462,0.0461924122059235,0.144365372093326
Weight_D,0.0170268120737201,0.0118494045541536,0.0119097329803767,0.0110404691537247,0.0146655560372188,0.0127987931243757,0.0101528655099224,0.0141235968187844,0.0147614418677849,0.00997167612183282,0.0131228664103414,0.0147020449192662,0.012746659287978,0.00939643324385517,0.0132663516469698,0.009228069823202,0.0124445426540442,0.0147233278635015,0.0122949585891338,0.0153004559364654
Bray_D,0.100848233305949,0.10292525477403,0.108923676627759,0.0903143166614605,0.103602691560968,0.116146264516555,0.0744318974355842,0.120129980925605,0.0993245580553567,0.0566130055733803,0.135674282284696,0.108615888657619,0.0671338608436075,0.0637166398916825,0.128230130148086,0.0519719061988567,0.0961263784226383,0.123526410673163,0.0795161363327751,0.128163409745646
JC_D,0.333333333333333,0.428571428571429,0.5,0.333333333333333,0.333333333333333,0.333333333333333,0.2,0.333333333333333,0.2,0.2,0.428571428571429,0.428571428571429,0.2,0.4,0.428571428571429,0.4,0.333333333333333,0.5,0.2,0.428571428571429
JSD,0.0167010566242289,0.0216652810836095,0.0476100062271173,0.0197130986614078,0.0157295837365113,0.022223405177475,0.0187837873640791,0.0240090173895687,0.0156423866320448,0.0100445379071745,0.0306747548439175,0.0204786133697261,0.00867377204085919,0.0267364459874441,0.0291354407811002,0.0225943140822613,0.0255080496694995,0.0289994202147325,0.0127141608488153,0.0277009362049922
