C1_WGSerr_r0,C18_WGSerr_r0,C19_WGSerr_r0,C2_WGSerr_r0,C20_WGSerr_r0,C3_WGSerr_r0,C4_WGSerr_r0,C5_WGSerr_r0,C6_WGSerr_r0,C7_WGSerr_r0,C8_WGSerr_r0,C10_WGSerr_r0,C9_WGSerr_r0,C11_WGSerr_r0,C12_WGSerr_r0,C13_WGSerr_r0,C14_WGSerr_r0,C15_WGSerr_r0,C16_WGSerr_r0,C17_WGSerr_r0
Rank1,-0.00733500000000004,-0.038066,-0.0306149999999999,0.00442300000000007,0.12004,-0.0328100000000001,-0.015452,-0.027978,-0.040471,-0.024887,0.148172,-0.0503750000000001,0.00169600000000003,-0.017844,0.00508399999999998,-0.018985,-0.018877,-0.045399,-0.031586,0.053798
Rank2,0.117844,0.00446599999999997,0.059727,0.028629,-0.034915,0.130358,-0.00879999999999997,0.070273,0.085705,0.00438300000000003,-0.030927,0.00875100000000001,0.080449,0.028186,0.054913,0.017083,-0.01715,0.121302,0.0146,0.063178
Rank3,-0.030366,0.088476,0.012547,0.033838,-0.00543000000000002,-0.016932,0.059793,0.010584,0.00866600000000001,0.013692,-0.017334,0.111598,-0.014207,0.00417999999999999,0.04216,-0.00273999999999999,0.018827,-0.006272,0.048488,-0.011156
Rank4,-0.013898,0.012276,0.018619,-0.001384,0.007795,0.00646999999999998,0.031139,0.025663,0.00998299999999999,0.05646,-0.000723999999999989,0.004938,-0.013205,0.025315,-0.00429299999999999,0.036521,0.095855,0.00941500000000001,0.040605,-0.021604
