C1_WGSerr_r0,C18_WGSerr_r0,C19_WGSerr_r0,C2_WGSerr_r0,C20_WGSerr_r0,C3_WGSerr_r0,C4_WGSerr_r0,C5_WGSerr_r0,C6_WGSerr_r0,C7_WGSerr_r0,C8_WGSerr_r0,C10_WGSerr_r0,C9_WGSerr_r0,C11_WGSerr_r0,C12_WGSerr_r0,C13_WGSerr_r0,C14_WGSerr_r0,C15_WGSerr_r0,C16_WGSerr_r0,C17_WGSerr_r0
sorted_JSD,0.0344259199464712,0.0759674546555485,0.081140665094366,0.0478226834575424,0.0812251728792012,0.100884258455822,0.056265588763584,0.0629428149085058,0.0414037837193982,0.0264374785168754,0.107408902823402,0.0378986586303008,0.0325796066338708,0.0414198093898658,0.0877260979158543,0.00882143646170267,0.055600737062211,0.0750991582639364,0.0377658864925111,0.0691833909783881
