C1_WGSerr_r0,C18_WGSerr_r0,C19_WGSerr_r0,C2_WGSerr_r0,C20_WGSerr_r0,C3_WGSerr_r0,C4_WGSerr_r0,C5_WGSerr_r0,C6_WGSerr_r0,C7_WGSerr_r0,C8_WGSerr_r0,C10_WGSerr_r0,C9_WGSerr_r0,C11_WGSerr_r0,C12_WGSerr_r0,C13_WGSerr_r0,C14_WGSerr_r0,C15_WGSerr_r0,C16_WGSerr_r0,C17_WGSerr_r0
Rank1,0.0308889999999999,-0.044473,-0.060323,0.172634,0.00817999999999997,0.043476,0.109033,-0.045072,-0.014161,-0.00513000000000002,0.096223,0.146622,0.01323,-0.109416,-0.11349,-0.022767,-0.000481000000000009,-0.00872699999999998,-0.080232,-0.015913
Rank2,-0.015417,0.046446,0.040859,-0.00151899999999999,-0.057081,0.015031,-0.024098,0.043975,0.005111,-0.025005,0.030725,-0.00247899999999998,-0.027684,0.078071,0.128149,0.033047,0.056655,0.034105,0.068143,-0.03739
Rank3,0.055748,0.1042,0.01914,0.006191,0.087508,-0.033921,-0.064709,0.018642,0.010533,0.090725,-0.00341900000000001,-0.030458,0.034027,0.050502,0.013854,0.038291,0.013183,0.09006,0.065848,-0.010745
Rank4,-0.020082,-0.030744,0.029022,-0.029504,0.010531,0.00236999999999998,0.00744500000000001,0.022992,0.069434,-0.00885199999999998,0.00362299999999999,-0.00714099999999999,-0.022291,0.067893,0.051258,-0.032708,0.01576,0.00362900000000001,-0.00832899999999999,0.106012
Rank5,-0.00652099999999999,0.012541,0.042982,-0.01921,-0.00593799999999999,0.004993,0.020375,0.009879,-0.014892,0.042175,0.000828000000000009,0.029759,0.04022,0.03621,0.010585,0.021245,0.029597,-0.017805,0.015083,0.00734600000000001
Rank6,0.020696,0.016636,-0.000564999999999996,0.01506,0.023716,0.049216,0.053891,0.054648,0.017352,0.00252500000000001,0.012099,-0.00727899999999999,0.072367,-0.005516,0.010741,0.024719,-0.002341,0.022894,0.053058,0.018602
