C1_WGSerr_r0,C2_WGSerr_r0,C3_WGSerr_r0,C4_WGSerr_r0,C5_WGSerr_r0,C6_WGSerr_r0,C7_WGSerr_r0,C8_WGSerr_r0,C9_WGSerr_r0,C10_WGSerr_r0,C11_WGSerr_r0,C12_WGSerr_r0,C13_WGSerr_r0,C14_WGSerr_r0,C15_WGSerr_r0,C16_WGSerr_r0,C17_WGSerr_r0,C18_WGSerr_r0,C19_WGSerr_r0,C20_WGSerr_r0
UnW_D,0.103876782012997,0.192300481278132,0.151190971407455,0.151036304882604,0.242285908430263,0.220893070558848,0.177087802380092,0.190214932228863,0.236739395166428,0.226939013284841,0.177087802380092,0.13285357008334,0.13285357008334,0.151036304882604,0.151190971407455,0.151190971407455,0.151036304882604,0.155963194818284,0.103876782012997,0.103876782012997
Weight_D,0.022280843853503,0.0260765961875917,0.0261175702169566,0.0329252701501842,0.0258428607948643,0.0246226240978667,0.0225378602309036,0.0331032816992428,0.0203283980092706,0.0282160978219788,0.0349152358172054,0.0380802931266454,0.01593409111773,0.0300542047759744,0.0258236642091976,0.0305645856753996,0.026758203983582,0.0238478173692646,0.022180609407592,0.0270567727441495
Bray_D,0.138944315676293,0.181818320378766,0.157411113377074,0.182595096831163,0.172781692238067,0.167233904488426,0.151784098099773,0.220545861518865,0.161570362635061,0.172165010040853,0.207609928678863,0.192142704693137,0.116137740655415,0.173293454675236,0.173073620482389,0.178095823304632,0.17392519330045,0.165573855607059,0.143031462591563,0.163102756261276
JC_D,0.142857142857143,0.454545454545455,0.333333333333333,0.25,0.4,0.444444444444444,0.333333333333333,0.4,0.5,0.454545454545455,0.333333333333333,0.25,0.25,0.25,0.333333333333333,0.333333333333333,0.25,0.333333333333333,0.142857142857143,0.142857142857143
JSD,0.0265197250174176,0.0524166401273087,0.0311381653178038,0.0309523522515745,0.0428038157083761,0.052414186523537,0.033696259524107,0.0510804574845403,0.0670495004692014,0.0427818415335549,0.0419796309740951,0.0348342096624899,0.0249990092543837,0.0311240205643383,0.0356625764753319,0.0366740387553656,0.0370765041754958,0.0330026337093016,0.0221458905162385,0.0277803676613803
