C1_WGSerr_r0,C18_WGSerr_r0,C19_WGSerr_r0,C2_WGSerr_r0,C20_WGSerr_r0,C3_WGSerr_r0,C4_WGSerr_r0,C5_WGSerr_r0,C6_WGSerr_r0,C7_WGSerr_r0,C8_WGSerr_r0,C10_WGSerr_r0,C9_WGSerr_r0,C11_WGSerr_r0,C12_WGSerr_r0,C13_WGSerr_r0,C14_WGSerr_r0,C15_WGSerr_r0,C16_WGSerr_r0,C17_WGSerr_r0
sorted_JSD,0.0317752467484375,0.0332377302166709,0.0165795939695955,0.0982680977751776,0.018186151035366,0.0547490924604441,0.0681356605885334,0.0677713569990762,0.0469041654536114,0.051077107214326,0.0796167705765691,0.0881369647097068,0.0483617735417697,0.0549411988019086,0.0718540409512821,0.033596604405019,0.0454838758298701,0.046262572699731,0.0840734327437813,0.0410515011271244
