C10_WGSerr_r0,C11_WGSerr_r0,C12_WGSerr_r0,C13_WGSerr_r0,C14_WGSerr_r0,C15_WGSerr_r0,C16_WGSerr_r0,C17_WGSerr_r0,C18_WGSerr_r0,C19_WGSerr_r0,C1_WGSerr_r0,C20_WGSerr_r0,C2_WGSerr_r0,C3_WGSerr_r0,C4_WGSerr_r0,C5_WGSerr_r0,C6_WGSerr_r0,C7_WGSerr_r0,C8_WGSerr_r0,C9_WGSerr_r0
Rank1,-0.058587166815121,-0.0236196805169659,-0.00614808002534201,-0.179029161028218,-0.09687322380589,-0.142172670451554,-0.063590108580823,-0.038180769817328,-0.088355193844984,-0.110003823419366,-0.108272896358592,-0.150798664381629,-0.15742467295545,-0.081768643976593,-0.177988924095276,-0.05826846721292,-0.147811835992826,-0.175939297691865,-0.113117242250228,-0.198896835965009
Rank2,-0.018111154267073,-0.085255910431031,-0.037716673547019,0.064981260912657,-0.039904968231141,0.030194769971131,-0.034904237188506,-0.042070738548963,-0.040233370037798,0.0100038234193656,-0.034794610914207,0.011560102398474,0.031344244297123,-0.00260552844157702,-0.00537410864759802,0.038208256806513,0.043190936577139,0.021073979164862,-0.082167153823507,0.042146369944141
Rank3,0.026698321082194,0.0588755909479961,-0.056135246427639,0.0640479001155613,0.039628023916628,0.011977900480423,0.049401143297661,-0.00486164010272899,0.051979696029465,0.05,0.063076573507185,0.089238561983155,0.022352030770173,0.040549810662278,0.0833630327428733,-0.002713949212756,0.030223832092416,0.0762684774291362,0.1,0.041411295359456
Rank4,0.05,0.05,0.1,0.05,0.0971501681204035,0.1,0.049093202471668,0.0851131484690193,0.0766088678533178,0.05,0.0799909337656142,0.05,0.103728397888154,0.043824361755892,0.1,0.022774159619163,0.074397067323271,0.0785968410978675,0.1,0.115339170661412
