C10_WGSerr_r0,C11_WGSerr_r0,C12_WGSerr_r0,C13_WGSerr_r0,C14_WGSerr_r0,C15_WGSerr_r0,C16_WGSerr_r0,C17_WGSerr_r0,C18_WGSerr_r0,C19_WGSerr_r0,C1_WGSerr_r0,C20_WGSerr_r0,C2_WGSerr_r0,C3_WGSerr_r0,C4_WGSerr_r0,C5_WGSerr_r0,C6_WGSerr_r0,C7_WGSerr_r0,C8_WGSerr_r0,C9_WGSerr_r0
UnW_D,0.0769907701942391,0.195668027172504,0.173393870429713,0.195668027172504,0,0.454436141389092,0,0,0,0.693971600425717,0,0.0769907701942391,0,0,0.454436141389092,0,0,0,0.693971600425717,0
Weight_D,0.0133422876863826,0.0240192497526822,0.0205070098524328,0.0329370176966148,0.0237928899535077,0.0308409258746723,0.0190602356787194,0.0216935623640354,0.0258036066288961,0.0196815244659936,0.0295034732820769,0.0326740703183126,0.0390528325184755,0.0160236708025266,0.038318761081621,0.0120402009057929,0.0294721125406731,0.0350088957919647,0.0425451937179949,0.0494743473883429
Bray_D,0.076698321082194,0.108875590947996,0.112283326452981,0.179029161028218,0.136778192037031,0.142172670451554,0.098494345769329,0.0930424099200566,0.128588563882782,0.110003823419366,0.143067507272799,0.150798664381629,0.15742467295545,0.08437417241817,0.183363032742874,0.060982416425676,0.147811835992826,0.175939297691865,0.198109300534583,0.198896835965009
JC_D,0.25,0.25,0.25,0.25,0,0.25,0,0,0,0.5,0,0.25,0,0,0.25,0,0,0,0.5,0
JSD,0.018904637616088,0.0237541210976623,0.0373338219148407,0.0307280480978172,0.017126719280999,0.0405062967743043,0.00596842443146423,0.011533337139206,0.0116898631698272,0.0365594492599592,0.0215687953247777,0.031382958344256,0.0217832137279139,0.00561890333249849,0.0496510981300879,0.00228980558438681,0.0133508021316857,0.0268139360678166,0.0755188095866911,0.0311010262891783
