C10_WGSerr_r0,C11_WGSerr_r0,C12_WGSerr_r0,C13_WGSerr_r0,C14_WGSerr_r0,C15_WGSerr_r0,C16_WGSerr_r0,C17_WGSerr_r0,C18_WGSerr_r0,C19_WGSerr_r0,C1_WGSerr_r0,C20_WGSerr_r0,C2_WGSerr_r0,C3_WGSerr_r0,C4_WGSerr_r0,C5_WGSerr_r0,C6_WGSerr_r0,C7_WGSerr_r0,C8_WGSerr_r0,C9_WGSerr_r0
bench_GCA_002056065,0.5,0.45,0.4,0.35,0.3,0.25,0.2,0.15,0.1,0.05,0.95,0,0.9,0.85,0.8,0.75,0.7,0.65,0.6,0.55
bench_GCA_001675145,0.5,0.55,0.6,0.65,0.7,0.75,0.8,0.85,0.9,0.95,0.05,1,0.1,0.15,0.2,0.25,0.3,0.35,0.4,0.45
predict_GCA_002056065,0.4968091739348,0.447292535025135,0.391548019965006,0.342490945127923,0.285982779787571,0.23366852057922,0.183494173269105,0.129705114879465,0.0803854654286684,0.026935008328321,1,0,0.949129139050487,0.890009894905363,0.834324823729473,0.776867539796489,0.722162296018852,0.665927059605445,0.609532731674646,0.55461266141917
predict_GCA_001675145,0.5031908260652,0.552707464974865,0.608451980034994,0.657509054872077,0.714017220212429,0.76633147942078,0.816505826730895,0.870294885120535,0.919614534571332,0.973064991671679,0,1,0.0508708609495134,0.109990105094637,0.165675176270527,0.223132460203511,0.277837703981148,0.334072940394555,0.390467268325354,0.44538733858083
