C10_WGSerr_r0,C11_WGSerr_r0,C12_WGSerr_r0,C13_WGSerr_r0,C14_WGSerr_r0,C15_WGSerr_r0,C16_WGSerr_r0,C17_WGSerr_r0,C18_WGSerr_r0,C19_WGSerr_r0,C1_WGSerr_r0,C20_WGSerr_r0,C2_WGSerr_r0,C3_WGSerr_r0,C4_WGSerr_r0,C5_WGSerr_r0,C6_WGSerr_r0,C7_WGSerr_r0,C8_WGSerr_r0,C9_WGSerr_r0
sorted_JSD,5.09074595884322e-06,3.70426363648796e-06,3.73410609266827e-05,3.11378159207319e-05,0.00011857294787927,0.000181862731294425,0.000219795306600506,0.00042832127390089,0.000587120815051801,0.00182474746463046,0.0176492274645948,0,0.00439979661394695,0.00177543300721911,0.000986918515180128,0.000499833531578525,0.000298899576283818,0.000140908254236564,4.75238228846019e-05,1.07560749435349e-05
