C10_WGSerr_r0,C11_WGSerr_r0,C12_WGSerr_r0,C13_WGSerr_r0,C14_WGSerr_r0,C15_WGSerr_r0,C16_WGSerr_r0,C17_WGSerr_r0,C18_WGSerr_r0,C19_WGSerr_r0,C1_WGSerr_r0,C20_WGSerr_r0,C2_WGSerr_r0,C3_WGSerr_r0,C4_WGSerr_r0,C5_WGSerr_r0,C6_WGSerr_r0,C7_WGSerr_r0,C8_WGSerr_r0,C9_WGSerr_r0
GCA_002056065,0.00319082606519999,0.00270746497486501,0.00845198003499403,0.00750905487207698,0.014017220212429,0.01633147942078,0.016505826730895,0.020294885120535,0.0196145345713316,0.023064991671679,-0.05,0,-0.049129139050487,-0.040009894905363,-0.034324823729473,-0.026867539796489,-0.022162296018852,-0.0159270596054449,-0.00953273167464597,-0.00461266141916994
GCA_001675145,-0.00319082606520005,-0.00270746497486496,-0.00845198003499403,-0.00750905487207698,-0.014017220212429,-0.0163314794207799,-0.016505826730895,-0.020294885120535,-0.019614534571332,-0.0230649916716791,0.05,0,0.0491291390504866,0.040009894905363,0.034324823729473,0.026867539796489,0.022162296018852,0.015927059605445,0.00953273167464602,0.00461266141916999
