C1_WGSerr_r0,C10_WGSerr_r0,C11_WGSerr_r0,C12_WGSerr_r0,C13_WGSerr_r0,C14_WGSerr_r0,C15_WGSerr_r0,C16_WGSerr_r0,C17_WGSerr_r0,C18_WGSerr_r0,C19_WGSerr_r0,C2_WGSerr_r0,C20_WGSerr_r0,C3_WGSerr_r0,C4_WGSerr_r0,C5_WGSerr_r0,C6_WGSerr_r0,C7_WGSerr_r0,C8_WGSerr_r0,C9_WGSerr_r0
sorted_JSD,0.143561926722645,0.192221804362493,0.141484548119874,0.152706233021741,0.195242815061958,0.191729761260475,0.189896105142315,0.220334227346361,0.117642640520998,0.166595782437381,0.126007702084882,0.219023411496035,0.146173538188386,0.217421088246916,0.12203655231984,0.11810482744582,0.120115866353739,0.121533600677374,0.164791168702753,0.164118050916401
