C10_WGSerr_r0,C11_WGSerr_r0,C12_WGSerr_r0,C13_WGSerr_r0,C14_WGSerr_r0,C15_WGSerr_r0,C16_WGSerr_r0,C17_WGSerr_r0,C18_WGSerr_r0,C19_WGSerr_r0,C1_WGSerr_r0,C20_WGSerr_r0,C2_WGSerr_r0,C3_WGSerr_r0,C4_WGSerr_r0,C5_WGSerr_r0,C6_WGSerr_r0,C7_WGSerr_r0,C8_WGSerr_r0,C9_WGSerr_r0
Rank1,-0.014613870827326,0.015268702094553,0.011726788753728,0.00950240596132101,0.007310445359064,0.00457342391635296,-0.00253548859149699,-0.00698630296271208,-0.017015250761007,-0.028284347867459,-0.05,0,-0.049349943374727,-0.039032899526545,-0.036619267426567,-0.029501290225432,-0.023003999804318,-0.024500149781204,-0.025171893554033,-0.017684165550154
Rank2,0.014613870827326,-0.015268702094553,-0.011726788753728,-0.00950240596132101,-0.007310445359064,-0.00457342391635301,0.00253548859149702,0.00698630296271199,0.0170152507610067,0.0282843478674594,0.05,0,0.0493499433747266,0.039032899526545,0.036619267426567,0.029501290225432,0.023003999804318,0.024500149781204,0.025171893554033,0.017684165550154
