C10_WGSerr_r0,C11_WGSerr_r0,C12_WGSerr_r0,C13_WGSerr_r0,C14_WGSerr_r0,C15_WGSerr_r0,C16_WGSerr_r0,C17_WGSerr_r0,C18_WGSerr_r0,C19_WGSerr_r0,C1_WGSerr_r0,C20_WGSerr_r0,C2_WGSerr_r0,C3_WGSerr_r0,C4_WGSerr_r0,C5_WGSerr_r0,C6_WGSerr_r0,C7_WGSerr_r0,C8_WGSerr_r0,C9_WGSerr_r0
sorted_JSD,0.000106809226242669,0.000117414289572286,7.12875780515768e-05,4.93100977833542e-05,3.15937018453658e-05,1.386015451494e-05,5.04649338721875e-06,4.87957704878685e-05,0.00043595737391468,0.00296974274593253,0.0176492274645948,0,0.00444635393813247,0.00168407428726254,0.00112898944171049,0.000605017575056886,0.000322318439838832,0.000335507062066363,0.000333778253907686,0.00015856970665924
