C1_WGSerr_r0,C2_WGSerr_r0,C3_WGSerr_r0,C4_WGSerr_r0,C5_WGSerr_r0,C6_WGSerr_r0,C7_WGSerr_r0,C8_WGSerr_r0,C9_WGSerr_r0,C10_WGSerr_r0,C11_WGSerr_r0,C12_WGSerr_r0,C13_WGSerr_r0,C14_WGSerr_r0,C15_WGSerr_r0,C16_WGSerr_r0,C17_WGSerr_r0,C18_WGSerr_r0,C19_WGSerr_r0,C20_WGSerr_r0,C1_WGSerr_r1,C2_WGSerr_r1,C3_WGSerr_r1,C4_WGSerr_r1,C5_WGSerr_r1,C6_WGSerr_r1,C7_WGSerr_r1,C8_WGSerr_r1,C9_WGSerr_r1,C10_WGSerr_r1,C11_WGSerr_r1,C12_WGSerr_r1,C13_WGSerr_r1,C14_WGSerr_r1,C15_WGSerr_r1,C16_WGSerr_r1,C17_WGSerr_r1,C18_WGSerr_r1,C19_WGSerr_r1,C20_WGSerr_r1,C1_WGSerr_r2,C2_WGSerr_r2,C3_WGSerr_r2,C4_WGSerr_r2,C5_WGSerr_r2,C6_WGSerr_r2,C7_WGSerr_r2,C8_WGSerr_r2,C9_WGSerr_r2,C10_WGSerr_r2,C11_WGSerr_r2,C12_WGSerr_r2,C13_WGSerr_r2,C14_WGSerr_r2,C15_WGSerr_r2,C16_WGSerr_r2,C17_WGSerr_r2,C18_WGSerr_r2,C19_WGSerr_r2,C20_WGSerr_r2
UnW_D,0.825085262750226,0,0,0,0,0,0,0,0,0,0,0,0,0,0,0,0,0,0,0,1,1,1,1,1,1,1,1,1,1,1,1,1,1,1,1,1,1,1,1,1,1,1,1,1,1,1,1,1,1,1,1,1,1,1,1,1,1,1,1
Weight_D,0.0119934180927571,0.0118374900749397,0.00936275766788872,0.00878380368994601,0.0070764261589875,0.00551793174917779,0.00587681079322303,0.00603794087159793,0.00424187182129059,0.00350540525571336,0.00366247855907461,0.00281288560817805,0.00227932655162462,0.00175354455271022,0.00109701970288469,0.000608183494944785,0.00167579304708946,0.00408142032659715,0.00678452018910852,0,1,1,1,1,1,1,1,1,1,1,1,1,1,1,1,1,1,1,1,1,1,1,1,1,1,1,1,1,1,1,1,1,1,1,1,1,1,1,1,1
Bray_D,0.05,0.0493499433747268,0.039032899526545,0.036619267426567,0.029501290225432,0.023003999804318,0.024500149781204,0.025171893554033,0.017684165550154,0.014613870827326,0.015268702094553,0.011726788753728,0.00950240596132101,0.007310445359064,0.00457342391635299,0.00253548859149701,0.00698630296271203,0.0170152507610068,0.0282843478674592,0,1,1,1,1,1,1,1,1,1,1,1,1,1,1,1,1,1,1,1,1,1,1,1,1,1,1,1,1,1,1,1,1,1,1,1,1,1,1,1,1
JC_D,0.5,0,0,0,0,0,0,0,0,0,0,0,0,0,0,0,0,0,0,0,1,1,1,1,1,1,1,1,1,1,1,1,1,1,1,1,1,1,1,1,1,1,1,1,1,1,1,1,1,1,1,1,1,1,1,1,1,1,1,1
JSD,0.0176492274645948,0.00444635393813247,0.00168407428726254,0.00112898944171049,0.000605017575056886,0.000322318439838832,0.000335507062066363,0.000333778253907686,0.00015856970665924,0.000106809226242669,0.000117414289572286,7.12875780515768e-05,4.93100977833542e-05,3.15937018453658e-05,1.386015451494e-05,5.04649338721875e-06,4.87957704878685e-05,0.00043595737391468,0.00296974274593253,0,1,1,1,1,1,1,1,1,1,1,1,1,1,1,1,1,1,1,1,1,1,1,1,1,1,1,1,1,1,1,1,1,1,1,1,1,1,1,1,1
