C1_WGSerr_r0,C18_WGSerr_r0,C19_WGSerr_r0,C2_WGSerr_r0,C20_WGSerr_r0,C3_WGSerr_r0,C4_WGSerr_r0,C5_WGSerr_r0,C6_WGSerr_r0,C7_WGSerr_r0,C8_WGSerr_r0,C10_WGSerr_r0,C9_WGSerr_r0,C11_WGSerr_r0,C12_WGSerr_r0,C13_WGSerr_r0,C14_WGSerr_r0,C15_WGSerr_r0,C16_WGSerr_r0,C17_WGSerr_r0
Rank1,-0.010924,0.030525,0.176527,-0.035854,-0.060183,0.048455,-0.068351,-0.00439000000000001,-0.056801,0.093923,-0.018097,0.018501,-0.016647,0.016991,-0.00657399999999997,0.040943,-0.017882,0.03349,-0.00898199999999999,-0.062665
Rank2,0.059549,-0.00292800000000001,-0.017969,0.011541,-0.01324,0.015976,0.121882,-0.024005,0.018867,-0.053129,-0.01454,0.053148,0.042331,0.04619,-0.023622,-0.047766,-0.043957,0.015002,-0.018655,0.029511
Rank3,-0.026319,-0.00115100000000001,-0.05666,0.018017,0.00492999999999999,0.01781,-0.040549,0.028295,0.024073,-0.02911,-0.023205,0.024536,0.011142,-0.030361,-0.014506,-0.019061,0.020732,0.015933,0.00121099999999999,0.023223
Rank4,-0.014569,0.025975,0.012592,0.021801,0.029647,-0.021848,0.026933,-0.011742,-0.019549,-0.015459,0.067856,0.025155,0.066353,-0.010524,0.029335,0.051547,-0.011738,-0.021332,0.004331,-0.00291
Rank5,-0.009257,0.020271,-0.00892,-0.002345,-0.012312,-0.00824799999999999,-0.005473,0.017765,0.032375,0.015576,0.021833,-0.00896799999999999,0.016566,-0.00513399999999999,-0.00857899999999999,0.00310000000000001,0.000851000000000005,-0.018701,0.046702,0.02344
Rank6,0.005721,-0.027912,0.000760000000000004,0.03822,-0.005396,0.004512,-0.005003,0.033666,0.042915,0.047033,-0.021439,-0.007253,-0.01775,-0.00501699999999999,0.023963,0.022388,0.00230200000000001,-0.005813,0.02932,0.024325
Rank7,0.03904,-0.000835999999999996,0.001207,0.050719,0.058973,0.012418,-0.000822999999999997,-0.007475,0.0025,-0.002317,0.00980200000000001,-0.023517,-0.004658,0.037531,0.0269,0.008787,0.040138,-0.000985999999999987,0.012818,-0.003235
Rank8,0.018494,0.032075,0.019274,0.00148500000000001,0.014655,0.013865,0.033187,0.032005,0.00642300000000001,0.013033,0.03283,0.009759,0.000942000000000005,0.003706,0.025135,0.025206,0.05,0.03346,0.027375,0.032383
