C1_WGSerr_r0,C18_WGSerr_r0,C19_WGSerr_r0,C2_WGSerr_r0,C20_WGSerr_r0,C3_WGSerr_r0,C4_WGSerr_r0,C5_WGSerr_r0,C6_WGSerr_r0,C7_WGSerr_r0,C8_WGSerr_r0,C10_WGSerr_r0,C9_WGSerr_r0,C11_WGSerr_r0,C12_WGSerr_r0,C13_WGSerr_r0,C14_WGSerr_r0,C15_WGSerr_r0,C16_WGSerr_r0,C17_WGSerr_r0
UnW_D,0.0210544029700165,0.0350489005129967,0.138960811047092,0.108755505905297,0,0.0509619818312895,0.146725335769748,0.0167213804262028,0.0492982651378669,0.0749909444512587,0.102945893276926,0,0.107956900080325,0.0456809487647913,0,0.12674282007964,0.123659998180383,0.0195539931972103,0.140630796499564,0.0634700175443099
Weight_D,0.0243431204802582,0.0173213331682565,0.0251654974134978,0.0183943239428919,0.0188656422111566,0.025267109146655,0.0270747926829992,0.0201451306721087,0.0168031878308884,0.0271520499374045,0.0194342357159842,0.0275970509351991,0.0225716301323861,0.020975551349324,0.0191590805743739,0.0189392973703091,0.0161154148332511,0.0253691431816037,0.0191214424685234,0.0235654413533385
Bray_D,0.151332282411143,0.136294144547295,0.234114560265859,0.143908447635408,0.100526192101975,0.174021824553267,0.185068325040953,0.151894082480661,0.123023858603588,0.171909985555515,0.167133912217104,0.164008489819185,0.165130968622808,0.134728614850195,0.102643397051667,0.134732712464065,0.0957360705548304,0.167662828379352,0.138548572799845,0.136376576115498
JC_D,0.111111111111111,0.111111111111111,0.333333333333333,0.272727272727273,0,0.2,0.363636363636364,0.111111111111111,0.111111111111111,0.111111111111111,0.3,0,0.2,0.111111111111111,0,0.272727272727273,0.125,0.111111111111111,0.333333333333333,0.111111111111111
JSD,0.0183905442832518,0.0226248055983662,0.0589862724580974,0.0311681541096156,0.0115020333738137,0.027046785346859,0.0460465152395598,0.0269963548798132,0.0143241937806298,0.0203394623314681,0.0392013151764996,0.0161481911436572,0.0258021193218276,0.0178251772783278,0.0108955813353122,0.0270062910377709,0.022401446015499,0.025988278085894,0.0320951940625946,0.0178421247971591
