C1_WGSerr_r0,C18_WGSerr_r0,C19_WGSerr_r0,C2_WGSerr_r0,C20_WGSerr_r0,C3_WGSerr_r0,C4_WGSerr_r0,C5_WGSerr_r0,C6_WGSerr_r0,C7_WGSerr_r0,C8_WGSerr_r0,C10_WGSerr_r0,C9_WGSerr_r0,C11_WGSerr_r0,C12_WGSerr_r0,C13_WGSerr_r0,C14_WGSerr_r0,C15_WGSerr_r0,C16_WGSerr_r0,C17_WGSerr_r0
sorted_JSD,0.0975442224973718,0.0446454288653884,0.0886659609887735,0.0807172606085538,0.0734571085608645,0.0700458770717272,0.0570270383798729,0.0549167130980991,0.0637027418175493,0.0822255550566467,0.0583726619085617,0.031489749560472,0.078905123223011,0.0505911993210133,0.0662024239162808,0.0688065704462403,0.0353522594333947,0.0512273073710747,0.0831077403220613,0.0384312996019452
