C10_WGSerr_r0,C11_WGSerr_r0,C12_WGSerr_r0,C13_WGSerr_r0,C14_WGSerr_r0,C15_WGSerr_r0,C16_WGSerr_r0,C17_WGSerr_r0,C18_WGSerr_r0,C19_WGSerr_r0,C1_WGSerr_r0,C20_WGSerr_r0,C2_WGSerr_r0,C3_WGSerr_r0,C4_WGSerr_r0,C5_WGSerr_r0,C6_WGSerr_r0,C7_WGSerr_r0,C8_WGSerr_r0,C9_WGSerr_r0
UnW_D,0.0769907701942391,0.195668027172504,0.173393870429713,0.306028399574283,0,0.454436141389092,0,0.0769907701942391,0,0.889639627598221,0,0.0769907701942391,0.0769907701942391,0,0.454436141389092,0,0,0,0.173393870429713,0.479422270003996
Weight_D,0.075293257927359,0.0570572091428801,0.0506113891386346,0.0304985208555511,0.0193837536557745,0.0327200254652443,0.0666389865786721,0.0614594727512418,0.0631526070169026,0.0290104105069512,0.120466393381171,0.0220169667642653,0.110744979547471,0.00876718848062574,0.0410453934206403,0.0315562693334035,0.0302824970102655,0.0381782117580704,0.0338079424914703,0.143029955795481
Bray_D,0.278068636588584,0.228687472726897,0.202879018096687,0.206863005080525,0.111069259813694,0.164644365823671,0.266619012621991,0.281925043650256,0.267613107139161,0.2,0.447143472061934,0.121603373191394,0.439493603415064,0.0557077966181234,0.208470560346134,0.142189593492395,0.17883060706112,0.224906897755362,0.161811439442836,0.55
JC_D,0.25,0.25,0.25,0.5,0,0.25,0,0.25,0,0.75,0,0.25,0.25,0,0.25,0,0,0,0.25,0.75
JSD,0.0752396579219453,0.0404916660957468,0.051813228295689,0.0769765178644077,0.0113424158395398,0.0453840846157605,0.0604233209541019,0.0949228670333272,0.0509569734661505,0.0748817616223544,0.141171026750505,0.0249555023135004,0.139946313986512,0.00217395929565536,0.0488353654751184,0.0112992566803663,0.0176011949815394,0.0300691923743599,0.0455540702736771,0.244099370497397
