C10_WGSerr_r0,C11_WGSerr_r0,C12_WGSerr_r0,C13_WGSerr_r0,C14_WGSerr_r0,C15_WGSerr_r0,C16_WGSerr_r0,C17_WGSerr_r0,C18_WGSerr_r0,C19_WGSerr_r0,C1_WGSerr_r0,C20_WGSerr_r0,C2_WGSerr_r0,C3_WGSerr_r0,C4_WGSerr_r0,C5_WGSerr_r0,C6_WGSerr_r0,C7_WGSerr_r0,C8_WGSerr_r0,C9_WGSerr_r0
Rank1,-0.212188729629204,-0.028687472726897,-0.102879018096687,-0.206863005080525,-0.111069259813693,-0.164644365823671,-0.175879747802694,-0.187371518482872,-0.260582726103026,-0.2,-0.440076887575399,-0.054240476416442,-0.439493603415064,-0.037681157037393,-0.207047870056744,-0.054506946677318,-0.17883060706112,-0.224906897755362,-0.125870758627392,-0.55
Rank2,-0.06587990695938,-0.066674137909552,-0.00422501998555902,0.00686300508052501,0.022060367333885,0.00558971751811499,-0.090739264819297,-0.094553525167384,0.042969618963865,0.1,0.242933415513466,-0.017362896774952,0.121109227291676,0.018661486277173,0.049016461867991,0.012317353184923,0.090987194255947,0.104078947363164,-0.035940680815444,0.25
Rank3,0.228068636588584,0.045361610636449,0.00710403808224599,0.15,0.00979601396007798,0.0590546483055559,0.155997194035912,0.131925043650255,0.148467065627973,0.05,0.122725795364116,0.021603373191394,0.168384376123389,-0.018026639580731,0.0603859385117464,-0.027450263199901,0.022607570135173,0.0643913393768778,0.0618114394428356,0.15
Rank4,0.05,0.05,0.1,0.05,0.0792128785197312,0.1,0.110621818586079,0.15,0.0691460415111879,0.05,0.0744176766978177,0.05,0.15,0.03704631034095,0.1,0.069639856692296,0.0652358426699997,0.0564366110153202,0.1,0.15
