C10_WGSerr_r0,C11_WGSerr_r0,C12_WGSerr_r0,C13_WGSerr_r0,C14_WGSerr_r0,C15_WGSerr_r0,C16_WGSerr_r0,C17_WGSerr_r0,C18_WGSerr_r0,C19_WGSerr_r0,C1_WGSerr_r0,C20_WGSerr_r0,C2_WGSerr_r0,C3_WGSerr_r0,C4_WGSerr_r0,C5_WGSerr_r0,C6_WGSerr_r0,C7_WGSerr_r0,C8_WGSerr_r0,C9_WGSerr_r0
GCA_003586065,-0.01587990695938,0.045361610636449,0.1,-0.206863005080525,-0.111069259813693,-0.164644365823671,-0.040739264819297,0.0819250436502554,0.0691460415111879,0.05,0.122725795364116,0.071603373191394,0.118384376123389,0.03704631034095,-0.207047870056744,-0.054506946677318,-0.17883060706112,-0.224906897755362,0.1,0.15
GCA_001675145,-0.262188729629204,-0.228687472726897,-0.202879018096687,0.00686300508052501,0.00979601396007798,0.1,-0.225879747802694,-0.237371518482872,-0.260582726103026,0.05,-0.440076887575399,-0.067362896774952,-0.439493603415064,-0.018026639580731,0.1,-0.087682646815077,0.022607570135173,0.0540789473631637,0.0618114394428356,-0.55
GCA_008275005,0.228068636588584,0.05,0.045774980014441,0.05,0.0792128785197312,0.00558971751811499,0.155997194035912,-0.044553525167384,-0.00703038103613501,0.1,0.324417676697818,-0.054240476416442,0.121109227291676,0.018661486277173,0.0603859385117464,0.072549736800099,0.090987194255947,0.0564366110153202,-0.125870758627392,0.25
GCA_002056065,0.05,0.133325862090448,0.057104038082246,0.15,0.022060367333885,0.0590546483055559,0.110621818586079,0.2,0.198467065627973,-0.2,-0.00706658448653399,0.05,0.2,-0.037681157037393,0.049016461867991,0.069639856692296,0.0652358426699997,0.114391339376878,-0.035940680815444,0.15
