C10_WGSerr_r0,C11_WGSerr_r0,C12_WGSerr_r0,C13_WGSerr_r0,C14_WGSerr_r0,C15_WGSerr_r0,C16_WGSerr_r0,C17_WGSerr_r0,C18_WGSerr_r0,C19_WGSerr_r0,C1_WGSerr_r0,C20_WGSerr_r0,C2_WGSerr_r0,C3_WGSerr_r0,C4_WGSerr_r0,C5_WGSerr_r0,C6_WGSerr_r0,C7_WGSerr_r0,C8_WGSerr_r0,C9_WGSerr_r0
GCA_003018655,0,0.086316641162131,0.671980158526115,0.212835572301195,0.507534867504495,0.0483490241989352,0.344974932394754,0,0.189991917211342,0.147921602115191,0.721950221417636,0.172548372845864,0.609304947075568,0.222560384686497,0.062505996589734,0.869218075295054,0.733484947005335,0.472446068722838,0.250738779676875,0.633923003603265
GCA_002903105,0.191466856567772,0.0350586112155962,0,0,0.0404171249931846,0.301575481776733,0,0.171051796851629,0,0.852078397884809,0.0213036128254476,0,0.0488987751928012,0.224495896037864,0,0.0629003594051843,0,0.0814078633666942,0.0160170922824358,0.289375263904196
GCA_900622695,0.0503063901763688,0.358528112061646,0.17581714967295,0.512110827014366,0.45204800750232,0.424673520370952,0.469464182866275,0.817604880341442,0.0389924740388098,0,0,0.550784664843646,0.22459946013748,0.217484505482475,0,0,0.171211240232611,0.299002983065737,0,0
GCA_003586065,0.536272941182359,0.215521541675295,0.152202691800936,0.0773094085982431,0,0.0992120349854804,0.0958666846997167,0,0,0,0.256746165756916,0.27666696231049,0,0.182783287984935,0.937494003410266,0.0440348819457781,0,0.147143084844731,0.252313530453978,0
GCA_001675145,0.2219538120735,0.304575093885332,0,0.197744192086196,0,0.126189938667899,0.0896942000392547,0.011343322806929,0.771015608749848,0,0,0,0.117196817594151,0.152675925808229,0,0.0238466833539838,0.0953038127620543,0,0.480930597586712,0.0767017324925391
