C10_WGSerr_r0,C11_WGSerr_r0,C12_WGSerr_r0,C13_WGSerr_r0,C14_WGSerr_r0,C15_WGSerr_r0,C16_WGSerr_r0,C17_WGSerr_r0,C18_WGSerr_r0,C19_WGSerr_r0,C1_WGSerr_r0,C20_WGSerr_r0,C2_WGSerr_r0,C3_WGSerr_r0,C4_WGSerr_r0,C5_WGSerr_r0,C6_WGSerr_r0,C7_WGSerr_r0,C8_WGSerr_r0,C9_WGSerr_r0
sorted_JSD,0.158351652103898,0.116180677762036,0.241225000401345,0.137268513360655,0.234725472192339,0.116154708870985,0.175769511956051,0.254060479283411,0.210805939014699,0.170186398662194,0.231368005646104,0.225837811794005,0.193736678941456,0.119911029960438,0.267123603159011,0.241295057404194,0.188946380464866,0.126761531662442,0.144315684562265,0.191874976938996
