C1_WGSerr_r0,C2_WGSerr_r0,C3_WGSerr_r0,C4_WGSerr_r0,C5_WGSerr_r0,C6_WGSerr_r0,C7_WGSerr_r0,C8_WGSerr_r0,C9_WGSerr_r0,C10_WGSerr_r0,C11_WGSerr_r0,C12_WGSerr_r0,C13_WGSerr_r0,C14_WGSerr_r0,C15_WGSerr_r0,C16_WGSerr_r0,C17_WGSerr_r0,C18_WGSerr_r0,C19_WGSerr_r0,C20_WGSerr_r0,C1_WGSerr_r1,C2_WGSerr_r1,C3_WGSerr_r1,C4_WGSerr_r1,C5_WGSerr_r1,C6_WGSerr_r1,C7_WGSerr_r1,C8_WGSerr_r1,C9_WGSerr_r1,C10_WGSerr_r1,C11_WGSerr_r1,C12_WGSerr_r1,C13_WGSerr_r1,C14_WGSerr_r1,C15_WGSerr_r1,C16_WGSerr_r1,C17_WGSerr_r1,C18_WGSerr_r1,C19_WGSerr_r1,C20_WGSerr_r1,C1_WGSerr_r2,C2_WGSerr_r2,C3_WGSerr_r2,C4_WGSerr_r2,C5_WGSerr_r2,C6_WGSerr_r2,C7_WGSerr_r2,C8_WGSerr_r2,C9_WGSerr_r2,C10_WGSerr_r2,C11_WGSerr_r2,C12_WGSerr_r2,C13_WGSerr_r2,C14_WGSerr_r2,C15_WGSerr_r2,C16_WGSerr_r2,C17_WGSerr_r2,C18_WGSerr_r2,C19_WGSerr_r2,C20_WGSerr_r2
bench_GCA_str1,0.95,0.9,0.85,0.8,0.75,0.7,0.65,0.6,0.55,0.5,0.55,0.6,0.65,0.7,0.75,0.8,0.85,0.9,0.95,1,0.95,0.9,0.85,0.8,0.75,0.7,0.65,0.6,0.55,0.5,0.55,0.6,0.65,0.7,0.75,0.8,0.85,0.9,0.95,1,0.95,0.9,0.85,0.8,0.75,0.7,0.65,0.6,0.55,0.5,0.55,0.6,0.65,0.7,0.75,0.8,0.85,0.9,0.95,1
bench_GCA_str2,0.05,0.1,0.15,0.2,0.25,0.3,0.35,0.4,0.45,0.5,0.45,0.4,0.35,0.3,0.25,0.2,0.15,0.1,0.05,0,0.05,0.1,0.15,0.2,0.25,0.3,0.35,0.4,0.45,0.5,0.45,0.4,0.35,0.3,0.25,0.2,0.15,0.1,0.05,0,0.05,0.1,0.15,0.2,0.25,0.3,0.35,0.4,0.45,0.5,0.45,0.4,0.35,0.3,0.25,0.2,0.15,0.1,0.05,0
bench_GCA_str3,0,0,0,0,0,0,0,0,0,0,0,0,0,0,0,0,0,0,0,0,0,0,0,0,0,0,0,0,0,0,0,0,0,0,0,0,0,0,0,0,0,0,0,0,0,0,0,0,0,0,0,0,0,0,0,0,0,0,0,0
predict_GCA_str1,0.5,0.556391,0.5,0.5,0.5,0.457014,0.456141,0.431373,0.435898,0.428571,0.4375,0.461538,0.461989,0.492064,0.539773,0.533333,0.568182,0.539474,0.6,0.533333,0,0,0,0,0,0,0,0,0,0,0,0,0,0,0,0,0,0,0,0,0,0,0,0,0,0,0,0,0,0,0,0,0,0,0,0,0,0,0,0
predict_GCA_str2,0.3125,0.285714,0.304348,0.3,0.3,0.307692,0.333333,0.333333,0.333333,0.333333,0.3125,0.324176,0.315789,0.285714,0.272727,0.266667,0.25,0.25,0.25,0.3,0,0,0,0,0,0,0,0,0,0,0,0,0,0,0,0,0,0,0,0,0,0,0,0,0,0,0,0,0,0,0,0,0,0,0,0,0,0,0,0
predict_GCA_str3,0.1875,0.157895,0.195652,0.2,0.2,0.235294,0.210526,0.235294,0.230769,0.238096,0.25,0.214286,0.222222,0.222222,0.1875,0.2,0.181818,0.210526,0.15,0.166667,0,0,0,0,0,0,0,0,0,0,0,0,0,0,0,0,0,0,0,0,0,0,0,0,0,0,0,0,0,0,0,0,0,0,0,0,0,0,0,0
