C1_WGSerr_r0,C10_WGSerr_r0,C11_WGSerr_r0,C12_WGSerr_r0,C13_WGSerr_r0,C14_WGSerr_r0,C15_WGSerr_r0,C16_WGSerr_r0,C17_WGSerr_r0,C18_WGSerr_r0,C19_WGSerr_r0,C2_WGSerr_r0,C20_WGSerr_r0,C3_WGSerr_r0,C4_WGSerr_r0,C5_WGSerr_r0,C6_WGSerr_r0,C7_WGSerr_r0,C8_WGSerr_r0,C9_WGSerr_r0
sorted_JSD,0.153396829650927,0.0922826214580399,0.0960872892548907,0.0807822495539418,0.085441300575201,0.0862177053503671,0.0738345023194799,0.0851275709028975,0.0834242995884914,0.112382509269794,0.108303425794471,0.0984915602619397,0.197811302688805,0.104127280986523,0.0918132762380918,0.0830373480980789,0.0944239504478388,0.0816022049527477,0.0899875157144225,0.0876474255270766
