C1_WGSerr_r0,C10_WGSerr_r0,C11_WGSerr_r0,C12_WGSerr_r0,C13_WGSerr_r0,C14_WGSerr_r0,C15_WGSerr_r0,C16_WGSerr_r0,C17_WGSerr_r0,C18_WGSerr_r0,C19_WGSerr_r0,C2_WGSerr_r0,C20_WGSerr_r0,C3_WGSerr_r0,C4_WGSerr_r0,C5_WGSerr_r0,C6_WGSerr_r0,C7_WGSerr_r0,C8_WGSerr_r0,C9_WGSerr_r0
sorted_JSD,0.143255731113264,0.124182927915886,0.142682853174263,0.151902483322334,0.120434140993562,0.141753192231026,0.141460586969537,0.148411403556278,0.166578949253038,0.10315285622027,0.0906781149640037,0.146117536406896,0.148459459073581,0.16593737590153,0.123821991842469,0.117505269218231,0.120353721714964,0.120115866353739,0.104718393324122,0.101262326117362
