C10_WGSerr_r0,C11_WGSerr_r0,C12_WGSerr_r0,C13_WGSerr_r0,C14_WGSerr_r0,C15_WGSerr_r0,C16_WGSerr_r0,C17_WGSerr_r0,C18_WGSerr_r0,C19_WGSerr_r0,C1_WGSerr_r0,C20_WGSerr_r0,C2_WGSerr_r0,C3_WGSerr_r0,C4_WGSerr_r0,C5_WGSerr_r0,C6_WGSerr_r0,C7_WGSerr_r0,C8_WGSerr_r0,C9_WGSerr_r0
UnW_D,0.0769907701942391,0.195668027172504,0.173393870429713,0.195668027172504,0,0.454436141389092,0,0,0,0.693971600425717,0,0.0769907701942391,0,0,0.454436141389092,0,0,0,0.693971600425717,0
Weight_D,0.00673301752301762,0.0208802770442046,0.0180294946088819,0.0321384580408501,0.0229121308987149,0.0276003985729086,0.0118903061952786,0.0189464393529216,0.0215741238307278,0.019311864637193,0.0243551113159137,0.0362231053828467,0.0280725972609966,0.0191609528293137,0.0374149331899415,0.00960092210244225,0.026050825897627,0.0339540642414037,0.0427755925438191,0.0365994536576758
Bray_D,0.05,0.111121105271115,0.109419127535195,0.172150796244552,0.139734818984529,0.123412623708994,0.0658868313217786,0.0891504018794976,0.120318767575498,0.1,0.138497434232152,0.168151906920566,0.117318301366527,0.10539022078884,0.18543682871868,0.0455559540340805,0.126632799358629,0.167812333508403,0.2,0.15275801323984
JC_D,0.25,0.25,0.25,0.25,0,0.25,0,0,0,0.5,0,0.25,0,0,0.25,0,0,0,0.5,0
JSD,0.0178360761191102,0.0234402262224806,0.0373093482116397,0.0292844281527083,0.0172645932853456,0.0389429545883155,0.00303964558021198,0.011270449843703,0.0113207116363354,0.0359897540909418,0.0163471894514976,0.0338983541313601,0.0184789457076995,0.00844391660998851,0.0493724208603442,0.00140880160864409,0.0118841440544754,0.0232147139454303,0.0753422673384431,0.0256553735515518
