C10_WGSerr_r0,C11_WGSerr_r0,C12_WGSerr_r0,C13_WGSerr_r0,C14_WGSerr_r0,C15_WGSerr_r0,C16_WGSerr_r0,C17_WGSerr_r0,C18_WGSerr_r0,C19_WGSerr_r0,C1_WGSerr_r0,C20_WGSerr_r0,C2_WGSerr_r0,C3_WGSerr_r0,C4_WGSerr_r0,C5_WGSerr_r0,C6_WGSerr_r0,C7_WGSerr_r0,C8_WGSerr_r0,C9_WGSerr_r0
sorted_JSD,0.0178360761191102,0.0234402262224806,0.0360868578067895,0.0292844281527083,0.0172645932853456,0.0389429545883155,0.00303964558021198,0.011270449843703,0.0113207116363354,0.0359897540909418,0.0163471894514976,0.0338983541313601,0.0184789457076995,0.00844391660998851,0.0493724208603442,0.00140880160864409,0.0118841440544754,0.0232147139454303,0.0753422673384431,0.0256553735515518
