C1_WGSerr_r0,C18_WGSerr_r0,C19_WGSerr_r0,C2_WGSerr_r0,C20_WGSerr_r0,C3_WGSerr_r0,C4_WGSerr_r0,C5_WGSerr_r0,C6_WGSerr_r0,C7_WGSerr_r0,C8_WGSerr_r0,C10_WGSerr_r0,C9_WGSerr_r0,C11_WGSerr_r0,C12_WGSerr_r0,C13_WGSerr_r0,C14_WGSerr_r0,C15_WGSerr_r0,C16_WGSerr_r0,C17_WGSerr_r0
sorted_JSD,0.055886020004665,0.032998578037298,0.0550295458621328,0.0669440770574457,0.0409630562074389,0.0298110404525764,0.0599552511031375,0.0304237401582565,0.0769849933120519,0.0669347433064824,0.0276387934359205,0.0329601382977125,0.0644708414783315,0.0424676906216637,0.0684309172332781,0.041793763039475,0.0398792249695017,0.026018532906013,0.0546488929050094,0.0247072366637081
