C1_WGSerr_r0,C18_WGSerr_r0,C19_WGSerr_r0,C2_WGSerr_r0,C20_WGSerr_r0,C3_WGSerr_r0,C4_WGSerr_r0,C5_WGSerr_r0,C6_WGSerr_r0,C7_WGSerr_r0,C8_WGSerr_r0,C10_WGSerr_r0,C9_WGSerr_r0,C11_WGSerr_r0,C12_WGSerr_r0,C13_WGSerr_r0,C14_WGSerr_r0,C15_WGSerr_r0,C16_WGSerr_r0,C17_WGSerr_r0
UnW_D,0.0195539931972103,0.123659998180383,0,0,0,0,0.0468902203329198,0.123659998180383,0.0683690700212774,0,0,0.0210544029700165,0,0.0509619818312895,0.0509619818312895,0.0311873788971782,0.0856130342676322,0,0.0210544029700165,0.0311873788971782
Weight_D,0.0106571911025725,0.0175128501680362,0.0169695634080015,0.0130799288735715,0.0140448214143985,0.0170455491174377,0.0151832534737585,0.0122561092216691,0.0100460663660072,0.0115108279112595,0.0148476760559194,0.0161152538905548,0.0150018293857222,0.0145598860836231,0.0107778358460851,0.0116952338067963,0.0107291699034557,0.017278796013576,0.0132409837468432,0.015663681091626
Bray_D,0.0932016414337484,0.100272570986196,0.158860094599234,0.0741154415678583,0.0920863063545303,0.109422456223514,0.11851901154304,0.0954786546783826,0.0616614146264113,0.0840738596152609,0.0784443996495024,0.100877870996473,0.102579733010952,0.105473135443415,0.106907459233097,0.0787412716729934,0.103699660452303,0.122230530488492,0.0970183786794215,0.106260268988978
JC_D,0.111111111111111,0.125,0,0,0,0,0.2,0.125,0.111111111111111,0,0,0.111111111111111,0,0.2,0.2,0.111111111111111,0.222222222222222,0,0.111111111111111,0.111111111111111
JSD,0.0122434006829765,0.0233460950734966,0.014518576081538,0.00559329214065836,0.00758902470446333,0.00795171185353941,0.0204667540604506,0.0224686884324959,0.00840657336458994,0.00405758774493205,0.00855329703178259,0.0100079632547591,0.00801142515081475,0.0155557297744285,0.0272423475215384,0.00784603062738465,0.0265388800246199,0.0111915869836605,0.0111600889855317,0.0145479662750613
