C1_WGSerr_r0,C18_WGSerr_r0,C19_WGSerr_r0,C2_WGSerr_r0,C20_WGSerr_r0,C3_WGSerr_r0,C4_WGSerr_r0,C5_WGSerr_r0,C6_WGSerr_r0,C7_WGSerr_r0,C8_WGSerr_r0,C10_WGSerr_r0,C9_WGSerr_r0,C11_WGSerr_r0,C12_WGSerr_r0,C13_WGSerr_r0,C14_WGSerr_r0,C15_WGSerr_r0,C16_WGSerr_r0,C17_WGSerr_r0
Rank1,0.036086,-0.019932,0.135061,-0.00294499999999998,0.021853,0.039338,-0.05812,-0.052334,0.011996,0.052859,-0.013737,0.013174,0.026369,-0.020903,-0.030229,-0.00764100000000001,-0.048335,0.082907,-0.012863,0.024356
Rank2,0.022884,-0.03763,-0.078915,-0.016747,-0.00600000000000001,0.021928,0.086029,0.001002,-0.004166,-0.00600900000000001,0.00142300000000001,0.032153,0.032675,0.060733,0.0015,0.010306,0.00553299999999998,-0.010176,-0.035841,-0.020589
Rank3,-0.017119,-0.006466,-0.019401,-0.007714,-0.00465100000000002,0.029059,0.000227000000000005,0.03469,-0.00270500000000001,0.024778,-0.024187,-0.011155,-0.001526,-0.02113,0.004242,0.025881,0.030363,0.020705,0.002382,0.030298
Rank4,-0.012588,0.050325,0.02966,0.048954,0.00408,-0.019687,0.021518,-0.00479599999999999,-0.006105,-0.019733,0.039318,0.021688,0.022153,-0.012562,0.036846,0.030174,-0.012457,-0.027792,0.034053,-0.017097
Rank5,-0.00208999999999999,0.00764600000000001,-0.00919399999999999,0.010014,-0.020632,-0.010627,-0.00485699999999999,-0.000106999999999996,0.018681,-0.01131,0.018439,-0.00441099999999998,-0.008172,0.004064,0.00264500000000001,-0.010509,0.00384200000000001,-0.023267,0.03816,0.00614400000000001
Rank6,0.014376,-0.00830699999999999,-0.0081,0.014936,0.004538,-0.00999199999999999,0.001129,0.003206,0.046272,0.032598,0.00258100000000001,0.011209,-0.018167,0.020616,0.020532,-0.00509099999999998,0.010738,-0.01398,0.010671,0.010143
Rank7,0.026923,0.015147,-0.002844,0.031845,0.048389,0.000922000000000006,0.001134,0.010205,-0.002947,-0.00829299999999999,0.003377,-0.003674,-0.0089,0.038126,0.042114,-0.007449,0.025127,-0.011965,0.001489,0.00145100000000001
Rank8,0.001135,0.05,0.002343,-0.007752,0.020746,0.016686,0.022498,0.05,0.013924,-0.00776499999999999,0.028122,-0.002197,0.003428,-0.002605,0.00201800000000001,0.017193,0.034064,0.031028,0.019387,0.034426
