C10_WGSerr_r0,C11_WGSerr_r0,C12_WGSerr_r0,C13_WGSerr_r0,C14_WGSerr_r0,C15_WGSerr_r0,C16_WGSerr_r0,C17_WGSerr_r0,C18_WGSerr_r0,C19_WGSerr_r0,C1_WGSerr_r0,C20_WGSerr_r0,C2_WGSerr_r0,C3_WGSerr_r0,C4_WGSerr_r0,C5_WGSerr_r0,C6_WGSerr_r0,C7_WGSerr_r0,C8_WGSerr_r0,C9_WGSerr_r0
GCA_002056065,0.179414283525617,0.20416122720139,0.231044136567896,0.24862483158661,0.24453831565181,0.234313650021331,0.2,0.15,0.1,0.05,-0.05,0,-0.031910117157569,-0.00323512312698404,0.016378443445704,0.045243156480214,0.072826532027005,0.0910108651589441,0.112221937550993,0.148114941570251
GCA_001675145,-0.179414283525617,-0.20416122720139,-0.231044136567896,-0.24862483158661,-0.24453831565181,-0.234313650021331,-0.2,-0.15,-0.1,-0.048154021483385,0.05,0,0.0319101171575688,0.00323512312698399,-0.016378443445704,-0.045243156480214,-0.072826532027005,-0.091010865158945,-0.112221937550993,-0.148114941570251
