C10_WGSerr_r0,C11_WGSerr_r0,C12_WGSerr_r0,C13_WGSerr_r0,C14_WGSerr_r0,C15_WGSerr_r0,C16_WGSerr_r0,C17_WGSerr_r0,C18_WGSerr_r0,C19_WGSerr_r0,C1_WGSerr_r0,C20_WGSerr_r0,C2_WGSerr_r0,C3_WGSerr_r0,C4_WGSerr_r0,C5_WGSerr_r0,C6_WGSerr_r0,C7_WGSerr_r0,C8_WGSerr_r0,C9_WGSerr_r0
bench_GCA_002056065,0.5,0.45,0.4,0.35,0.3,0.25,0.2,0.15,0.1,0.05,0.95,0,0.9,0.85,0.8,0.75,0.7,0.65,0.6,0.55
bench_GCA_001675145,0.5,0.55,0.6,0.65,0.7,0.75,0.8,0.85,0.9,0.95,0.05,1,0.1,0.15,0.2,0.25,0.3,0.35,0.4,0.45
predict_GCA_002056065,0.320585716474383,0.24583877279861,0.168955863432104,0.10137516841339,0.0554616843481902,0.0156863499786693,0,0,0,0,1,0,0.931910117157569,0.853235123126984,0.783621556554296,0.704756843519786,0.627173467972995,0.558989134841056,0.487778062449007,0.401885058429749
predict_GCA_001675145,0.679414283525617,0.75416122720139,0.831044136567896,0.89862483158661,0.94453831565181,0.984313650021331,1,1,1,0.998154021483385,0,1,0.0680898828424312,0.146764876873016,0.216378443445704,0.295243156480214,0.372826532027005,0.441010865158945,0.512221937550993,0.598114941570251
