C10_WGSerr_r0,C11_WGSerr_r0,C12_WGSerr_r0,C13_WGSerr_r0,C14_WGSerr_r0,C15_WGSerr_r0,C16_WGSerr_r0,C17_WGSerr_r0,C18_WGSerr_r0,C19_WGSerr_r0,C1_WGSerr_r0,C20_WGSerr_r0,C2_WGSerr_r0,C3_WGSerr_r0,C4_WGSerr_r0,C5_WGSerr_r0,C6_WGSerr_r0,C7_WGSerr_r0,C8_WGSerr_r0,C9_WGSerr_r0
sorted_JSD,0.0167362864013147,0.0232211172007607,0.0335137811133628,0.0462425131825887,0.0553564467423148,0.0702189267679251,0.0748817616223544,0.0550299193649249,0.0359737566501484,0.0176492274645948,0.0176492274645948,0,0.00166264924707514,1.03531353982405e-05,0.000203453867592765,0.00129145001550931,0.00297410839239828,0.00433806361289167,0.00390698183888017,0.00118399652037248
