C1_WGSerr_r0,C2_WGSerr_r0,C3_WGSerr_r0,C4_WGSerr_r0,C5_WGSerr_r0,C6_WGSerr_r0,C7_WGSerr_r0,C8_WGSerr_r0,C9_WGSerr_r0,C10_WGSerr_r0,C11_WGSerr_r0,C12_WGSerr_r0,C13_WGSerr_r0,C14_WGSerr_r0,C15_WGSerr_r0,C16_WGSerr_r0,C17_WGSerr_r0,C18_WGSerr_r0,C19_WGSerr_r0,C20_WGSerr_r0,C1_WGSerr_r1,C2_WGSerr_r1,C3_WGSerr_r1,C4_WGSerr_r1,C5_WGSerr_r1,C6_WGSerr_r1,C7_WGSerr_r1,C8_WGSerr_r1,C9_WGSerr_r1,C10_WGSerr_r1,C11_WGSerr_r1,C12_WGSerr_r1,C13_WGSerr_r1,C14_WGSerr_r1,C15_WGSerr_r1,C16_WGSerr_r1,C17_WGSerr_r1,C18_WGSerr_r1,C19_WGSerr_r1,C20_WGSerr_r1,C1_WGSerr_r2,C2_WGSerr_r2,C3_WGSerr_r2,C4_WGSerr_r2,C5_WGSerr_r2,C6_WGSerr_r2,C7_WGSerr_r2,C8_WGSerr_r2,C9_WGSerr_r2,C10_WGSerr_r2,C11_WGSerr_r2,C12_WGSerr_r2,C13_WGSerr_r2,C14_WGSerr_r2,C15_WGSerr_r2,C16_WGSerr_r2,C17_WGSerr_r2,C18_WGSerr_r2,C19_WGSerr_r2,C20_WGSerr_r2
UnW_D,0.825085262750226,0,0,0,0,0,0,0,0,0,0,0,0,0,0,0.174914737249774,0.174914737249774,0.174914737249774,0.174914737249774,0,1,1,1,1,1,1,1,1,1,1,1,1,1,1,1,1,1,1,1,1,1,1,1,1,1,1,1,1,1,1,1,1,1,1,1,1,1,1,1,1
Weight_D,0.0119934180927571,0.00765422752919171,0.000776003684869339,0.00392867039905812,0.0108524018300648,0.0174687809369088,0.0218306271366953,0.0269184923245668,0.0355280884007263,0.0430358102827039,0.048971819123133,0.0554201785547771,0.0596372310691909,0.0586570051862154,0.0562044313909158,0.0479736723710285,0.0359802542782714,0.0239868361855142,0.0119934180927572,0,1,1,1,1,1,1,1,1,1,1,1,1,1,1,1,1,1,1,1,1,1,1,1,1,1,1,1,1,1,1,1,1,1,1,1,1,1,1,1,1
Bray_D,0.05,0.0319101171575689,0.00323512312698401,0.016378443445704,0.045243156480214,0.072826532027005,0.0910108651589445,0.112221937550993,0.148114941570251,0.179414283525617,0.20416122720139,0.231044136567896,0.24862483158661,0.24453831565181,0.234313650021331,0.2,0.15,0.1,0.0491223501432175,0,1,1,1,1,1,1,1,1,1,1,1,1,1,1,1,1,1,1,1,1,1,1,1,1,1,1,1,1,1,1,1,1,1,1,1,1,1,1,1,1
JC_D,0.5,0,0,0,0,0,0,0,0,0,0,0,0,0,0,0.5,0.5,0.5,0.5,0,1,1,1,1,1,1,1,1,1,1,1,1,1,1,1,1,1,1,1,1,1,1,1,1,1,1,1,1,1,1,1,1,1,1,1,1,1,1,1,1
JSD,0.0176492274645948,0.00166264924707514,1.03531353982405e-05,0.000203453867592765,0.00129145001550931,0.00297410839239828,0.00433806361289167,0.00635969074057014,0.0110355062307536,0.0167362864013147,0.0232211172007607,0.0335137811133628,0.0462425131825887,0.0553564467423148,0.0702189267679251,0.0748817616223544,0.0550299193649249,0.0359737566501484,0.0176492274645948,0,1,1,1,1,1,1,1,1,1,1,1,1,1,1,1,1,1,1,1,1,1,1,1,1,1,1,1,1,1,1,1,1,1,1,1,1,1,1,1,1
