C10_WGSerr_r0,C11_WGSerr_r0,C12_WGSerr_r0,C13_WGSerr_r0,C14_WGSerr_r0,C15_WGSerr_r0,C16_WGSerr_r0,C17_WGSerr_r0,C18_WGSerr_r0,C19_WGSerr_r0,C1_WGSerr_r0,C20_WGSerr_r0,C2_WGSerr_r0,C3_WGSerr_r0,C4_WGSerr_r0,C5_WGSerr_r0,C6_WGSerr_r0,C7_WGSerr_r0,C8_WGSerr_r0,C9_WGSerr_r0
sorted_JSD,0.0178506960295812,0.0271274917148379,0.036145156133985,0.024724023200465,0.0112999051637214,0.0384348087052977,0.00280312281293682,0.0109239678168424,0.0130068570450251,0.0359762872394134,0.0096284969082955,0.0292659184106274,0.0265817294153863,0.005916237068946,0.0478119224110981,0.00178505469376861,0.0104865704022762,0.0218732507786334,0.0497639625868389,0.0370928421454775
