C10_WGSerr_r0,C11_WGSerr_r0,C12_WGSerr_r0,C13_WGSerr_r0,C14_WGSerr_r0,C15_WGSerr_r0,C16_WGSerr_r0,C17_WGSerr_r0,C18_WGSerr_r0,C19_WGSerr_r0,C1_WGSerr_r0,C20_WGSerr_r0,C2_WGSerr_r0,C3_WGSerr_r0,C4_WGSerr_r0,C5_WGSerr_r0,C6_WGSerr_r0,C7_WGSerr_r0,C8_WGSerr_r0,C9_WGSerr_r0
GCA_008275005,0.298535554243226,0,0.334529874710117,0,0.0749073473649843,0.340029663088297,0.159453329059243,0.334347212072677,0.200921441949056,0.112568113350587,0.375873255487724,0.746530334799543,0.20967489844533,0.341202376765701,0.0691538796266009,0.265222258019377,0.215102227525734,0.0240908375740697,0.687841968055623,0.216832195819353
GCA_003586065,0.370996995440283,0.074075575768613,0,0.742837803244169,0.428136887823541,0.516399646700759,0.377348651526465,0.0609126278881224,0.0665567150821592,0,0.12995325668132,0.185014352973827,0.0322885643367941,0.109255645353096,0.654633404459339,0.331783722908339,0.576366972916462,0.701536121177876,0.0296807055868146,0.0183365462316866
GCA_001675145,0.33046745031649,0.389627888580464,0.292594591768446,0.150374475393337,0.102247883754491,0,0.34138507995904,0.37390656472514,0.38014959706789,0,0.438335881181368,0.0684553122266304,0.541278567529959,0.108623044293758,0,0.175383880532804,0.079260510542161,0.0838163101723926,0,0.62386511372846
GCA_002056065,0,0.536296535650923,0.372875533521437,0.106787721362493,0.394707881056983,0.143570690210944,0.121812939455251,0.230833595314062,0.352372245900894,0.887431886649413,0.0558376066495882,0,0.216757969687917,0.440918933587445,0.27621271591406,0.22761013853948,0.129270289015643,0.190556731075661,0.282477326357562,0.1409661442205
