C10_WGSerr_r0,C11_WGSerr_r0,C12_WGSerr_r0,C13_WGSerr_r0,C14_WGSerr_r0,C15_WGSerr_r0,C16_WGSerr_r0,C17_WGSerr_r0,C18_WGSerr_r0,C19_WGSerr_r0,C1_WGSerr_r0,C20_WGSerr_r0,C2_WGSerr_r0,C3_WGSerr_r0,C4_WGSerr_r0,C5_WGSerr_r0,C6_WGSerr_r0,C7_WGSerr_r0,C8_WGSerr_r0,C9_WGSerr_r0
UnW_D,0.0769907701942391,0.195668027172504,0.173393870429713,0.195668027172504,0,0.454436141389092,0,0,0,0.693971600425717,0,0.0769907701942391,0,0,0.454436141389092,0,0,0,0.454436141389092,0
Weight_D,0.0101673228836079,0.0257899104351986,0.0194065858102437,0.0265002014430218,0.0214449267776183,0.0265000406857995,0.0153943573174776,0.0212824526403273,0.0246561993890442,0.0192115944012659,0.0237882019368922,0.0310916474843635,0.0365495882917261,0.0162568870877799,0.0363182914119126,0.0100144151654155,0.02585881442628,0.0305758596367199,0.0373041711380537,0.0430456414472158
Bray_D,0.0514644457567735,0.125924424231387,0.115470125289883,0.14283780324417,0.122844768880524,0.116399646700759,0.0687337314855055,0.104740160039201,0.132521842968784,0.1,0.114209136669092,0.146530334799543,0.158036537217876,0.090918933587445,0.180846120373399,0.059393861447819,0.126366972916462,0.151536121177876,0.170319294413185,0.17386511372846
JC_D,0.25,0.25,0.25,0.25,0,0.25,0,0,0,0.5,0,0.25,0,0,0.25,0,0,0,0.25,0
JSD,0.0178506960295812,0.0271274917148379,0.0375586339431723,0.024724023200465,0.0112999051637214,0.0384348087052977,0.00280312281293682,0.012381297034612,0.0130068570450251,0.0359762872394134,0.0096284969082955,0.0292659184106274,0.0269862627254339,0.005916237068946,0.0478119224110981,0.00178505469376861,0.0104865704022762,0.0218732507786334,0.0497639625868389,0.0370928421454775
