C10_WGSerr_r0,C11_WGSerr_r0,C12_WGSerr_r0,C13_WGSerr_r0,C14_WGSerr_r0,C15_WGSerr_r0,C16_WGSerr_r0,C17_WGSerr_r0,C18_WGSerr_r0,C19_WGSerr_r0,C1_WGSerr_r0,C20_WGSerr_r0,C2_WGSerr_r0,C3_WGSerr_r0,C4_WGSerr_r0,C5_WGSerr_r0,C6_WGSerr_r0,C7_WGSerr_r0,C8_WGSerr_r0,C9_WGSerr_r0
bench_rank1,0.5,0.55,0.6,0.65,0.7,0.75,0.8,0.85,0.9,0.95,0.95,1,0.9,0.85,0.8,0.75,0.7,0.65,0.6,0.55
bench_rank2,0.5,0.45,0.4,0.35,0.3,0.25,0.2,0.15,0.1,0.05,0.05,0,0.1,0.15,0.2,0.25,0.3,0.35,0.4,0.45
bench_rank3,0,0,0,0,0,0,0,0,0,0,0,0,0,0,0,0,0,0,0,0
predict_rank1,0.514449293046135,0.534909437037681,0.588445099535934,0.640664709900213,0.692862464807083,0.745578951342662,0.80266770100197,0.857100821157715,0.917126523470457,0.978369704604776,1,1,0.949254827985537,0.888959790292376,0.836522925018268,0.779400944007831,0.722891152237302,0.674370826938591,0.625028833351345,0.567521963947308
predict_rank2,0.485550706953865,0.465090562962319,0.411554900464066,0.359335290099787,0.307137535192917,0.254421048657338,0.19733229899803,0.142899178842285,0.0828734765295434,0.0216302953952235,0,0,0.0507451720144634,0.111040209707624,0.163477074981732,0.220599055992169,0.277108847762698,0.325629173061409,0.374971166648655,0.432478036052692
predict_rank3,0,0,0,0,0,0,0,0,-4.44089209850063e-16,4.44089209850063e-16,0,0,-4.44089209850063e-16,0,0,0,0,0,0,0
