C10_WGSerr_r0,C11_WGSerr_r0,C12_WGSerr_r0,C13_WGSerr_r0,C14_WGSerr_r0,C15_WGSerr_r0,C16_WGSerr_r0,C17_WGSerr_r0,C18_WGSerr_r0,C19_WGSerr_r0,C1_WGSerr_r0,C20_WGSerr_r0,C2_WGSerr_r0,C3_WGSerr_r0,C4_WGSerr_r0,C5_WGSerr_r0,C6_WGSerr_r0,C7_WGSerr_r0,C8_WGSerr_r0,C9_WGSerr_r0
UnW_D,0,0,0,0,0,0,0,0,0,0,0.825085262750226,0,0,0,0,0,0,0,0,0
Weight_D,0.0034659282529413,0.00361974861724334,0.00277165504571473,0.00223924074367846,0.00171206887440841,0.00106046969911752,0.000639897069261857,0.00170326233892743,0.00410811112913205,0.00680499456986205,0.0119934180927571,0,0.0118146749023475,0.00934522107565212,0.00876069419429015,0.00705235627615319,0.00549086318813832,0.00584579033481501,0.00600362525513249,0.00420296478852564
Bray_D,0.014449293046135,0.015090562962319,0.011554900464066,0.00933529009978704,0.00713753519291696,0.00442104865733797,0.00266770100197,0.00710082115771501,0.0171265234704568,0.0283697046047763,0.05,0,0.0492548279855368,0.038959790292376,0.036522925018268,0.029400944007831,0.022891152237302,0.024370826938591,0.025028833351345,0.017521963947308
JC_D,0,0,0,0,0,0,0,0,0,0,0.5,0,0,0,0,0,0,0,0,0
JSD,0.000104416471647424,0.000114693923827595,6.92176562080713e-05,4.75959580101648e-05,3.01216498300471e-05,1.29545510369809e-05,5.58791264172677e-06,5.04250491224554e-05,0.000441928060873518,0.00299182812779997,0.0176492274645948,0,0.00442625795034413,0.00167734820087166,0.00112281588681786,0.000600817771416123,0.000319126132697635,0.0003319427660602,0.000329972184575915,0.000155668017852762
