C10_WGSerr_r0,C11_WGSerr_r0,C12_WGSerr_r0,C13_WGSerr_r0,C14_WGSerr_r0,C15_WGSerr_r0,C16_WGSerr_r0,C17_WGSerr_r0,C18_WGSerr_r0,C19_WGSerr_r0,C1_WGSerr_r0,C20_WGSerr_r0,C2_WGSerr_r0,C3_WGSerr_r0,C4_WGSerr_r0,C5_WGSerr_r0,C6_WGSerr_r0,C7_WGSerr_r0,C8_WGSerr_r0,C9_WGSerr_r0
Rank1,-0.014449293046135,0.015090562962319,0.0115549004640659,0.00933529009978706,0.00713753519291693,0.00442104865733794,-0.00266770100197,-0.00710082115771504,-0.017126523470457,-0.0283697046047761,-0.05,0,-0.0492548279855369,-0.0389597902923761,-0.0365229250182679,-0.029400944007831,-0.0228911522373021,-0.0243708269385909,-0.025028833351345,-0.017521963947308
Rank2,0.014449293046135,-0.015090562962319,-0.011554900464066,-0.00933529009978701,-0.00713753519291699,-0.004421048657338,0.00266770100197,0.00710082115771499,0.0171265234704566,0.0283697046047765,0.05,0,0.0492548279855366,0.038959790292376,0.036522925018268,0.029400944007831,0.022891152237302,0.024370826938591,0.025028833351345,0.017521963947308
