C10_WGSerr_r0,C11_WGSerr_r0,C12_WGSerr_r0,C13_WGSerr_r0,C14_WGSerr_r0,C15_WGSerr_r0,C16_WGSerr_r0,C17_WGSerr_r0,C18_WGSerr_r0,C19_WGSerr_r0,C1_WGSerr_r0,C20_WGSerr_r0,C2_WGSerr_r0,C3_WGSerr_r0,C4_WGSerr_r0,C5_WGSerr_r0,C6_WGSerr_r0,C7_WGSerr_r0,C8_WGSerr_r0,C9_WGSerr_r0
Rank1,-0.015021817187155,0.0157128510058671,0.012144059984024,0.00991382429269705,0.00775639087921498,0.00495103255592599,-0.00225259239105291,-0.00679197748936999,-0.0168589467982599,-0.028273197235958,-0.05,0,-0.049339411215825,-0.039079593945761,-0.036751532970877,-0.029633929537753,-0.0232124542538541,-0.024809712032514,-0.0255056564966111,-0.018102404865796
Rank2,0.015021817187155,-0.015712851005867,-0.012144059984024,-0.00991382429269705,-0.00775639087921504,-0.00495103255592599,0.00225259239105302,0.00679197748936999,0.0168589467982601,0.028273197235958,0.05,0,0.0493394112158248,0.039079593945761,0.036751532970877,0.029633929537753,0.023212454253854,0.024809712032514,0.025505656496611,0.018102404865796
