C10_WGSerr_r0,C11_WGSerr_r0,C12_WGSerr_r0,C13_WGSerr_r0,C14_WGSerr_r0,C15_WGSerr_r0,C16_WGSerr_r0,C17_WGSerr_r0,C18_WGSerr_r0,C19_WGSerr_r0,C1_WGSerr_r0,C20_WGSerr_r0,C2_WGSerr_r0,C3_WGSerr_r0,C4_WGSerr_r0,C5_WGSerr_r0,C6_WGSerr_r0,C7_WGSerr_r0,C8_WGSerr_r0,C9_WGSerr_r0
sorted_JSD,0.000112857211116995,0.000124335425481166,7.64387631180443e-05,5.3658522181753e-05,3.5551137494843e-05,1.62353736761827e-05,3.98106050007979e-06,4.60934650964198e-05,0.000427644879756359,0.00296686639379434,0.0176492274645948,0,0.00444412567248972,0.00168837820958626,0.00113749481066976,0.000610592424433592,0.000328258164822698,0.000344117767910193,0.000342743879317921,0.000166175973305632
