C10_WGSerr_r0,C11_WGSerr_r0,C12_WGSerr_r0,C13_WGSerr_r0,C14_WGSerr_r0,C15_WGSerr_r0,C16_WGSerr_r0,C17_WGSerr_r0,C18_WGSerr_r0,C19_WGSerr_r0,C1_WGSerr_r0,C20_WGSerr_r0,C2_WGSerr_r0,C3_WGSerr_r0,C4_WGSerr_r0,C5_WGSerr_r0,C6_WGSerr_r0,C7_WGSerr_r0,C8_WGSerr_r0,C9_WGSerr_r0
bench_rank1,0.5,0.55,0.6,0.65,0.7,0.75,0.8,0.85,0.9,0.95,0.95,1,0.9,0.85,0.8,0.75,0.7,0.65,0.6,0.55
bench_rank2,0.5,0.45,0.4,0.35,0.3,0.25,0.2,0.15,0.1,0.05,0.05,0,0.1,0.15,0.2,0.25,0.3,0.35,0.4,0.45
bench_rank3,0,0,0,0,0,0,0,0,0,0,0,0,0,0,0,0,0,0,0,0
predict_rank1,0.515021817187155,0.534287148994133,0.587855940015976,0.640086175707303,0.692243609120785,0.745048967444074,0.802252592391053,0.85679197748937,0.91685894679826,0.978273197235958,1,1,0.949339411215825,0.889079593945761,0.836751532970877,0.779633929537753,0.723212454253854,0.674809712032514,0.625505656496611,0.568102404865796
predict_rank2,0.484978182812845,0.465712851005867,0.412144059984024,0.359913824292697,0.307756390879215,0.254951032555926,0.197747407608947,0.14320802251063,0.0831410532017399,0.021726802764042,0,0,0.0506605887841752,0.110920406054239,0.163248467029123,0.220366070462247,0.276787545746146,0.325190287967486,0.374494343503389,0.431897595134204
predict_rank3,0,0,0,0,0,0,0,0,1.11022302462516e-16,0,0,0,-2.22044604925031e-16,0,0,0,0,0,0,0
