C1_WGSerr_r0,C2_WGSerr_r0,C3_WGSerr_r0,C4_WGSerr_r0,C5_WGSerr_r0,C6_WGSerr_r0,C7_WGSerr_r0,C8_WGSerr_r0,C9_WGSerr_r0,C10_WGSerr_r0,C11_WGSerr_r0,C12_WGSerr_r0,C13_WGSerr_r0,C14_WGSerr_r0,C15_WGSerr_r0,C16_WGSerr_r0,C17_WGSerr_r0,C18_WGSerr_r0,C19_WGSerr_r0,C20_WGSerr_r0
Rank1,-0.177738147688019,-0.178903052125301,-0.001565290851886,-0.053737542644736,-0.269892931837156,-0.307337960388703,-0.134254815225965,-0.161342919162158,-0.206292795849269,-0.228912166776558,-0.27751479339182,-0.307718071542018,-0.16631983684811,-0.324009692775155,-0.149262235912028,-0.146942995554809,-0.150292924188644,-0.189399372015306,-0.342202639189102,-0.131333195036924
Rank2,-0.089345290919586,-0.087105437124328,-0.022242920683244,-0.147601381097268,-0.020299818485525,-0.050673964159272,-0.035245030600067,-0.097242136066898,-0.077562057608597,-0.064986504400484,0.031396824597904,0.024411735785351,-0.086264301202878,0.00503917845478499,-0.052407974423227,-0.074908179638434,-0.087331761887483,0.028258210153406,0.035172606714451,-0.169109761390506
Rank3,0.126553529946819,0.0660084892496285,-0.063791813442057,-0.056925704913074,0.015842566522674,0.058011924547975,0.01497990126496,0.016272785187522,0.117278519611014,0.0438986711770427,0.047863149426036,0.0833063357566665,0.119164700981577,0.031801159042197,0.079224464993031,-0.028934037913797,-0.029959113113969,0.089397254619456,0.0667968293795454,0.10044295642743
Rank4,0.0311266701173234,0.1,-0.01411599504055,0.0582646286550783,0.0743501838000074,0.2,0.0045199445610732,0.042312270041534,0.029330977862891,0.1,0.048254819367879,0.1,0.033419437069411,0.137169355278173,0.0224457453422233,0.0507852131070399,0.117583799190097,0.00331500022267191,0.1,0.1
Rank5,0.059403238543462,0.05,0.00171602001773699,0.1,0.1,0.05,0.1,0.1,0.0372453559839607,0.1,0.1,0.05,0.05,0.1,0.05,0.1,0.1,0.0184289070197709,0.1,0.05
Rank6,0.05,0.05,0.1,0.1,0.1,0.05,0.05,0.1,0.1,0.05,0.05,0.05,0.05,0.05,0.05,0.1,0.05,0.05,0.05,0.05
