C10_WGSerr_r0,C11_WGSerr_r0,C12_WGSerr_r0,C13_WGSerr_r0,C14_WGSerr_r0,C15_WGSerr_r0,C16_WGSerr_r0,C17_WGSerr_r0,C18_WGSerr_r0,C19_WGSerr_r0,C1_WGSerr_r0,C20_WGSerr_r0,C2_WGSerr_r0,C3_WGSerr_r0,C4_WGSerr_r0,C5_WGSerr_r0,C6_WGSerr_r0,C7_WGSerr_r0,C8_WGSerr_r0,C9_WGSerr_r0
UnW_D,0.278687168569344,0.208564971275047,0.268731683209791,0.225971769115252,0.133227920524019,0.2185204566346,0.33787252973302,0.225971769115252,0.073061208589275,0.31221614254543,0.073061208589275,0.31221614254543,0.354024219320371,0.073061208589275,0.33787252973302,0.33787252973302,0.371431017160577,0.2185204566346,0.33787252973302,0.073061208589275
Weight_D,0.0405710125133085,0.0529481076606101,0.0585910818067227,0.0440614923147407,0.0686217242008126,0.0375683970336085,0.0381190852807829,0.0453778742915483,0.0368538447745191,0.0552595507672301,0.0482340324828345,0.064747840759332,0.0497908286967902,0.0206106891887325,0.0432454537893035,0.0601640055262747,0.061578882977766,0.0292473832359887,0.0530732196860985,0.0449191754970703
Bray_D,0.293898671177042,0.27925997402394,0.307718071542018,0.252584138050988,0.392208533732958,0.201670210335255,0.271851175193243,0.287624686076127,0.189399372015305,0.348789314841878,0.267083438607605,0.30044295642743,0.266008489249629,0.151716020017737,0.26066324755781,0.340192750322681,0.408011924547975,0.184254815225966,0.319030649120624,0.283854853457866
JC_D,0.5,0.333333333333333,0.5,0.333333333333333,0.333333333333333,0.333333333333333,0.333333333333333,0.333333333333333,0.166666666666667,0.5,0.166666666666667,0.5,0.5,0.166666666666667,0.333333333333333,0.333333333333333,0.5,0.333333333333333,0.333333333333333,0.166666666666667
JSD,0.10373490851772,0.0922431867764404,0.109899232683494,0.0610817536979213,0.146395761844899,0.0535166502708721,0.0898750091825419,0.108242883013707,0.0363168953749006,0.137566252153934,0.0851834862027618,0.119982988688782,0.0853996204836864,0.0430826401874186,0.0952957285359525,0.115395375785208,0.168813952826929,0.0648092925372625,0.145840673867651,0.0698210426389218
