C10_WGSerr_r0,C11_WGSerr_r0,C12_WGSerr_r0,C13_WGSerr_r0,C14_WGSerr_r0,C15_WGSerr_r0,C16_WGSerr_r0,C17_WGSerr_r0,C18_WGSerr_r0,C19_WGSerr_r0,C1_WGSerr_r0,C20_WGSerr_r0,C2_WGSerr_r0,C3_WGSerr_r0,C4_WGSerr_r0,C5_WGSerr_r0,C6_WGSerr_r0,C7_WGSerr_r0,C8_WGSerr_r0,C9_WGSerr_r0
sorted_JSD,0.10373490851772,0.0772374910051835,0.109899232683494,0.0588618253495434,0.115937160145241,0.0478486899028786,0.0850759910171826,0.0778245332379092,0.0363168953749006,0.124604046993263,0.0536247237954177,0.0939104650434889,0.0853996204836864,0.0379237791777101,0.0887921291183335,0.0973050093076232,0.137611916477126,0.0589101539953937,0.084691055828943,0.0671176456322951
