C10_WGSerr_r0,C11_WGSerr_r0,C12_WGSerr_r0,C13_WGSerr_r0,C14_WGSerr_r0,C15_WGSerr_r0,C16_WGSerr_r0,C17_WGSerr_r0,C18_WGSerr_r0,C19_WGSerr_r0,C1_WGSerr_r0,C20_WGSerr_r0,C2_WGSerr_r0,C3_WGSerr_r0,C4_WGSerr_r0,C5_WGSerr_r0,C6_WGSerr_r0,C7_WGSerr_r0,C8_WGSerr_r0,C9_WGSerr_r0
GCA_001675145,-0.064986504400484,0.047863149426036,0.0833063357566665,0.133419437069411,0.137169355278173,0.079224464993031,0.1,0.020040886886031,0.089397254619456,0.035172606714451,-0.177738147688019,-0.131333195036924,0.0660084892496285,0.051716020017737,0.1,0.15,0.058011924547975,0.014754969399933,0.1,0.129330977862891
GCA_900622695,0.05,-0.27751479339182,-0.307718071542018,0.019164700981577,-0.018198840957803,0.05,-0.146942995554809,-0.087331761887483,0.0184289070197709,0.0167968293795454,0.026553529946819,-0.169109761390506,0.05,-0.072242920683244,-0.056925704913074,0.0243501838000074,0.05,0.05,-0.00768772995846599,0.0172785196110142
GCA_003586065,0.0438986711770427,0.05,0.05,-0.086264301202878,-0.374009692775155,-0.199262235912028,0.0507852131070399,-0.200292924188644,-0.189399372015306,-0.342202639189102,0.0311266701173234,0.000442956427429711,0.1,-0.01411599504055,-0.203737542644736,-0.269892931837156,-0.357337960388703,-0.184254815225965,-0.311342919162158,-0.077562057608597
GCA_002056065,0.1,-0.00174518063212099,0.05,-0.16631983684811,0.05,0.0224457453422233,-0.124908179638434,0.0175837991900966,0.00331500022267191,0.05,-0.089345290919586,0.05,-0.087105437124328,-0.063791813442057,0.0582646286550783,-0.070299818485525,-0.050673964159272,0.0045199445610732,0.016272785187522,-0.206292795849269
GCA_008275005,-0.228912166776558,0.031396824597904,0.024411735785351,0.05,0.055039178454785,-0.00240797442322699,0.021065962086203,0.05,0.028258210153406,0.1,0.00940323854346201,0.05,-0.178903052125301,-0.001565290851886,0.00239861890273196,0.065842566522674,0.05,0.01497990126496,0.00275786393310201,0.0372453559839607
GCA_002903105,0.1,0.15,0.1,0.05,0.15,0.05,0.1,0.2,0.05,0.15,0.2,0.2,0.05,0.1,0.1,0.1,0.25,0.1,0.2,0.1
