C1_WGSerr_r0,C18_WGSerr_r0,C19_WGSerr_r0,C2_WGSerr_r0,C20_WGSerr_r0,C3_WGSerr_r0,C4_WGSerr_r0,C5_WGSerr_r0,C6_WGSerr_r0,C7_WGSerr_r0,C8_WGSerr_r0,C10_WGSerr_r0,C9_WGSerr_r0,C11_WGSerr_r0,C12_WGSerr_r0,C13_WGSerr_r0,C14_WGSerr_r0,C15_WGSerr_r0,C16_WGSerr_r0,C17_WGSerr_r0
sorted_JSD,0.0395449110432553,0.0742923692908595,0.071717611356756,0.0525246298863565,0.0819735481407,0.0949937931839925,0.0487095663871975,0.0603549289414761,0.0523002985585948,0.0272320134527548,0.101102416782741,0.0412967903660245,0.0398086895929461,0.05608569285557,0.088837075732137,0.0141833679899759,0.0597984970133452,0.0641553124795303,0.0398499585038468,0.0548611588844508
