C10_WGSerr_r0,C11_WGSerr_r0,C12_WGSerr_r0,C13_WGSerr_r0,C14_WGSerr_r0,C15_WGSerr_r0,C16_WGSerr_r0,C17_WGSerr_r0,C18_WGSerr_r0,C19_WGSerr_r0,C1_WGSerr_r0,C20_WGSerr_r0,C2_WGSerr_r0,C3_WGSerr_r0,C4_WGSerr_r0,C5_WGSerr_r0,C6_WGSerr_r0,C7_WGSerr_r0,C8_WGSerr_r0,C9_WGSerr_r0
Rank1,-0.01471491131725,0.015395898782498,0.011863630127493,0.009653099979125,0.0074894949243659,0.00476209314734899,-0.002312554013295,-0.00675065705920808,-0.016651684287198,-0.0278856643369521,-0.05,0,-0.049261665357775,-0.039039115503234,-0.0366527951742179,-0.029515944640727,-0.0230692806500661,-0.024569758639138,-0.025258290191384,-0.0177792346398939
Rank2,0.01471491131725,-0.015395898782498,-0.011863630127493,-0.009653099979125,-0.00748949492436601,-0.00476209314734899,0.002312554013295,0.00675065705920799,0.0166516842871983,0.0278856643369521,0.05,0,0.0492616653577751,0.039039115503234,0.036652795174218,0.029515944640727,0.023069280650066,0.024569758639138,0.025258290191384,0.017779234639894
