C10_WGSerr_r0,C11_WGSerr_r0,C12_WGSerr_r0,C13_WGSerr_r0,C14_WGSerr_r0,C15_WGSerr_r0,C16_WGSerr_r0,C17_WGSerr_r0,C18_WGSerr_r0,C19_WGSerr_r0,C1_WGSerr_r0,C20_WGSerr_r0,C2_WGSerr_r0,C3_WGSerr_r0,C4_WGSerr_r0,C5_WGSerr_r0,C6_WGSerr_r0,C7_WGSerr_r0,C8_WGSerr_r0,C9_WGSerr_r0
UnW_D,0,0,0,0,0,0,0,0,0,0,0.825085262750226,0,0,0,0,0,0,0,0,0
Weight_D,0.00352964167251246,0.00369298902024538,0.00284570952433707,0.00231547327881663,0.00179649287863005,0.00114227548225618,0.000554708542870621,0.00161926905023808,0.00399421223209927,0.00668888862374709,0.0119934180927571,0,0.0118163149716257,0.00936424868403444,0.00879184593585175,0.00707994128957826,0.00553359055870787,0.00589350775594626,0.00605866469146911,0.00426467588810959
Bray_D,0.01471491131725,0.015395898782498,0.011863630127493,0.009653099979125,0.00748949492436596,0.00476209314734899,0.002312554013295,0.00675065705920803,0.0166516842871982,0.0278856643369521,0.05,0,0.049261665357775,0.039039115503234,0.036652795174218,0.029515944640727,0.023069280650066,0.024569758639138,0.025258290191384,0.017779234639894
JC_D,0,0,0,0,0,0,0,0,0,0,0.5,0,0,0,0,0,0,0,0,0
JSD,0.000108291667406518,0.000119376179236481,7.29571627890719e-05,5.08816404284572e-05,3.31547769009761e-05,1.50235908345166e-05,4.19630115490921e-06,4.55289751870791e-05,0.000416756191392365,0.00286815015877159,0.0176492274645948,0,0.00442770049920218,0.0016846468663593,0.00113114217903661,0.000605632188389491,0.000324172582164222,0.000337433596484573,0.000336087515747654,0.000160282949126329
