C1_WGSerr_r0,C2_WGSerr_r0,C3_WGSerr_r0,C4_WGSerr_r0,C5_WGSerr_r0,C6_WGSerr_r0,C7_WGSerr_r0,C8_WGSerr_r0,C9_WGSerr_r0,C10_WGSerr_r0,C11_WGSerr_r0,C12_WGSerr_r0,C13_WGSerr_r0,C14_WGSerr_r0,C15_WGSerr_r0,C16_WGSerr_r0,C17_WGSerr_r0,C18_WGSerr_r0,C19_WGSerr_r0,C20_WGSerr_r0,C1_WGSerr_r1,C2_WGSerr_r1,C3_WGSerr_r1,C4_WGSerr_r1,C5_WGSerr_r1,C6_WGSerr_r1,C7_WGSerr_r1,C8_WGSerr_r1,C9_WGSerr_r1,C10_WGSerr_r1,C11_WGSerr_r1,C12_WGSerr_r1,C13_WGSerr_r1,C14_WGSerr_r1,C15_WGSerr_r1,C16_WGSerr_r1,C17_WGSerr_r1,C18_WGSerr_r1,C19_WGSerr_r1,C20_WGSerr_r1,C1_WGSerr_r2,C2_WGSerr_r2,C3_WGSerr_r2,C4_WGSerr_r2,C5_WGSerr_r2,C6_WGSerr_r2,C7_WGSerr_r2,C8_WGSerr_r2,C9_WGSerr_r2,C10_WGSerr_r2,C11_WGSerr_r2,C12_WGSerr_r2,C13_WGSerr_r2,C14_WGSerr_r2,C15_WGSerr_r2,C16_WGSerr_r2,C17_WGSerr_r2,C18_WGSerr_r2,C19_WGSerr_r2,C20_WGSerr_r2
sorted_JSD,0.0176492274645948,0.00273476015958349,0.00144529727417934,0.000766602400385367,0.00062413777307592,0.000393848631390066,0.000253532115173325,0.000210470291513238,0.000132407576619562,0.000147105120925336,0.000127799715097392,0.000146018716481416,0.00010115630163606,7.80411083844486e-05,2.35367301209051e-05,2.2247612673593e-05,1.01582127146823e-05,0.000100921226895929,0.00139527990277889,0,0.0176492274645948,0.00313371306501424,0.00136480738978437,0.000918852792394061,0.000553293737729646,0.00037971921124327,0.000318543020308005,0.000260484863114984,0.000154438353668849,0.000123742371945064,0.000136621514641081,0.000114500226340978,7.97162471565058e-05,0.000117558882815641,3.53080758664561e-05,1.54541374297991e-05,1.86740227040916e-06,5.07267527133698e-05,0.00119362533055635,0,0.0176492274645948,0.00288170061383707,0.00146419740858559,0.000970230910978044,0.000561620925632113,0.000364108606777248,0.000281907851140275,0.000208697169979197,0.000177997889555861,0.000117569808705886,0.000151495784924916,0.000119497339724437,0.000102314146677445,7.18355796095463e-05,4.55017262847033e-05,2.08138382314614e-05,1.20891083300889e-06,0.000161462401913139,0.0010988212638125,0
