C10_WGSerr_r0,C10_WGSerr_r1,C10_WGSerr_r2,C11_WGSerr_r0,C11_WGSerr_r1,C11_WGSerr_r2,C12_WGSerr_r0,C12_WGSerr_r1,C12_WGSerr_r2,C13_WGSerr_r0,C13_WGSerr_r1,C13_WGSerr_r2,C14_WGSerr_r0,C14_WGSerr_r1,C14_WGSerr_r2,C15_WGSerr_r0,C15_WGSerr_r1,C15_WGSerr_r2,C16_WGSerr_r0,C16_WGSerr_r1,C16_WGSerr_r2,C17_WGSerr_r0,C17_WGSerr_r1,C17_WGSerr_r2,C18_WGSerr_r0,C18_WGSerr_r1,C18_WGSerr_r2,C19_WGSerr_r0,C19_WGSerr_r1,C19_WGSerr_r2,C1_WGSerr_r0,C1_WGSerr_r1,C1_WGSerr_r2,C20_WGSerr_r0,C20_WGSerr_r1,C20_WGSerr_r2,C2_WGSerr_r0,C2_WGSerr_r1,C2_WGSerr_r2,C3_WGSerr_r0,C3_WGSerr_r1,C3_WGSerr_r2,C4_WGSerr_r0,C4_WGSerr_r1,C4_WGSerr_r2,C5_WGSerr_r0,C5_WGSerr_r1,C5_WGSerr_r2,C6_WGSerr_r0,C6_WGSerr_r1,C6_WGSerr_r2,C7_WGSerr_r0,C7_WGSerr_r1,C7_WGSerr_r2,C8_WGSerr_r0,C8_WGSerr_r1,C8_WGSerr_r2,C9_WGSerr_r0,C9_WGSerr_r1,C9_WGSerr_r2
sorted_JSD,0.017757685765077,0.0177315553382489,0.0177791976717856,0.0244319193121192,0.024861910192243,0.0244572619325273,0.0362937400550776,0.0363208124014213,0.036194462519953,0.0231414073022381,0.0227223459637508,0.0228302381049884,0.00820480505926661,0.00836857707724485,0.00846515872001323,0.0378035048611369,0.0376983801290996,0.0375818841573614,0.00195896907369363,0.00150616618112047,0.00198643135402201,0.0104645644855541,0.0111264187391314,0.0107226677595396,0.0128354568497995,0.0119025956699193,0.0129387375847398,0.0372202347839332,0.036925578821744,0.0373711974746813,0.00811805365733971,0.00748506168092436,0.00823230707331305,0.0246089383183266,0.0246379853717325,0.0143924561012573,0.0229654606405196,0.0222652099714939,0.021714934315972,0.00457511759435227,0.00447475552362376,0.00458558941800263,0.0437600185676856,0.0450013831995299,0.0435372073451772,0.00115219021035997,0.00162660697158037,0.00147167136466312,0.00947336783696706,0.00932192061391956,0.00949443571829514,0.0169605471001905,0.0182519761636134,0.0172837239812539,0.0321363811388398,0.0315181466465339,0.032412279091174,0.0299072751314989,0.0289669357258941,0.0282167839099531
