C1_WGSerr_r0,C2_WGSerr_r0,C3_WGSerr_r0,C4_WGSerr_r0,C5_WGSerr_r0,C6_WGSerr_r0,C7_WGSerr_r0,C8_WGSerr_r0,C9_WGSerr_r0,C10_WGSerr_r0,C11_WGSerr_r0,C12_WGSerr_r0,C13_WGSerr_r0,C14_WGSerr_r0,C15_WGSerr_r0,C16_WGSerr_r0,C17_WGSerr_r0,C18_WGSerr_r0,C19_WGSerr_r0,C20_WGSerr_r0
Rank1,0.019717,0.160247,0.03787,0.097323,-0.060101,-0.02868,-0.020166,0.086072,0.00267099999999998,0.132495,-0.130894,-0.134498,-0.033662,-0.016252,-0.021641,-0.095244,-0.029489,-0.062567,-0.078099,-0.00788700000000003
Rank2,-0.023363,-0.015486,0.007465,-0.039776,0.03764,-0.006909,-0.034999,0.019221,-0.038468,-0.00986699999999999,0.076053,0.11934,0.025288,0.044052,0.026501,0.060684,-0.048135,0.03937,0.034156,-0.062789
Rank3,0.050378,0.00269299999999997,-0.038579,-0.075558,0.013449,0.00565800000000002,0.088083,-0.00852600000000001,0.029296,-0.038091,0.050588,0.013563,0.037394,0.00663699999999998,0.079344,0.06157,-0.018903,0.101934,0.012255,0.081953
Rank4,-0.026411,-0.036316,-0.00224300000000002,0.00465499999999999,0.021151,0.061194,-0.00997199999999999,-0.00399000000000002,-0.027779,-0.010423,0.061624,0.048518,-0.040106,0.014982,-0.001836,-0.014027,0.104483,-0.03615,0.027034,0.00597300000000001
Rank5,-0.012875,-0.020767,-0.00193800000000002,0.021158,0.00765800000000001,-0.017499,0.039126,-0.00415499999999999,0.03834,0.025423,0.033258,0.007988,0.020102,0.025321,-0.020011,0.014733,0.004703,0.007928,0.044776,-0.0077
Rank6,0.03957,0.01545,0.047446,0.051786,0.052383,0.028402,-0.000636999999999999,0.00825500000000001,0.069244,-0.010223,-0.008898,0.009679,0.031966,-0.003865,0.022207,0.053182,0.037898,0.02508,-0.00115199999999999,0.030885
