C1_WGSerr_r0,C18_WGSerr_r0,C19_WGSerr_r0,C2_WGSerr_r0,C20_WGSerr_r0,C3_WGSerr_r0,C4_WGSerr_r0,C5_WGSerr_r0,C6_WGSerr_r0,C7_WGSerr_r0,C8_WGSerr_r0,C10_WGSerr_r0,C9_WGSerr_r0,C11_WGSerr_r0,C12_WGSerr_r0,C13_WGSerr_r0,C14_WGSerr_r0,C15_WGSerr_r0,C16_WGSerr_r0,C17_WGSerr_r0
sorted_JSD,0.0232273840605587,0.0370756410811894,0.00786468769338505,0.0850011853347503,0.0131366199736537,0.0532310092063772,0.0529028887542397,0.0490883672889773,0.0328294695297455,0.0370636792051702,0.0674401128108484,0.0694677537668037,0.039322869924914,0.0418960036967022,0.0587896673041333,0.0265800360828772,0.0329900745505852,0.0358952717645452,0.0674146381358354,0.0306534311565536
