C1_WGSerr_r0,C18_WGSerr_r0,C19_WGSerr_r0,C2_WGSerr_r0,C20_WGSerr_r0,C3_WGSerr_r0,C4_WGSerr_r0,C5_WGSerr_r0,C6_WGSerr_r0,C7_WGSerr_r0,C8_WGSerr_r0,C10_WGSerr_r0,C9_WGSerr_r0,C11_WGSerr_r0,C12_WGSerr_r0,C13_WGSerr_r0,C14_WGSerr_r0,C15_WGSerr_r0,C16_WGSerr_r0,C17_WGSerr_r0
UnW_D,0,0.0857377117356757,0,0.10886641857613,0,0.0585606680381548,0,0.169325547190294,0.109690992848008,0.0903124230109252,0.0757022442649715,0.115711919242799,0.15695912321384,0.0903124230109252,0.0359492609225183,0.0359492609225183,0.0583703983265155,0.0585606680381548,0.0585606680381548,0.11777353586793
Weight_D,0.0186419769463904,0.0231275923261414,0.0229205692147513,0.0189027820240242,0.0279210174737455,0.0236918809816811,0.030188106951628,0.0239970022649751,0.0202929715422284,0.018393820794773,0.0280787525443716,0.0229676837915367,0.0195169661586087,0.0350974097982887,0.0347666694794447,0.0160039179925691,0.025530274934879,0.0230459128692075,0.0286994815845692,0.0283295932099331
Bray_D,0.125862782285979,0.158462053547541,0.139193179094659,0.168220665860814,0.157026176727998,0.146963360052596,0.162881903430818,0.168232226318265,0.148908436568167,0.137198273690061,0.204874892634221,0.151579012105247,0.149751825251364,0.202273868445592,0.180425682858991,0.106212071550047,0.159335132204676,0.157456012218686,0.170261073947216,0.169283738996216
JC_D,0,0.333333333333333,0,0.4,0,0.25,0,0.333333333333333,0.285714285714286,0.25,0.333333333333333,0.333333333333333,0.444444444444444,0.25,0.142857142857143,0.142857142857143,0.142857142857143,0.25,0.25,0.285714285714286
JSD,0.0170788651121038,0.0261542094887185,0.0144525672044153,0.0403775209983612,0.0194027427315047,0.0234865448737335,0.0158505843032711,0.0327414148041042,0.037494490407182,0.0222918816413547,0.038978099950239,0.0253993053684938,0.0598647076372205,0.0350449607247185,0.0241991606471299,0.0154283166474181,0.0189646479103988,0.0266683695262833,0.029194927694711,0.036940190616537
