C1_WGSerr_r0,C2_WGSerr_r0,C3_WGSerr_r0,C4_WGSerr_r0,C5_WGSerr_r0,C6_WGSerr_r0,C7_WGSerr_r0,C8_WGSerr_r0,C9_WGSerr_r0,C10_WGSerr_r0,C11_WGSerr_r0,C12_WGSerr_r0,C13_WGSerr_r0,C14_WGSerr_r0,C15_WGSerr_r0,C16_WGSerr_r0,C17_WGSerr_r0,C18_WGSerr_r0,C19_WGSerr_r0,C20_WGSerr_r0,C1_WGSerr_r1,C2_WGSerr_r1,C3_WGSerr_r1,C4_WGSerr_r1,C5_WGSerr_r1,C6_WGSerr_r1,C7_WGSerr_r1,C8_WGSerr_r1,C9_WGSerr_r1,C10_WGSerr_r1,C11_WGSerr_r1,C12_WGSerr_r1,C13_WGSerr_r1,C14_WGSerr_r1,C15_WGSerr_r1,C16_WGSerr_r1,C17_WGSerr_r1,C18_WGSerr_r1,C19_WGSerr_r1,C20_WGSerr_r1,C1_WGSerr_r2,C2_WGSerr_r2,C3_WGSerr_r2,C4_WGSerr_r2,C5_WGSerr_r2,C6_WGSerr_r2,C7_WGSerr_r2,C8_WGSerr_r2,C9_WGSerr_r2,C10_WGSerr_r2,C11_WGSerr_r2,C12_WGSerr_r2,C13_WGSerr_r2,C14_WGSerr_r2,C15_WGSerr_r2,C16_WGSerr_r2,C17_WGSerr_r2,C18_WGSerr_r2,C19_WGSerr_r2,C20_WGSerr_r2
sorted_JSD,0.143728762169267,0.14553359501636,0.166323530578458,0.0823038430308062,0.0760799538507971,0.11824681321569,0.119695644560115,0.0988506656559016,0.100797645982848,0.123463691858954,0.14267861374109,0.148435138384521,0.121156639937748,0.14160775462476,0.140610500466602,0.144148814177389,0.117545206695316,0.102555688477229,0.0883480324804375,0.145422132511878,1,1,1,1,1,1,1,1,1,1,1,1,1,1,1,1,1,1,1,1,1,1,1,1,1,1,1,1,1,1,1,1,1,1,1,1,1,1,1,1
