C1_WGSerr_r0,C10_WGSerr_r0,C11_WGSerr_r0,C12_WGSerr_r0,C13_WGSerr_r0,C14_WGSerr_r0,C15_WGSerr_r0,C16_WGSerr_r0,C17_WGSerr_r0,C18_WGSerr_r0,C19_WGSerr_r0,C2_WGSerr_r0,C20_WGSerr_r0,C3_WGSerr_r0,C4_WGSerr_r0,C5_WGSerr_r0,C6_WGSerr_r0,C7_WGSerr_r0,C8_WGSerr_r0,C9_WGSerr_r0
sorted_JSD,0.0989265899269956,0.100290336269211,0.118367241040572,0.0848719650504486,0.10383336711255,0.120052389203239,0.0388705175554367,0.0772925459415333,0.14302786189037,0.105635649956367,0.0584604979547061,0.0772410803209042,0.0372344468229657,0.0991006133093111,0.118197531688468,0.141167283780477,0.125867655494539,0.0962214129703174,0.0775233576706759,0.076961802430495
