C1_WGSerr_r0,C2_WGSerr_r0,C3_WGSerr_r0,C4_WGSerr_r0,C5_WGSerr_r0,C6_WGSerr_r0,C7_WGSerr_r0,C8_WGSerr_r0,C9_WGSerr_r0,C10_WGSerr_r0,C11_WGSerr_r0,C12_WGSerr_r0,C13_WGSerr_r0,C14_WGSerr_r0,C15_WGSerr_r0,C16_WGSerr_r0,C17_WGSerr_r0,C18_WGSerr_r0,C19_WGSerr_r0,C20_WGSerr_r0
GCA_001675145,-0.17827150105246,0.0657379411599782,0.051664080789379,0.1,0.15,0.057819701050409,0.014661529917791,0.1,0.129229843829383,-0.064545655252238,0.047880585942048,0.0834454878750503,0.132938099272499,0.137601902736641,0.079449937312478,0.1,0.020136032853764,0.089273391060979,0.035624610874496,-0.131482157638627
GCA_003586065,0.0315514741241252,0.1,-0.014020928174419,-0.203489364908558,-0.270082964276928,-0.356732286087635,-0.184356912976821,-0.311199556319111,-0.077424183153401,0.0433765464803167,0.05,0.05,-0.086182493457665,-0.374401279240111,-0.199640512029908,0.0507121805231166,-0.200206720072924,-0.189426848892237,-0.34312086555512,0.000451361969050906
GCA_008275005,0.0090628275647897,-0.178963426683718,-0.001541033859212,0.00227887985694597,0.065836283069661,0.05,0.014635008256463,0.00302434775190896,0.0377657631220011,-0.228830891228079,0.032066130550215,0.024846667334169,0.05,0.055035986156752,-0.002382084592707,0.021891357776998,0.05,0.027477443139808,0.1,0.05
GCA_002056065,-0.088989934235579,-0.08677451447626,-0.063502329791441,0.0582859543202083,-0.070126863062495,-0.051087414962774,0.0050603748025666,0.015703755327729,-0.206785664572018,0.1,-0.002269749372302,0.05,-0.165871788842295,0.05,0.0225726593101368,-0.125596997889463,0.0174760819323922,0.0043074095681863,0.05,0.05
GCA_900622695,0.0266471335991244,0.05,-0.072599788964307,-0.057075469268596,0.0243735442697612,0.05,0.05,-0.007528546760527,0.0172142407740347,0.05,-0.27767696711996,-0.308292155209219,0.019116183027461,-0.018236609653283,0.05,-0.147006540410652,-0.087405394713233,0.0183686051232639,0.0171847566348381,-0.168969204330424
GCA_002903105,0.2,0.05,0.1,0.1,0.1,0.25,0.1,0.2,0.1,0.1,0.15,0.1,0.05,0.15,0.05,0.1,0.2,0.05,0.15,0.2
