C1_WGSerr_r0,C2_WGSerr_r0,C3_WGSerr_r0,C4_WGSerr_r0,C5_WGSerr_r0,C6_WGSerr_r0,C7_WGSerr_r0,C8_WGSerr_r0,C9_WGSerr_r0,C10_WGSerr_r0,C11_WGSerr_r0,C12_WGSerr_r0,C13_WGSerr_r0,C14_WGSerr_r0,C15_WGSerr_r0,C16_WGSerr_r0,C17_WGSerr_r0,C18_WGSerr_r0,C19_WGSerr_r0,C20_WGSerr_r0
sorted_JSD,0.0536240199208302,0.0853323773473056,0.0379073941341282,0.0888146329908068,0.0973311175870531,0.137514714185964,0.0589216653754204,0.0846513324528935,0.0672050201273453,0.103613222595832,0.0772343360767205,0.110071160820366,0.0587652793772629,0.116396650076328,0.0479140753028784,0.0850830700282153,0.0777894686619095,0.0362878021737937,0.124821691707414,0.0939072795845238
