C10_WGSerr_r0,C11_WGSerr_r0,C12_WGSerr_r0,C13_WGSerr_r0,C14_WGSerr_r0,C15_WGSerr_r0,C16_WGSerr_r0,C17_WGSerr_r0,C18_WGSerr_r0,C19_WGSerr_r0,C1_WGSerr_r0,C20_WGSerr_r0,C2_WGSerr_r0,C3_WGSerr_r0,C4_WGSerr_r0,C5_WGSerr_r0,C6_WGSerr_r0,C7_WGSerr_r0,C8_WGSerr_r0,C9_WGSerr_r0
UnW_D,0.278687168569344,0.208564971275047,0.268731683209791,0.225971769115252,0.133227920524019,0.2185204566346,0.33787252973302,0.225971769115252,0.073061208589275,0.31221614254543,0.073061208589275,0.31221614254543,0.354024219320371,0.073061208589275,0.33787252973302,0.33787252973302,0.371431017160577,0.2185204566346,0.33787252973302,0.073061208589275
Weight_D,0.0404513091724357,0.053038808256845,0.0587175515467607,0.043937310441949,0.068722922233725,0.0376398569171739,0.0381979545689557,0.0453814861924708,0.0368063144486314,0.0554454947591218,0.048321382506414,0.0647580081982121,0.0497286567733467,0.0206393706500047,0.0432211048798968,0.0601783045041434,0.0615063825436682,0.0292355302935935,0.0530512211208971,0.0449373380368842
Bray_D,0.293376546480317,0.279946716492263,0.308292155209219,0.25205428229996,0.392637888893393,0.202022596622615,0.272603538300115,0.287612114786157,0.189426848892237,0.349658952253335,0.267261435288039,0.300451361969051,0.265737941159978,0.151664080789379,0.260564834177154,0.340209827339423,0.407819701050409,0.184356912976821,0.318728103079638,0.284209847725419
JC_D,0.5,0.333333333333333,0.5,0.333333333333333,0.333333333333333,0.333333333333333,0.333333333333333,0.333333333333333,0.166666666666667,0.5,0.166666666666667,0.5,0.5,0.166666666666667,0.333333333333333,0.333333333333333,0.5,0.333333333333333,0.333333333333333,0.166666666666667
JSD,0.103613222595832,0.0922980371270944,0.110071160820366,0.060915992527829,0.146869883939568,0.0535962164158687,0.0899589507638933,0.108233139394673,0.0362878021737937,0.137735975642896,0.0852361597870776,0.11997809601487,0.0853323773473056,0.0430847095707889,0.0952761984163926,0.115407093604771,0.168697381815554,0.0648202319143062,0.145792467191011,0.0698991294770675
