C1_WGSerr_r0,C2_WGSerr_r0,C3_WGSerr_r0,C4_WGSerr_r0,C5_WGSerr_r0,C6_WGSerr_r0,C7_WGSerr_r0,C8_WGSerr_r0,C9_WGSerr_r0,C10_WGSerr_r0,C11_WGSerr_r0,C12_WGSerr_r0,C13_WGSerr_r0,C14_WGSerr_r0,C15_WGSerr_r0,C16_WGSerr_r0,C17_WGSerr_r0,C18_WGSerr_r0,C19_WGSerr_r0,C20_WGSerr_r0
Rank1,-0.17827150105246,-0.178963426683718,-0.001541033859212,-0.053489364908558,-0.270082964276928,-0.306732286087635,-0.134356912976821,-0.161199556319111,-0.206785664572018,-0.228830891228079,-0.27767696711996,-0.308292155209219,-0.165871788842295,-0.324401279240111,-0.149640512029908,-0.147006540410652,-0.150206720072924,-0.189426848892237,-0.34312086555512,-0.131482157638627
Rank2,-0.088989934235579,-0.08677451447626,-0.022599788964307,-0.147721120143054,-0.020126863062495,-0.051087414962774,-0.035338470082209,-0.096975652248091,-0.077424183153401,-0.064545655252238,0.032066130550215,0.024846667334169,-0.086182493457665,0.00503598615675199,-0.052382084592707,-0.075596997889463,-0.087405394713233,0.027477443139808,0.035624610874496,-0.168969204330424
Rank3,0.126647133599124,0.0657379411599782,-0.063502329791441,-0.057075469268596,0.015836283069661,0.057819701050409,0.014635008256463,0.015703755327729,0.117214240774035,0.0433765464803167,0.047730250627698,0.0834454878750503,0.119116183027461,0.031763390346717,0.079449937312478,-0.028108642223002,-0.029863967146236,0.089273391060979,0.0671847566348381,0.100451361969051
Rank4,0.0315514741241252,0.1,-0.014020928174419,0.0582859543202083,0.0743735442697612,0.2,0.0050603748025666,0.042471453239473,0.0292298438293831,0.1,0.047880585942048,0.1,0.032938099272499,0.137601902736641,0.0225726593101368,0.0507121805231166,0.117476081932392,0.0043074095681863,0.1,0.1
Rank5,0.0590628275647897,0.05,0.00166408078937899,0.1,0.1,0.05,0.1,0.1,0.0377657631220011,0.1,0.1,0.05,0.05,0.1,0.05,0.1,0.1,0.0183686051232639,0.1,0.05
Rank6,0.05,0.05,0.1,0.1,0.1,0.05,0.05,0.1,0.1,0.05,0.05,0.05,0.05,0.05,0.05,0.1,0.05,0.05,0.05,0.05
