C1_WGSerr_r0,C18_WGSerr_r0,C19_WGSerr_r0,C2_WGSerr_r0,C20_WGSerr_r0,C3_WGSerr_r0,C4_WGSerr_r0,C5_WGSerr_r0,C6_WGSerr_r0,C7_WGSerr_r0,C8_WGSerr_r0,C10_WGSerr_r0,C9_WGSerr_r0,C11_WGSerr_r0,C12_WGSerr_r0,C13_WGSerr_r0,C14_WGSerr_r0,C15_WGSerr_r0,C16_WGSerr_r0,C17_WGSerr_r0
sorted_JSD,0.103177584017511,0.0078174489573117,0.00610963416692798,0.0971455080405612,0,0.105272121535989,0.104097501060499,0.10142011165489,0.0869059212195419,0.0923042965060875,0.0753133054230478,0.0732238016236252,0.0691165602802493,0.0538602059805346,0.0488790988355467,0.0395346259472301,0.0313625190306621,0.028697555879479,0.020929838150363,0.0141444345970805
