C1_WGSerr_r0,C18_WGSerr_r0,C19_WGSerr_r0,C2_WGSerr_r0,C20_WGSerr_r0,C3_WGSerr_r0,C4_WGSerr_r0,C5_WGSerr_r0,C6_WGSerr_r0,C7_WGSerr_r0,C8_WGSerr_r0,C10_WGSerr_r0,C9_WGSerr_r0,C11_WGSerr_r0,C12_WGSerr_r0,C13_WGSerr_r0,C14_WGSerr_r0,C15_WGSerr_r0,C16_WGSerr_r0,C17_WGSerr_r0
Rank1,0.0292929999999999,0.0141250000000001,0.00845899999999999,0.02979,0.00170099999999995,0.027206,0.010267,0.00691400000000009,0.000922999999999896,-0.00274600000000003,-0.000323999999999991,-0.00883199999999995,0.00151000000000001,0.0371790000000001,0.04201,0.034335,0.034693,0.021434,0.0264850000000001,0.014947
Rank2,0.016093,-0.00488099999999998,-0.002701,0.020947,0,0.021097,0.022528,0.028395,0.033994,0.032619,0.036218,0.038454,0.032481,-0.002247,-0.015848,-0.015134,-0.01304,-0.012816,-0.014229,-0.00193600000000002
