C1_WGSerr_r0,C18_WGSerr_r0,C19_WGSerr_r0,C2_WGSerr_r0,C20_WGSerr_r0,C3_WGSerr_r0,C4_WGSerr_r0,C5_WGSerr_r0,C6_WGSerr_r0,C7_WGSerr_r0,C8_WGSerr_r0,C10_WGSerr_r0,C9_WGSerr_r0,C11_WGSerr_r0,C12_WGSerr_r0,C13_WGSerr_r0,C14_WGSerr_r0,C15_WGSerr_r0,C16_WGSerr_r0,C17_WGSerr_r0
bench_rank1,0.95,0.9,0.95,0.9,1,0.85,0.8,0.75,0.7,0.65,0.6,0.5,0.55,0.55,0.6,0.65,0.7,0.75,0.8,0.85
bench_rank2,0.05,0.1,0.05,0.1,0,0.15,0.2,0.25,0.3,0.35,0.4,0.5,0.45,0.45,0.4,0.35,0.3,0.25,0.2,0.15
bench_rank3,0,0,0,0,0,0,0,0,0,0,0,0,0,0,0,0,0,0,0,0
predict_rank1,0.920707,0.885875,0.941541,0.87021,0.998299,0.822794,0.789733,0.743086,0.699077,0.652746,0.600324,0.508832,0.54849,0.512821,0.55799,0.615665,0.665307,0.728566,0.773515,0.835053
predict_rank2,0.033907,0.104881,0.052701,0.079053,0,0.128903,0.177472,0.221605,0.266006,0.317381,0.363782,0.461546,0.417519,0.452247,0.415848,0.365134,0.31304,0.262816,0.214229,0.151936
predict_rank3,0.0453859999999999,0.00924400000000003,0.00575800000000004,0.0507369999999999,0.00170099999999995,0.048303,0.032795,0.035309,0.0349169999999999,0.0298729999999999,0.0358940000000001,0.029622,0.0339909999999999,0.034932,0.026162,0.019201,0.021653,0.00861800000000001,0.012256,0.0130110000000001
