C1_WGSerr_r0,C18_WGSerr_r0,C19_WGSerr_r0,C2_WGSerr_r0,C20_WGSerr_r0,C3_WGSerr_r0,C4_WGSerr_r0,C5_WGSerr_r0,C6_WGSerr_r0,C7_WGSerr_r0,C8_WGSerr_r0,C10_WGSerr_r0,C9_WGSerr_r0,C11_WGSerr_r0,C12_WGSerr_r0,C13_WGSerr_r0,C14_WGSerr_r0,C15_WGSerr_r0,C16_WGSerr_r0,C17_WGSerr_r0
Rank1,0.0296689999999999,0.0181180000000001,0.012196,0.034431,0.004938,0.027466,0.013408,0.014227,0.00458099999999995,-0.00264500000000001,0.00183800000000001,-0.00744,0.00381500000000012,0.0387580000000001,0.0433410000000001,0.0347069999999999,0.035527,0.0253679999999999,0.028782,0.018749
Rank2,0.015063,-0.00468099999999999,-0.002163,0.018535,0,0.019834,0.020259,0.02773,0.034138,0.031461,0.036864,0.040015,0.032164,-0.00120199999999998,-0.015364,-0.016496,-0.012768,-0.012617,-0.013696,-0.00229499999999999
