C1_WGSerr_r0,C18_WGSerr_r0,C19_WGSerr_r0,C2_WGSerr_r0,C20_WGSerr_r0,C3_WGSerr_r0,C4_WGSerr_r0,C5_WGSerr_r0,C6_WGSerr_r0,C7_WGSerr_r0,C8_WGSerr_r0,C10_WGSerr_r0,C9_WGSerr_r0,C11_WGSerr_r0,C12_WGSerr_r0,C13_WGSerr_r0,C14_WGSerr_r0,C15_WGSerr_r0,C16_WGSerr_r0,C17_WGSerr_r0
UnW_D,0.157440497323005,0,0,0.157440497323005,0,0.157440497323005,0.157440497323005,0.157440497323005,0.122838445303553,0.122838445303553,0.122838445303553,0.122838445303553,0.122838445303553,0.122838445303553,0.119311755769234,0,0,0,0,0
Weight_D,0.00565900434183112,0.0014648176747645,0.000645642966298164,0.00664147233749727,0,0.00651222212836375,0.00535025464280806,0.00737973009893048,0.00718764194916244,0.0071576049277467,0.00705234192141425,0.00875214342742431,0.00624562051537547,0.00648930879640496,0.0089952314154368,0.0055875075554654,0.00480985597043596,0.00384002363337929,0.00407037356089708,0.00116163046197353
Bray_D,0.044718148413152,0.0114766055745527,0.00721569754674323,0.0519397247520441,0.00247511104918043,0.0466097454557099,0.0316023762661995,0.0408856692925998,0.0308885797241713,0.0287049502964662,0.0287211384183874,0.0361315741120977,0.0287573250907121,0.0277605130432892,0.0382959002929368,0.0258367565871038,0.024425449401464,0.019114363625293,0.0214004233936583,0.0106092825676843
JC_D,0.5,0,0,0.5,0,0.5,0.5,0.5,0.333333333333333,0.333333333333333,0.333333333333333,0.333333333333333,0.333333333333333,0.333333333333333,0.333333333333333,0,0,0,0,0
JSD,0.0162820564484193,5.04381889003989e-05,1.85944370845895e-05,0.0182590372481726,0,0.0163616775179292,0.0104994532828415,0.0142167407613461,0.00834384809266863,0.00840140563399699,0.00672346703234399,0.00894050492214881,0.00762158091091509,0.00550127721375718,0.00654474545923012,0.000293840186812435,0.000234992682103385,0.000167362158102348,0.000218170455101821,2.26928855941132e-05
