C1_WGSerr_r0,C10_WGSerr_r0,C11_WGSerr_r0,C12_WGSerr_r0,C13_WGSerr_r0,C14_WGSerr_r0,C15_WGSerr_r0,C16_WGSerr_r0,C17_WGSerr_r0,C18_WGSerr_r0,C19_WGSerr_r0,C2_WGSerr_r0,C20_WGSerr_r0,C3_WGSerr_r0,C4_WGSerr_r0,C5_WGSerr_r0,C6_WGSerr_r0,C7_WGSerr_r0,C8_WGSerr_r0,C9_WGSerr_r0
sorted_JSD,0.142747981356326,0.125014883772903,0.142722023591709,0.151902483322334,0.121153457654728,0.141419518299283,0.141016337355112,0.148411403556278,0.166578949253038,0.102896823417656,0.081114766068158,0.147095145932389,0.146173538188386,0.16593737590153,0.123828558065046,0.117474951085667,0.120352416340998,0.120530358104426,0.104718393324122,0.101265080375131
