C1_WGSerr_r0,C18_WGSerr_r0,C19_WGSerr_r0,C2_WGSerr_r0,C20_WGSerr_r0,C3_WGSerr_r0,C4_WGSerr_r0,C5_WGSerr_r0,C6_WGSerr_r0,C7_WGSerr_r0,C8_WGSerr_r0,C10_WGSerr_r0,C9_WGSerr_r0,C11_WGSerr_r0,C12_WGSerr_r0,C13_WGSerr_r0,C14_WGSerr_r0,C15_WGSerr_r0,C16_WGSerr_r0,C17_WGSerr_r0
Rank1,0.013562,-0.000128000000000017,-0.0151709999999999,0.00709900000000002,0.027795,-0.00241300000000005,0.015357,0.00157000000000002,0.00400100000000003,4.70000000000192e-05,0.0443789999999999,0.00783999999999996,0.00533400000000001,-0.021332,0.030902,0.00940799999999997,0.00193799999999994,-0.00291599999999997,0.00370499999999996,0.055587
Rank2,0.051614,0.00133800000000001,0.06124,0.044982,0.00792300000000001,0.05589,-0.00601000000000002,0.063652,0.038632,0.00641600000000001,0.010682,0.00622100000000003,0.041207,0.014057,0.025352,0.00519600000000001,0.00485999999999998,0.054259,0.010098,0.00686100000000001
Rank3,0.00388000000000002,0.058528,0.012696,-0.00450299999999998,0.011604,0.00310199999999999,0.043174,-0.00342799999999999,-0.006276,0.00611100000000001,0.007021,0.024983,0.00399099999999999,0.010375,0.012083,0.00540199999999999,0.00482199999999999,0.007493,0.042329,0.010638
Rank4,0.006065,0.009355,0.023728,0.008492,0.013647,0.00501699999999999,0.00408599999999999,0.00269800000000001,0.00300699999999998,0.023721,0.010324,0.00835200000000001,0.00805400000000001,0.029413,0.00849000000000001,0.029791,0.061381,0.000907000000000005,-0.00753500000000001,0.00506299999999998
