C1_WGSerr_r0,C18_WGSerr_r0,C19_WGSerr_r0,C2_WGSerr_r0,C20_WGSerr_r0,C3_WGSerr_r0,C4_WGSerr_r0,C5_WGSerr_r0,C6_WGSerr_r0,C7_WGSerr_r0,C8_WGSerr_r0,C10_WGSerr_r0,C9_WGSerr_r0,C11_WGSerr_r0,C12_WGSerr_r0,C13_WGSerr_r0,C14_WGSerr_r0,C15_WGSerr_r0,C16_WGSerr_r0,C17_WGSerr_r0
UnW_D,0.101416622042734,0.144365372093326,0.187312776115555,0.0313419242977176,0.220796818498285,0.0945057603054748,0.0694996591244392,0.0586997290212847,0,0.0313419242977176,0.0851881310263407,0.0889188806807655,0.0547667203973171,0.253861963248772,0.0961427413284036,0.0291302054532096,0.143697465479416,0.0313419242977176,0,0.0547667203973171
Weight_D,0.00404165554643066,0.00590859311882095,0.0104774760914963,0.00477647913557987,0.00612540630286707,0.0041341044152279,0.00468951218863571,0.00635946505861461,0.00471688836744194,0.00341769449426943,0.00324410799490092,0.00172876016558952,0.00433936009112282,0.00716147856609385,0.00671986907113331,0.00373813491868469,0.00550162243752532,0.00625100979207397,0.00544850586332843,0.00530041268969956
Bray_D,0.0523838992793077,0.0573292079583952,0.0970444463494097,0.0448834933481446,0.0576297108805051,0.0493731490020354,0.0406591264149486,0.0495351585722633,0.0264791628838805,0.0252481371381871,0.0520143547784621,0.0367988610694865,0.044412244618301,0.0591368583375646,0.0807084262250908,0.0319574274517954,0.0583407784086551,0.0394526564535905,0.0326262694071906,0.0545340981699919
JC_D,0.333333333333333,0.428571428571429,0.5,0.2,0.5,0.333333333333333,0.2,0.333333333333333,0,0.2,0.333333333333333,0.333333333333333,0.333333333333333,0.4,0.428571428571429,0.2,0.428571428571429,0.2,0,0.333333333333333
JSD,0.0104104317635099,0.0172765255786969,0.0405774140526994,0.0088526795644183,0.0195709275854233,0.0119116687459881,0.0054972522480351,0.0107918152749188,0.000669894300933427,0.00555643220618708,0.0107859100922165,0.00929886527523134,0.0110126449446811,0.0251024357968212,0.0177921494198572,0.00774961526720814,0.018601922152082,0.00493008888549242,0.00107429712861738,0.010983843231986
