C10_WGSerr_r0,C11_WGSerr_r0,C12_WGSerr_r0,C13_WGSerr_r0,C14_WGSerr_r0,C15_WGSerr_r0,C16_WGSerr_r0,C17_WGSerr_r0,C18_WGSerr_r0,C19_WGSerr_r0,C1_WGSerr_r0,C20_WGSerr_r0,C2_WGSerr_r0,C3_WGSerr_r0,C4_WGSerr_r0,C5_WGSerr_r0,C6_WGSerr_r0,C7_WGSerr_r0,C8_WGSerr_r0,C9_WGSerr_r0
UnW_D,0.309785486372303,0.309785486372303,0.353752038526249,0.312080514905475,0.331999906613195,0.423832051329546,0.353752038526249,0.331999906613195,0.564070311629041,0.753218175662154,0.572834114802433,0.353752038526249,0.402250565229975,0.297006105771838,0.370190524637493,0.423832051329546,0.598014915647813,0.402250565229975,0.423832051329546,0.363706335808317
Weight_D,0.0568826990509668,0.0648663403248938,0.0836826970160761,0.0713625534759945,0.092965130650956,0.0752216733275686,0.0686146374823252,0.0872723567332825,0.103884210565731,0.057069682229063,0.06669129741618,0.0994605898417377,0.0688957534159633,0.0524127429440036,0.0644564585355713,0.0687341524264646,0.0881208244298234,0.069457707418103,0.0586649438336679,0.0667845174643441
Bray_D,0.329931290350497,0.386835213409716,0.523658222976857,0.35347011679857,0.660148312102214,0.488314989102692,0.523468565053128,0.512150466301693,0.564680841459321,0.45,0.37903701472429,0.587195155891898,0.433708903269793,0.343072005915185,0.371277817336441,0.465015994518641,0.55,0.418521454681856,0.307484419929235,0.418714919916674
JC_D,0.5,0.5,0.555555555555556,0.5,0.555555555555556,0.555555555555556,0.555555555555556,0.555555555555556,0.777777777777778,0.777777777777778,0.555555555555556,0.555555555555556,0.555555555555556,0.444444444444444,0.625,0.555555555555556,0.777777777777778,0.555555555555556,0.555555555555556,0.5
JSD,0.130638677051611,0.149355656513945,0.330047334800898,0.154158602909028,0.396772487662187,0.237632243758812,0.257047807086792,0.263694835489318,0.28902514331073,0.23629551361899,0.184959208034992,0.302658235750499,0.231584380140093,0.162957195124712,0.14819451866597,0.31410851984249,0.275518711177295,0.185926242518613,0.112196991462674,0.160707581498164
