C10_WGSerr_r0,C11_WGSerr_r0,C12_WGSerr_r0,C13_WGSerr_r0,C14_WGSerr_r0,C15_WGSerr_r0,C16_WGSerr_r0,C17_WGSerr_r0,C18_WGSerr_r0,C19_WGSerr_r0,C1_WGSerr_r0,C20_WGSerr_r0,C2_WGSerr_r0,C3_WGSerr_r0,C4_WGSerr_r0,C5_WGSerr_r0,C6_WGSerr_r0,C7_WGSerr_r0,C8_WGSerr_r0,C9_WGSerr_r0
sorted_JSD,0.118670654348232,0.149355656513945,0.11070802444391,0.136379896592316,0.136249942532723,0.127934025826764,0.118490294562018,0.105834085474247,0.18012679962912,0.117970453235025,0.100956370194198,0.134633189337252,0.102292639690351,0.084821813110275,0.14819451866597,0.0847152185658446,0.169002079946506,0.101384224444347,0.0877412586894996,0.131902509770307
