C10_WGSerr_r0,C11_WGSerr_r0,C12_WGSerr_r0,C13_WGSerr_r0,C14_WGSerr_r0,C15_WGSerr_r0,C16_WGSerr_r0,C17_WGSerr_r0,C18_WGSerr_r0,C19_WGSerr_r0,C1_WGSerr_r0,C20_WGSerr_r0,C2_WGSerr_r0,C3_WGSerr_r0,C4_WGSerr_r0,C5_WGSerr_r0,C6_WGSerr_r0,C7_WGSerr_r0,C8_WGSerr_r0,C9_WGSerr_r0
GCA_008275005,0.170068709649503,0.33797081570888,0.126341777023143,0.15596864437538,0.033746742258633,0,0.285942755815685,0.0676248240259307,0,0.123314439732515,0.32910822862909,0.0128048441081017,0.223623154242155,0.147026585086892,0.292609531337848,0,0,0.613082134001622,0,0.0312850800833261
GCA_001901465,0,0,0.440437630573424,0,0.49222748045382,0.1409459217069,0.20722207875877,0.125655152047897,0.1647103811542,0.195803131364912,0.149516608083651,0.204480979075678,0.235217831600685,0.11311271017165,0,0.455817461728279,0.157473063355912,0.0992293477121059,0.0105678111299265,0
GCA_002903105,0.230041157649393,0.0631647865902835,0,0,0.064372293724419,0.32269540393463,0,0.141562376881532,0.135319158540679,0.680882428902573,0.0709629852757097,0,0.0662910967302073,0.239974791620215,0,0.152046968080502,0,0.06814609100283,0.137054837463188,0.319099730889828
GCA_003586065,0.289000215881923,0.145981699577,0.104274114135991,0.128241305153934,0.0917326519147339,0.089691850790133,0.121041584524229,0.0962871568167755,0,0,0.133019269803591,0.246792582500656,0,0.118697431361082,0.671277817336441,0.10715156470986,0,0,0.262537797074517,0
GCA_001675145,0.310889916819181,0.452882698123836,0.15738278808147,0.569260167269257,0.317920831648394,0.424673663461162,0.359262145954444,0.568870490227865,0.699970460305121,0,0,0.418823355652141,0.241862808623505,0.321287072762238,0.0361126513257109,0.0976832342845577,0.291241242831597,0.106209972968128,0.434378811724791,0.185645648299837
GCA_003018655,0,0,0.171563690185972,0.14652988320143,0,0.0219931601071749,0.0265314349468719,0,0,0,0.317392908207958,0.117098238663423,0.233005108803447,0.0599014089979235,0,0.187300771196801,0.551285693812491,0.113332454315314,0.155460742607577,0.463969540727009
