C1_WGSerr_r0,C18_WGSerr_r0,C19_WGSerr_r0,C2_WGSerr_r0,C20_WGSerr_r0,C3_WGSerr_r0,C4_WGSerr_r0,C5_WGSerr_r0,C6_WGSerr_r0,C7_WGSerr_r0,C8_WGSerr_r0,C10_WGSerr_r0,C9_WGSerr_r0,C11_WGSerr_r0,C12_WGSerr_r0,C13_WGSerr_r0,C14_WGSerr_r0,C15_WGSerr_r0,C16_WGSerr_r0,C17_WGSerr_r0
sorted_JSD,0.060192961954925,0.0328276162355948,0.0551445686464169,0.0671452303096114,0.0409589316133784,0.0297666042756144,0.0600531828145636,0.0304473331763066,0.0768129810813738,0.0675052700866187,0.0276900489830132,0.0329124378128772,0.0647041048769349,0.0424977351186967,0.0682633016659798,0.0421632743810594,0.0402483697850217,0.0260389174914385,0.0544940216303641,0.0246081673988031
