C1_WGSerr_r0,C18_WGSerr_r0,C19_WGSerr_r0,C2_WGSerr_r0,C20_WGSerr_r0,C3_WGSerr_r0,C4_WGSerr_r0,C5_WGSerr_r0,C6_WGSerr_r0,C7_WGSerr_r0,C8_WGSerr_r0,C10_WGSerr_r0,C9_WGSerr_r0,C11_WGSerr_r0,C12_WGSerr_r0,C13_WGSerr_r0,C14_WGSerr_r0,C15_WGSerr_r0,C16_WGSerr_r0,C17_WGSerr_r0
Rank1,0.036059,-0.021529,0.135188,-0.00303099999999998,0.021798,0.03945,-0.057981,-0.052414,0.01206,0.052806,-0.013614,0.013144,0.026718,-0.021015,-0.030668,-0.00742899999999996,-0.048184,0.082981,-0.01307,0.024456
Rank2,0.023616,-0.036933,-0.078789,-0.016728,-0.006021,0.021851,0.086219,0.00107800000000002,-0.00411700000000001,-0.00584400000000002,0.001334,0.032088,0.033009,0.060618,0.00137899999999999,0.010412,0.00574,-0.00997400000000001,-0.035858,-0.020525
Rank3,-0.017053,-0.00573599999999999,-0.01954,-0.007438,-0.004771,0.028931,0.000175999999999996,0.034848,-0.00241,0.024753,-0.024061,-0.01153,-0.00123500000000001,-0.021248,0.00425599999999998,0.025991,0.030516,0.020782,0.00247999999999998,0.030205
Rank4,-0.012335,0.049826,0.029766,0.049008,0.00398799999999999,-0.019764,0.021533,-0.00463999999999999,-0.00601699999999999,-0.019921,0.039224,0.021685,0.022048,-0.01253,0.036915,0.030317,-0.012177,-0.027891,0.034161,-0.016729
Rank5,-0.001916,0.00826300000000001,-0.009044,0.010025,-0.020873,-0.010624,-0.00489199999999999,-6.49999999999956e-05,0.018803,-0.011342,0.018598,-0.00441299999999999,-0.00802,0.003966,0.002721,-0.010431,0.003985,-0.023111,0.038271,0.005622
Rank6,0.014512,-0.00811899999999999,-0.008003,0.014936,0.004358,-0.00999299999999999,0.001061,0.003264,0.046293,0.032535,0.002658,0.011241,-0.018284,0.020584,0.02054,-0.005034,0.010688,-0.014244,0.010604,0.01036
Rank7,0.02679,0.01475,-0.002955,0.032008,0.048271,0.000828999999999996,0.001259,0.010164,-0.002922,-0.008299,0.003355,-0.00371,-0.008746,0.038104,0.041895,-0.00737399999999999,0.025434,-0.011961,0.00170100000000001,0.00154
Rank8,0.001035,0.05,0.00237,-0.007732,0.020828,0.016625,0.022437,0.05,0.014073,-0.007582,0.028286,-0.002237,0.003432,-0.00258,0.002145,0.017219,0.034038,0.031097,0.019536,0.034283
