C1_WGSerr_r0,C18_WGSerr_r0,C19_WGSerr_r0,C2_WGSerr_r0,C20_WGSerr_r0,C3_WGSerr_r0,C4_WGSerr_r0,C5_WGSerr_r0,C6_WGSerr_r0,C7_WGSerr_r0,C8_WGSerr_r0,C10_WGSerr_r0,C9_WGSerr_r0,C11_WGSerr_r0,C12_WGSerr_r0,C13_WGSerr_r0,C14_WGSerr_r0,C15_WGSerr_r0,C16_WGSerr_r0,C17_WGSerr_r0
Rank1,-0.00689300000000004,-0.038508,-0.0334169999999999,0.00512400000000002,0.118062,-0.034085,-0.016659,-0.028776,-0.041145,-0.0262089999999999,0.146885,-0.051006,0.00174700000000005,-0.018082,0.00418299999999999,-0.0211870000000001,-0.01968,-0.045796,-0.03231,0.054185
Rank2,0.117494,0.004743,0.060403,0.028556,-0.035472,0.129274,-0.00947900000000002,0.069739,0.085376,0.00367800000000001,-0.032465,0.00927299999999998,0.080137,0.028051,0.054459,0.016911,-0.01822,0.120578,0.015172,0.062048
Rank3,-0.030575,0.088161,0.012318,0.033175,-0.005216,-0.017059,0.060637,0.010739,0.00781699999999999,0.014202,-0.017642,0.109387,-0.014744,0.00391900000000001,0.041996,0.00231399999999998,0.018793,-0.00648799999999999,0.047849,-0.011983
Rank4,-0.013634,0.011798,0.018781,-0.00132399999999999,0.007483,0.00757099999999999,0.030962,0.024788,0.010251,0.055904,-0.000127999999999989,0.004887,-0.013584,0.024766,-0.00459699999999999,0.038289,0.09554,0.010141,0.040424,-0.02202
