C1_WGSerr_r0,C18_WGSerr_r0,C19_WGSerr_r0,C2_WGSerr_r0,C20_WGSerr_r0,C3_WGSerr_r0,C4_WGSerr_r0,C5_WGSerr_r0,C6_WGSerr_r0,C7_WGSerr_r0,C8_WGSerr_r0,C10_WGSerr_r0,C9_WGSerr_r0,C11_WGSerr_r0,C12_WGSerr_r0,C13_WGSerr_r0,C14_WGSerr_r0,C15_WGSerr_r0,C16_WGSerr_r0,C17_WGSerr_r0
bench_rank1,0.95,0.9,0.95,0.9,1,0.85,0.8,0.75,0.7,0.65,0.6,0.5,0.55,0.55,0.6,0.65,0.7,0.75,0.8,0.85
bench_rank2,0.05,0.1,0.05,0.1,0,0.15,0.2,0.25,0.3,0.35,0.4,0.5,0.45,0.45,0.4,0.35,0.3,0.25,0.2,0.15
bench_rank3,0,0,0,0,0,0,0,0,0,0,0,0,0,0,0,0,0,0,0,0
predict_rank1,0.913724,0.902218,0.951664,0.866829,1,0.81933,0.776971,0.723924,0.675395,0.624033,0.572671,0.49013,0.526689,0.54161,0.589109,0.638318,0.698398,0.743023,0.793644,0.852446
predict_rank2,0.037879,0.091553,0.042129,0.090423,0,0.13729,0.190492,0.237298,0.293072,0.338603,0.390961,0.48801,0.443244,0.435646,0.381037,0.345974,0.284838,0.250073,0.192834,0.14006
predict_rank3,0.0483969999999999,0.00622900000000004,0.00620699999999996,0.042748,0,0.0433800000000001,0.0325369999999999,0.038778,0.031533,0.037364,0.036368,0.02186,0.0300669999999998,0.0227440000000001,0.029854,0.0157080000000001,0.016764,0.00690400000000002,0.013522,0.007494
