C1_WGSerr_r0,C18_WGSerr_r0,C19_WGSerr_r0,C2_WGSerr_r0,C20_WGSerr_r0,C3_WGSerr_r0,C4_WGSerr_r0,C5_WGSerr_r0,C6_WGSerr_r0,C7_WGSerr_r0,C8_WGSerr_r0,C10_WGSerr_r0,C9_WGSerr_r0,C11_WGSerr_r0,C12_WGSerr_r0,C13_WGSerr_r0,C14_WGSerr_r0,C15_WGSerr_r0,C16_WGSerr_r0,C17_WGSerr_r0
UnW_D,0.157440497323005,0,0,0.157440497323005,0,0.157440497323005,0.122838445303553,0.157440497323005,0.157440497323005,0.157440497323005,0.157440497323005,0,0.122838445303553,0.122838445303553,0.119311755769234,0,0,0,0,0
Weight_D,0.00539697086376908,0.00188851762628496,0.00182488780868862,0.00451674248156247,0,0.00507443417567208,0.00290110403698787,0.00426559048216711,0.00298234424764805,0.00389837215330115,0.0027924541657143,0.000259942813468884,0.00216120565392806,0.00252851687568134,0.00108395055317397,0.000358672279139124,0.00247197838261189,0.000434523130671554,0.00108486624461256,0.00213062237535971
Bray_D,0.0483969999999999,0.00534915995869132,0.00478234199839207,0.0423429110513748,0,0.0429335284910411,0.0276460596801913,0.0362017673240572,0.030173302970765,0.035027802309391,0.0319352314246936,0.0110507850809346,0.0263197917184283,0.0211901393462122,0.0216929626948,0.00791617362767176,0.00845285180381962,0.00353721045047504,0.00680702227761901,0.00621629244780195
JC_D,0.5,0,0,0.5,0,0.5,0.333333333333333,0.5,0.5,0.5,0.5,0,0.333333333333333,0.333333333333333,0.333333333333333,0,0,0,0,0
JSD,0.0173689471293228,8.92524573638304e-05,0.000164377175861666,0.0148017450063351,0,0.0149963607483534,0.00794175343978967,0.0117990041285822,0.0100939793376416,0.0114634755356239,0.00962975172152818,5.87192217955609e-07,0.00790156149660814,0.0068612442253083,0.00469157406763171,1.22730258785589e-06,6.38542609503832e-05,2.18244609708325e-06,1.61182092052381e-05,7.93075170791818e-05
