C1_WGSerr_r0,C18_WGSerr_r0,C19_WGSerr_r0,C2_WGSerr_r0,C20_WGSerr_r0,C3_WGSerr_r0,C4_WGSerr_r0,C5_WGSerr_r0,C6_WGSerr_r0,C7_WGSerr_r0,C8_WGSerr_r0,C10_WGSerr_r0,C9_WGSerr_r0,C11_WGSerr_r0,C12_WGSerr_r0,C13_WGSerr_r0,C14_WGSerr_r0,C15_WGSerr_r0,C16_WGSerr_r0,C17_WGSerr_r0
sorted_JSD,0.0982590000008392,0.0091616324860078,0.00150318902455668,0.0975214409497559,0,0.105143514954729,0.106815276948866,0.0992344222877364,0.0853280714743139,0.0891855385059078,0.0783543656849413,0.0657496504592866,0.063217244728842,0.0551424455971198,0.048552069989469,0.0444529144212551,0.0324695652190024,0.0308064374994311,0.0262757684923077,0.0218471704923736
