C1_WGSerr_r0,C18_WGSerr_r0,C19_WGSerr_r0,C2_WGSerr_r0,C20_WGSerr_r0,C3_WGSerr_r0,C4_WGSerr_r0,C5_WGSerr_r0,C6_WGSerr_r0,C7_WGSerr_r0,C8_WGSerr_r0,C10_WGSerr_r0,C9_WGSerr_r0,C11_WGSerr_r0,C12_WGSerr_r0,C13_WGSerr_r0,C14_WGSerr_r0,C15_WGSerr_r0,C16_WGSerr_r0,C17_WGSerr_r0
sorted_JSD,0.0407838782615344,0.0778913132530863,0.0715608394501663,0.0531403943005539,0.0803834749594741,0.0924843292633844,0.0437377783760474,0.0593493923883258,0.0527579654693165,0.0277341342674435,0.10338469441973,0.0424578875737434,0.0362350465962501,0.0561101922879179,0.0899182489141058,0.0144132472798968,0.0641210217742402,0.0666074770613057,0.0409580864547643,0.0546506606099523
