C1_WGSerr_r0,C18_WGSerr_r0,C19_WGSerr_r0,C2_WGSerr_r0,C20_WGSerr_r0,C3_WGSerr_r0,C4_WGSerr_r0,C5_WGSerr_r0,C6_WGSerr_r0,C7_WGSerr_r0,C8_WGSerr_r0,C10_WGSerr_r0,C9_WGSerr_r0,C11_WGSerr_r0,C12_WGSerr_r0,C13_WGSerr_r0,C14_WGSerr_r0,C15_WGSerr_r0,C16_WGSerr_r0,C17_WGSerr_r0
UnW_D,0.0747470340283696,0.123998391990496,0.187312776115555,0.193523941246194,0.114210388226699,0.202419775049817,0.0461924122059235,0.0747470340283696,0.0461924122059235,0.0291302054532096,0.147185052453264,0.0461924122059235,0.0291302054532096,0.237156592515432,0.163122884192122,0,0.134555909988524,0.0747470340283696,0.139007127501316,0.0526607952071376
Weight_D,0.0170660191593892,0.0156671531987414,0.0101262893449233,0.0144726745850187,0.0212035288880776,0.0191785912293537,0.0168141098877033,0.0210366599135379,0.0212684925916314,0.0169872655000065,0.0175474489898791,0.0201641122464655,0.0118323809104922,0.0122316974353441,0.0155236455528783,0.0177080087586046,0.0192436336071474,0.0224284268567325,0.0200916550231656,0.0199717206609667
Bray_D,0.120425826571227,0.134357597671501,0.0885519712825258,0.119761229152561,0.162959585246703,0.189242520655237,0.103780942761491,0.13801721516499,0.125188521489143,0.0924849675345735,0.157727372780278,0.124230209699063,0.0828482750594242,0.0934288006462694,0.146532298606115,0.0865279164677878,0.13917677567927,0.144117579783922,0.134085334949738,0.13176800116691
JC_D,0.333333333333333,0.428571428571429,0.5,0.5,0.333333333333333,0.6,0.2,0.333333333333333,0.2,0.2,0.428571428571429,0.2,0.2,0.571428571428572,0.5,0,0.428571428571429,0.333333333333333,0.428571428571429,0.333333333333333
JSD,0.0174546438846557,0.0319443903217341,0.045651243834508,0.0288165331423986,0.0266984877293994,0.0599732056106768,0.0192767536879018,0.0237965468158027,0.0166147283674566,0.0170875572719099,0.0363061517096344,0.0130749772690466,0.0102934284011087,0.038386262838624,0.0338363506027514,0.00677693069850615,0.036282349703325,0.0244163072871834,0.0230636308141206,0.0211032933349097
