C1_WGSerr_r0,C10_WGSerr_r0,C11_WGSerr_r0,C12_WGSerr_r0,C13_WGSerr_r0,C14_WGSerr_r0,C15_WGSerr_r0,C16_WGSerr_r0,C17_WGSerr_r0,C18_WGSerr_r0,C19_WGSerr_r0,C2_WGSerr_r0,C20_WGSerr_r0,C3_WGSerr_r0,C4_WGSerr_r0,C5_WGSerr_r0,C6_WGSerr_r0,C7_WGSerr_r0,C8_WGSerr_r0,C9_WGSerr_r0
sorted_JSD,0.0038577858550364,0.0766253467143463,0.0501517402061561,0.0934080969556891,0.0784355587367591,0.0668488230853378,0.0974264895278167,0.000818961726054701,0.0688265277451821,0.00485241982613296,0.00907255428248013,0.0804314051645858,0,0.0516630229782846,0.0679797578175164,0.125533990546368,0.136730857294084,0.0404613753635535,0.000143733034984617,0.0602950522994151
