C1_WGSerr_r0,C2_WGSerr_r0,C3_WGSerr_r0,C4_WGSerr_r0,C5_WGSerr_r0,C6_WGSerr_r0,C7_WGSerr_r0,C8_WGSerr_r0,C9_WGSerr_r0,C10_WGSerr_r0,C11_WGSerr_r0,C12_WGSerr_r0,C13_WGSerr_r0,C14_WGSerr_r0,C15_WGSerr_r0,C16_WGSerr_r0,C17_WGSerr_r0,C18_WGSerr_r0,C19_WGSerr_r0,C20_WGSerr_r0,C1_WGSerr_r1,C2_WGSerr_r1,C3_WGSerr_r1,C4_WGSerr_r1,C5_WGSerr_r1,C6_WGSerr_r1,C7_WGSerr_r1,C8_WGSerr_r1,C9_WGSerr_r1,C10_WGSerr_r1,C11_WGSerr_r1,C12_WGSerr_r1,C13_WGSerr_r1,C14_WGSerr_r1,C15_WGSerr_r1,C16_WGSerr_r1,C17_WGSerr_r1,C18_WGSerr_r1,C19_WGSerr_r1,C20_WGSerr_r1,C1_WGSerr_r2,C2_WGSerr_r2,C3_WGSerr_r2,C4_WGSerr_r2,C5_WGSerr_r2,C6_WGSerr_r2,C7_WGSerr_r2,C8_WGSerr_r2,C9_WGSerr_r2,C10_WGSerr_r2,C11_WGSerr_r2,C12_WGSerr_r2,C13_WGSerr_r2,C14_WGSerr_r2,C15_WGSerr_r2,C16_WGSerr_r2,C17_WGSerr_r2,C18_WGSerr_r2,C19_WGSerr_r2,C20_WGSerr_r2
Rank1,-0.109392257333664,-0.158502697318414,-0.079627574456894,-0.178277254877476,-0.059440461734651,-0.148159098560903,-0.175756030228795,-0.112230289582833,-0.200015901080173,-0.058931644878489,-0.022721416646441,-0.00422165875589003,-0.178886957999851,-0.097284969998469,-0.14290826645059,-0.063909439180433,-0.038969957544657,-0.088989380157585,-0.110641664381454,-0.149747974697754,0,0,0,0,0,0,0,0,0,0,0,0,0,0,0,0,0,0,0,0,0,0,0,0,0,0,0,0,0,0,0,0,0,0,0,0,0,0,0,0
Rank2,-0.033484637205737,0.031380989738047,-0.00436787125746102,-0.00384666989259203,0.038246918495689,0.043754409538584,0.021196838657835,-0.081635755584791,0.04414469252487,-0.018412680738692,-0.086210936717358,-0.039101399529349,0.064749952093179,-0.037713971507981,0.030573951763027,-0.035426676404767,-0.041817136758269,-0.038749646783005,0.0106416643814538,0.010141735187785,0,0,0,0,0,0,0,0,0,0,0,0,0,0,0,0,0,0,0,0,0,0,0,0,0,0,0,0,0,0,0,0,0,0,0,0,0,0,0,0
Rank3,0.062782160715475,0.02303374404843,0.039908556381952,0.0821239247700685,-0.001719865026164,0.030095646999584,0.0760535096079639,0.1,0.040420337533644,0.027344325617181,0.0589323533637994,-0.056676941714761,0.0641370059066712,0.039530131781894,0.012334314687563,0.050351643245203,-0.00384263792713199,0.051087188729243,0.05,0.0896062395099692,0,0,0,0,0,0,0,0,0,0,0,0,0,0,0,0,0,0,0,0,0,0,0,0,0,0,0,0,0,0,0,0,0,0,0,0,0,0,0,0
Rank4,0.0800947338239262,0.104087963531936,0.044086889332403,0.1,0.022913408265126,0.0743090420227351,0.0785056819629954,0.1,0.115450871021659,0.05,0.05,0.1,0.05,0.0954688097245567,0.1,0.048984472339997,0.0846297322300581,0.0766518382113463,0.05,0.05,0,0,0,0,0,0,0,0,0,0,0,0,0,0,0,0,0,0,0,0,0,0,0,0,0,0,0,0,0,0,0,0,0,0,0,0,0,0,0,0
