C10_WGSerr_r0,C11_WGSerr_r0,C12_WGSerr_r0,C13_WGSerr_r0,C14_WGSerr_r0,C15_WGSerr_r0,C16_WGSerr_r0,C17_WGSerr_r0,C18_WGSerr_r0,C19_WGSerr_r0,C1_WGSerr_r0,C20_WGSerr_r0,C2_WGSerr_r0,C3_WGSerr_r0,C4_WGSerr_r0,C5_WGSerr_r0,C6_WGSerr_r0,C7_WGSerr_r0,C8_WGSerr_r0,C9_WGSerr_r0
UnW_D,0.0769907701942391,0.195668027172504,0.173393870429713,0.195668027172504,0,0.454436141389092,0,0,0,0.693971600425717,0,0.0769907701942391,0,0,0.454436141389092,0,0,0,0.693971600425717,0
Weight_D,0.0134895843599553,0.024195678643597,0.0204207088061789,0.032893660421154,0.0236331959549384,0.0309558847423698,0.0192709154994796,0.0218352241725729,0.0258285509919138,0.019747642226477,0.0296365302886673,0.0325261843856225,0.0393126494800918,0.0160808557313603,0.0382117922714706,0.0121543664864137,0.0295344281328879,0.0349576897294783,0.0425510630794256,0.0498328048387335
Bray_D,0.077344325617181,0.108932353363799,0.110898600470651,0.178886957999851,0.13499894150645,0.14290826645059,0.0993361155852,0.092812595471789,0.12773902694059,0.110641664381454,0.142876894539401,0.149747974697754,0.158502697318413,0.083995445714355,0.182123924770068,0.061160326760815,0.148159098560903,0.175756030228795,0.19753886983642,0.200015901080173
JC_D,0.25,0.25,0.25,0.25,0,0.25,0,0,0,0.5,0,0.25,0,0,0.25,0,0,0,0.5,0
JSD,0.01893747698008,0.023808267396249,0.0372703255716086,0.0307086174656282,0.0165479763075395,0.0405745878086355,0.0060565178936725,0.0114558458695947,0.0116383695099417,0.0365972318476422,0.0216363688161151,0.0314090888339041,0.0220236000947735,0.0054887303267713,0.0493674190239911,0.00234292498262953,0.0133767395019114,0.026713494876943,0.0755139711777722,0.0312630548663818
