C10_WGSerr_r0,C11_WGSerr_r0,C12_WGSerr_r0,C13_WGSerr_r0,C14_WGSerr_r0,C15_WGSerr_r0,C16_WGSerr_r0,C17_WGSerr_r0,C18_WGSerr_r0,C19_WGSerr_r0,C1_WGSerr_r0,C20_WGSerr_r0,C2_WGSerr_r0,C3_WGSerr_r0,C4_WGSerr_r0,C5_WGSerr_r0,C6_WGSerr_r0,C7_WGSerr_r0,C8_WGSerr_r0,C9_WGSerr_r0
Rank1,-0.229155473723236,-0.277700614448388,-0.308126424314755,-0.166128738116887,-0.324108298203456,-0.149410148476343,-0.147251035239656,-0.150311674771089,-0.18938960247564,-0.342535478435086,-0.178116461496589,-0.131418733147928,-0.179135481402848,-0.001299654684083,-0.053542103057966,-0.269667059154175,-0.307248695551392,-0.134444405858293,-0.161099612531575,-0.206737911649898
Rank2,-0.064925849107415,0.031939023395042,0.024831594541095,-0.086188488986256,0.00508833707262901,-0.052415553461247,-0.075316686517516,-0.08735421015015,0.027998029421861,0.035483196684043,-0.089556458960329,-0.168906877949238,-0.086440495847305,-0.022336767112689,-0.147643889458941,-0.020441279398213,-0.050976030116711,-0.035117965888309,-0.097440463620856,-0.07696702076384
Rank3,0.0440813228306513,0.047844258886239,0.0832948297736594,0.119175420352126,0.031649559501631,0.0792777062356,-0.028568313127841,-0.029804846026067,0.089413378774592,0.0667980598343968,0.127009156547349,0.100325611097166,0.0655759772501526,-0.063973706386468,-0.057038219140289,0.015842388450185,0.058224725668103,0.015027358196261,0.016186731072159,0.117056064869868
Rank4,0.1,0.047917332167107,0.1,0.033141806751018,0.137370401629196,0.0225479957019897,0.0511360348850125,0.117470730947305,0.00351011355800161,0.1,0.0316008864007576,0.1,0.1,-0.014082347089066,0.0582242116571955,0.0742659501022032,0.2,0.0045350135503414,0.042353345080272,0.0292571315685183
Rank5,0.1,0.1,0.05,0.05,0.1,0.05,0.1,0.1,0.0184680807211851,0.1,0.059062877508812,0.05,0.05,0.00169247527230598,0.1,0.1,0.05,0.1,0.1,0.0373917359753515
Rank6,0.05,0.05,0.05,0.05,0.05,0.05,0.1,0.05,0.05,0.05,0.05,0.05,0.05,0.1,0.1,0.1,0.05,0.05,0.1,0.1
