C10_WGSerr_r0,C11_WGSerr_r0,C12_WGSerr_r0,C13_WGSerr_r0,C14_WGSerr_r0,C15_WGSerr_r0,C16_WGSerr_r0,C17_WGSerr_r0,C18_WGSerr_r0,C19_WGSerr_r0,C1_WGSerr_r0,C20_WGSerr_r0,C2_WGSerr_r0,C3_WGSerr_r0,C4_WGSerr_r0,C5_WGSerr_r0,C6_WGSerr_r0,C7_WGSerr_r0,C8_WGSerr_r0,C9_WGSerr_r0
sorted_JSD,0.103783663130462,0.0772473562883243,0.109954262332932,0.0588188510916401,0.116129163363484,0.0478749577474576,0.0851941422999669,0.0777927359329121,0.0363135013937905,0.124664485031127,0.0537752929256135,0.0938699505466986,0.0852916052016339,0.037939717715931,0.0887881217635446,0.0972610212163253,0.137630675177418,0.058923155584944,0.0846865637291283,0.0670763686931557
