C1_WGSerr_r0,C2_WGSerr_r0,C3_WGSerr_r0,C4_WGSerr_r0,C5_WGSerr_r0,C6_WGSerr_r0,C7_WGSerr_r0,C8_WGSerr_r0,C9_WGSerr_r0,C10_WGSerr_r0,C11_WGSerr_r0,C12_WGSerr_r0,C13_WGSerr_r0,C14_WGSerr_r0,C15_WGSerr_r0,C16_WGSerr_r0,C17_WGSerr_r0,C18_WGSerr_r0,C19_WGSerr_r0,C20_WGSerr_r0
GCA_003586065,0.0316008864007576,0.1,-0.014082347089066,-0.203542103057966,-0.269667059154175,-0.357248695551392,-0.184444405858293,-0.311099612531575,-0.07696702076384,0.0440813228306513,0.05,0.05,-0.086188488986256,-0.374108298203456,-0.199410148476343,0.0511360348850125,-0.200311674771089,-0.18938960247564,-0.342535478435086,0.000325611097165501
GCA_002056065,-0.089556458960329,-0.086440495847305,-0.063973706386468,0.0582242116571955,-0.070441279398213,-0.050976030116711,0.0045350135503414,0.016186731072159,-0.206737911649898,0.1,-0.002082667832893,0.05,-0.166128738116887,0.05,0.0225479957019897,-0.125316686517516,0.0174707309473052,0.00351011355800161,0.05,0.05
GCA_900622695,0.0270091565473488,0.05,-0.072336767112689,-0.057038219140289,0.0242659501022032,0.05,0.05,-0.00764665491972799,0.0170560648698678,0.05,-0.277700614448388,-0.308126424314755,0.019175420352126,-0.018350440498369,0.05,-0.147251035239656,-0.08735421015015,0.0184680807211851,0.0167980598343968,-0.168906877949238
GCA_008275005,0.009062877508812,-0.179135481402848,-0.001299654684083,0.002356110541059,0.065842388450185,0.05,0.015027358196261,0.00255953637914397,0.0373917359753515,-0.229155473723236,0.031939023395042,0.024831594541095,0.05,0.055088337072629,-0.002415553461247,0.021431686872159,0.05,0.027998029421861,0.1,0.05
GCA_001675145,-0.178116461496589,0.0655759772501526,0.051692475272306,0.1,0.15,0.058224725668103,0.014882034111691,0.1,0.129257131568518,-0.064925849107415,0.047844258886239,0.0832948297736594,0.133141806751018,0.137370401629196,0.0792777062356,0.1,0.020195153973933,0.089413378774592,0.035483196684043,-0.131418733147928
GCA_002903105,0.2,0.05,0.1,0.1,0.1,0.25,0.1,0.2,0.1,0.1,0.15,0.1,0.05,0.15,0.05,0.1,0.2,0.05,0.15,0.2
