C10_WGSerr_r0,C11_WGSerr_r0,C12_WGSerr_r0,C13_WGSerr_r0,C14_WGSerr_r0,C15_WGSerr_r0,C16_WGSerr_r0,C17_WGSerr_r0,C18_WGSerr_r0,C19_WGSerr_r0,C1_WGSerr_r0,C20_WGSerr_r0,C2_WGSerr_r0,C3_WGSerr_r0,C4_WGSerr_r0,C5_WGSerr_r0,C6_WGSerr_r0,C7_WGSerr_r0,C8_WGSerr_r0,C9_WGSerr_r0
UnW_D,0.278687168569344,0.208564971275047,0.268731683209791,0.225971769115252,0.133227920524019,0.2185204566346,0.33787252973302,0.225971769115252,0.073061208589275,0.31221614254543,0.073061208589275,0.31221614254543,0.354024219320371,0.073061208589275,0.33787252973302,0.33787252973302,0.371431017160577,0.2185204566346,0.33787252973302,0.073061208589275
Weight_D,0.0405998778092341,0.0530257747290987,0.0586840613066877,0.0439969360070579,0.0686725414225429,0.0375944840575314,0.0382183261295149,0.0453871933362667,0.0368443747373235,0.055336315572663,0.0483084410328512,0.0647316119821515,0.0496975695896772,0.0206051231539358,0.0432281060149513,0.0601396532984519,0.0616102278468764,0.0292881704301688,0.0530280482102858,0.0448768952851442
Bray_D,0.294081322830651,0.279783282281281,0.308126424314755,0.252317227103144,0.392458738701825,0.20182570193759,0.272567721757172,0.287665884921238,0.18938960247564,0.349109539526265,0.267672920456918,0.300325611097166,0.265575977250153,0.151692475272306,0.260580322198255,0.340108338552388,0.408224725668103,0.184444405858293,0.318746267451303,0.283704932413738
JC_D,0.5,0.333333333333333,0.5,0.333333333333333,0.333333333333333,0.333333333333333,0.333333333333333,0.333333333333333,0.166666666666667,0.5,0.166666666666667,0.5,0.5,0.166666666666667,0.333333333333333,0.333333333333333,0.5,0.333333333333333,0.333333333333333,0.166666666666667
JSD,0.103783663130462,0.092290385908108,0.109954262332932,0.0609929481342384,0.146608507430408,0.0535476968992294,0.0900319084631062,0.108245027086625,0.0363135013937905,0.137626326524639,0.0853049137924874,0.119966301549494,0.0852916052016339,0.0431026676284135,0.0952648880915697,0.115370877739608,0.168829857890334,0.0648346532059528,0.145786884509622,0.0698112675075633
