C1_WGSerr_r0,C10_WGSerr_r0,C11_WGSerr_r0,C12_WGSerr_r0,C13_WGSerr_r0,C14_WGSerr_r0,C15_WGSerr_r0,C16_WGSerr_r0,C17_WGSerr_r0,C18_WGSerr_r0,C19_WGSerr_r0,C2_WGSerr_r0,C20_WGSerr_r0,C3_WGSerr_r0,C4_WGSerr_r0,C5_WGSerr_r0,C6_WGSerr_r0,C7_WGSerr_r0,C8_WGSerr_r0,C9_WGSerr_r0
sorted_JSD,0.081115558800477,0.00350067684499085,0.062718046199347,0.0615555100326138,0.133872508250059,0.0776870667970463,0.064299507731547,0.0605451525352175,0.00217068414732097,0.00485241982613296,0.0128483046876834,0.0886700010137799,0,0.0691327223484471,0.0711558588689101,0.0855894982509098,0,0.0627692898674957,0.0615555100326138,0.00127936836936097
