C1_WGSerr_r0,C2_WGSerr_r0,C3_WGSerr_r0,C4_WGSerr_r0,C5_WGSerr_r0,C6_WGSerr_r0,C7_WGSerr_r0,C8_WGSerr_r0,C9_WGSerr_r0,C10_WGSerr_r0,C11_WGSerr_r0,C12_WGSerr_r0,C13_WGSerr_r0,C14_WGSerr_r0,C15_WGSerr_r0,C16_WGSerr_r0,C17_WGSerr_r0,C18_WGSerr_r0,C19_WGSerr_r0,C20_WGSerr_r0,C1_WGSerr_r1,C2_WGSerr_r1,C3_WGSerr_r1,C4_WGSerr_r1,C5_WGSerr_r1,C6_WGSerr_r1,C7_WGSerr_r1,C8_WGSerr_r1,C9_WGSerr_r1,C10_WGSerr_r1,C11_WGSerr_r1,C12_WGSerr_r1,C13_WGSerr_r1,C14_WGSerr_r1,C15_WGSerr_r1,C16_WGSerr_r1,C17_WGSerr_r1,C18_WGSerr_r1,C19_WGSerr_r1,C20_WGSerr_r1,C1_WGSerr_r2,C2_WGSerr_r2,C3_WGSerr_r2,C4_WGSerr_r2,C5_WGSerr_r2,C6_WGSerr_r2,C7_WGSerr_r2,C8_WGSerr_r2,C9_WGSerr_r2,C10_WGSerr_r2,C11_WGSerr_r2,C12_WGSerr_r2,C13_WGSerr_r2,C14_WGSerr_r2,C15_WGSerr_r2,C16_WGSerr_r2,C17_WGSerr_r2,C18_WGSerr_r2,C19_WGSerr_r2,C20_WGSerr_r2
Rank1,0.013671,0.00698500000000002,-0.00432100000000002,0.014236,0.00142799999999998,0.00381000000000004,0.001386,0.044203,0.00523699999999999,0.00844399999999995,-0.0214,0.034086,0.00941099999999995,0.00513199999999997,-0.00311499999999998,0.00304499999999996,0.054468,-0.00165999999999999,-0.012493,0.026023,0,0,0,0,0,0,0,0,0,0,0,0,0,0,0,0,0,0,0,0,0,0,0,0,0,0,0,0,0,0,0,0,0,0,0,0,0,0,0,0
Rank2,0.049356,0.042488,0.0589149999999999,-0.00556200000000001,0.059413,0.044933,0.010956,0.00934900000000002,0.039391,0.00708199999999998,0.013633,0.021503,0.00523400000000002,0.00587799999999999,0.0566699999999999,0.00982499999999997,0.00539800000000001,0.001581,0.061709,0.00815600000000002,0,0,0,0,0,0,0,0,0,0,0,0,0,0,0,0,0,0,0,0,0,0,0,0,0,0,0,0,0,0,0,0,0,0,0,0,0,0,0,0
Rank3,0.00404700000000002,-0.00391699999999998,0.00284100000000001,0.042929,-0.000302999999999998,-0.00575500000000001,0.00523199999999999,0.00691900000000001,0.003441,0.022152,0.00934599999999999,0.013047,0.00310999999999997,0.00509699999999999,0.00856000000000001,0.039415,0.011593,0.058821,0.012017,0.011736,0,0,0,0,0,0,0,0,0,0,0,0,0,0,0,0,0,0,0,0,0,0,0,0,0,0,0,0,0,0,0,0,0,0,0,0,0,0,0,0
Rank4,0.00702800000000001,0.00817899999999999,0.00441800000000001,0.003189,0.00179700000000002,0.002773,0.024723,0.0106,0.009075,0.00736100000000001,0.028195,0.007785,0.029151,0.059328,0.001331,-0.00736200000000001,0.00565199999999999,0.00936999999999999,0.022209,0.012157,0,0,0,0,0,0,0,0,0,0,0,0,0,0,0,0,0,0,0,0,0,0,0,0,0,0,0,0,0,0,0,0,0,0,0,0,0,0,0,0
