C1_WGSerr_r0,C18_WGSerr_r0,C19_WGSerr_r0,C2_WGSerr_r0,C20_WGSerr_r0,C3_WGSerr_r0,C4_WGSerr_r0,C5_WGSerr_r0,C6_WGSerr_r0,C7_WGSerr_r0,C8_WGSerr_r0,C10_WGSerr_r0,C9_WGSerr_r0,C11_WGSerr_r0,C12_WGSerr_r0,C13_WGSerr_r0,C14_WGSerr_r0,C15_WGSerr_r0,C16_WGSerr_r0,C17_WGSerr_r0
sorted_JSD,0.0344166540715464,0.0738057446894066,0.0844924592345074,0.0530730611261484,0.0773108853615311,0.0805795650997497,0.032813023227077,0.0483093325429579,0.0338187998495252,0.0311701107655084,0.0964087728166216,0.0362330189460958,0.035305919958842,0.0413152008652437,0.0700513686474402,0.0131681439133964,0.0729648931794731,0.0450950318079348,0.021208179545748,0.0537687877409175
