C1_WGSerr_r0,C2_WGSerr_r0,C3_WGSerr_r0,C4_WGSerr_r0,C5_WGSerr_r0,C6_WGSerr_r0,C7_WGSerr_r0,C8_WGSerr_r0,C9_WGSerr_r0,C10_WGSerr_r0,C11_WGSerr_r0,C12_WGSerr_r0,C13_WGSerr_r0,C14_WGSerr_r0,C15_WGSerr_r0,C16_WGSerr_r0,C17_WGSerr_r0,C18_WGSerr_r0,C19_WGSerr_r0,C20_WGSerr_r0,C1_WGSerr_r1,C2_WGSerr_r1,C3_WGSerr_r1,C4_WGSerr_r1,C5_WGSerr_r1,C6_WGSerr_r1,C7_WGSerr_r1,C8_WGSerr_r1,C9_WGSerr_r1,C10_WGSerr_r1,C11_WGSerr_r1,C12_WGSerr_r1,C13_WGSerr_r1,C14_WGSerr_r1,C15_WGSerr_r1,C16_WGSerr_r1,C17_WGSerr_r1,C18_WGSerr_r1,C19_WGSerr_r1,C20_WGSerr_r1,C1_WGSerr_r2,C2_WGSerr_r2,C3_WGSerr_r2,C4_WGSerr_r2,C5_WGSerr_r2,C6_WGSerr_r2,C7_WGSerr_r2,C8_WGSerr_r2,C9_WGSerr_r2,C10_WGSerr_r2,C11_WGSerr_r2,C12_WGSerr_r2,C13_WGSerr_r2,C14_WGSerr_r2,C15_WGSerr_r2,C16_WGSerr_r2,C17_WGSerr_r2,C18_WGSerr_r2,C19_WGSerr_r2,C20_WGSerr_r2
sorted_JSD,0.0176492274645948,0.00278565489818039,0.00126687521759607,0.000766899220050047,0.00054068013685612,0.000385977633032917,0.000273429709189397,0.000236735291691454,0.000159735956751547,0.000134879715473215,0.000134615946060485,0.00011079141420996,0.000103564074498593,0.00010369145654204,8.89142296396149e-05,1.88212902396954e-05,1.97624500210969e-06,8.2830260555469e-05,0.00119141514474408,0,0.0176492274645948,0.00277162510010786,0.00124654809712033,0.000850183914704304,0.000578791526643713,0.000374854144469337,0.000278635754150109,0.000218835827909465,0.00018919573855468,0.000170349409663624,0.000138632607418177,0.000131706213460877,0.000121479833292594,0.00011038659971288,6.52067886213444e-05,3.96738013175872e-05,2.60071471369053e-06,0.000101383152314492,0.00117966271527876,0,0.0176492274645948,0.0028176961391408,0.00134831154629899,0.000826375893348767,0.000542295729491574,0.00041053618638716,0.000292388075362094,0.000234903688549394,0.000170060154772109,0.000124135832311252,0.000133486382070564,0.000120511518332237,0.000101265912208332,0.000112236726971036,7.68430737504008e-05,3.5752242473718e-05,1.76108160665072e-06,9.80123384624696e-05,0.00131596297921624,0
