,AErrorFree.StrainPanDA,AErrorFree.StrainEst,ARTError.StrainPanDA,ARTError.StrainEst,WGSError.StrainPanDA,WGSError.StrainEst
AErrorFree.StrainPanDA,1,9.33400038781648e-13,0.0545978366465391,7.27211927472717e-13,2.08064250831257e-07,2.55815259438385e-13
AErrorFree.StrainEst,9.33400038781648e-13,1,5.17273617820686e-11,0.329876800921125,6.18303363664617e-11,0.454982446440074
ARTError.StrainPanDA,0.0545978366465391,5.17273617820686e-11,1,4.18065191833027e-11,2.25995487985996e-05,7.64592415201316e-12
ARTError.StrainEst,7.27211927472717e-13,0.329876800921125,4.18065191833027e-11,1,1.01222072629905e-10,0.602684758365015
WGSError.StrainPanDA,2.08064250831257e-07,6.18303363664617e-11,2.25995487985996e-05,1.01222072629905e-10,1,6.96450495450276e-11
WGSError.StrainEst,2.55815259438385e-13,0.454982446440074,7.64592415201316e-12,0.602684758365015,6.96450495450276e-11,1
