C1_WGSerr_r0,C2_WGSerr_r0,C3_WGSerr_r0,C4_WGSerr_r0,C5_WGSerr_r0,C6_WGSerr_r0,C7_WGSerr_r0,C8_WGSerr_r0,C9_WGSerr_r0,C10_WGSerr_r0,C11_WGSerr_r0,C12_WGSerr_r0,C13_WGSerr_r0,C14_WGSerr_r0,C15_WGSerr_r0,C16_WGSerr_r0,C17_WGSerr_r0,C18_WGSerr_r0,C19_WGSerr_r0,C20_WGSerr_r0,C1_WGSerr_r1,C2_WGSerr_r1,C3_WGSerr_r1,C4_WGSerr_r1,C5_WGSerr_r1,C6_WGSerr_r1,C7_WGSerr_r1,C8_WGSerr_r1,C9_WGSerr_r1,C10_WGSerr_r1,C11_WGSerr_r1,C12_WGSerr_r1,C13_WGSerr_r1,C14_WGSerr_r1,C15_WGSerr_r1,C16_WGSerr_r1,C17_WGSerr_r1,C18_WGSerr_r1,C19_WGSerr_r1,C20_WGSerr_r1,C1_WGSerr_r2,C2_WGSerr_r2,C3_WGSerr_r2,C4_WGSerr_r2,C5_WGSerr_r2,C6_WGSerr_r2,C7_WGSerr_r2,C8_WGSerr_r2,C9_WGSerr_r2,C10_WGSerr_r2,C11_WGSerr_r2,C12_WGSerr_r2,C13_WGSerr_r2,C14_WGSerr_r2,C15_WGSerr_r2,C16_WGSerr_r2,C17_WGSerr_r2,C18_WGSerr_r2,C19_WGSerr_r2,C20_WGSerr_r2
sorted_JSD,0.00710725184028143,0.0217586427774802,0.00526739500124433,0.0143663235095561,0.00194280697509524,0.00403593062560973,0.00741320962776079,0.054412608033789,0.0314436243917295,0.0176831239824088,0.0248695553676622,0.0360493062658347,0.0197100382377506,0.010243557115621,0.0372557679595616,0.00107668897050419,0.0119993961231124,0.0116937478709941,0.0363566520075382,0.0313134457587054,0.00734382699862158,0.0224552928686184,0.00530122128667775,0.0139720322959434,0.00186475337613916,0.0039896443482008,0.00754683908977933,0.0550782267018954,0.0307977505933648,0.0176965130995489,0.0244598316614884,0.0360772666394769,0.0196210130013087,0.00973099191452787,0.0372132635165934,0.00110261060408777,0.0119101338521088,0.0115427285709537,0.0364197459721706,0.0315187380288965,0.0071707474426005,0.022193619336686,0.00534413530184468,0.0139557831276678,0.00182440455663698,0.00384954502434736,0.00744845434592128,0.0551104307528724,0.0315302230566072,0.0177128458203695,0.0242837667021228,0.0360529679218841,0.0197482843766159,0.0097789655193135,0.0372446362246587,0.00108314029694243,0.0110939298385213,0.0108901189632315,0.0364087556043026,0.0316883506873648
