C10_WGSerr_r0,C11_WGSerr_r0,C12_WGSerr_r0,C13_WGSerr_r0,C14_WGSerr_r0,C15_WGSerr_r0,C16_WGSerr_r0,C17_WGSerr_r0,C18_WGSerr_r0,C19_WGSerr_r0,C1_WGSerr_r0,C20_WGSerr_r0,C2_WGSerr_r0,C3_WGSerr_r0,C4_WGSerr_r0,C5_WGSerr_r0,C6_WGSerr_r0,C7_WGSerr_r0,C8_WGSerr_r0,C9_WGSerr_r0
sorted_JSD,0.118699534632232,0.149364631652901,0.110727754907029,0.136497350899131,0.136667794049421,0.128070507478119,0.118598183927377,0.106107785517322,0.180170805757775,0.117959209209675,0.1009475675579,0.135209290238836,0.102332249311037,0.0848378047392658,0.148049098862505,0.0847497608445179,0.168942448734945,0.101483747349891,0.0874694391229667,0.132205278049982
