C10_WGSerr_r0,C11_WGSerr_r0,C12_WGSerr_r0,C13_WGSerr_r0,C14_WGSerr_r0,C15_WGSerr_r0,C16_WGSerr_r0,C17_WGSerr_r0,C18_WGSerr_r0,C19_WGSerr_r0,C1_WGSerr_r0,C20_WGSerr_r0,C2_WGSerr_r0,C3_WGSerr_r0,C4_WGSerr_r0,C5_WGSerr_r0,C6_WGSerr_r0,C7_WGSerr_r0,C8_WGSerr_r0,C9_WGSerr_r0
Rank1,-0.111722680610085,-0.202850602757599,-0.240512066001304,-0.320029635738072,-0.242372570057786,-0.175529525137952,-0.159592642450237,-0.320153154852357,-0.40025173441767,-0.230568015923803,-0.079176618723099,-0.219831785745922,-0.041662001741376,-0.121695941163437,-0.37143476975152,-0.20605991229416,-0.25141306008111,-0.31360962843847,-0.183928852821218,-0.214988745024684
Rank2,-0.08855785582315,-0.137347633910182,-0.021616131315259,-0.00518832152048201,-0.168892811530266,-0.172674842682537,-0.135616525475713,0.058446827856591,-0.014491339525572,-0.045986716464107,-0.116882958044151,-0.095809923941351,-0.085211968552101,-0.089917728420769,0.00810643139029099,0.01280530859834,-0.140651210849899,0.037163711513747,-0.063400007320722,-0.119077547601979
Rank3,-0.079973373295667,-0.04676552356111,-0.00780067376849899,0.00352009244819398,0.0589184658533546,0.00888793772978499,-0.057271852357661,0.024065769492359,0.014743073943242,-0.02344526761209,-0.049780161649914,-0.054837390337981,-0.082947483921849,0.00331408403129599,0.0633283383612292,-0.00179371650009399,-0.00793572906899101,0.043548501322484,-0.004954193502235,-0.035027117580357
Rank4,-0.019746090271098,0.0369637602288914,0.023775793621943,0.02169786481036,0.0356408859146595,0.011280100659704,0.028822135363968,0.0046752344537853,0.15,0.1,-0.033217032150854,0.032587160016612,-0.074040088653329,-0.018500717232811,0.1,-0.00729170636281799,0.1,0.0009835568443195,0.013185496488382,0.11909341020702
Rank5,0.1,0.1,-0.003846922536881,0.1,0.0667060298200384,0.0780363294309997,0.123658884919642,0.0329653230496221,0.1,0.05,0.0290567705680188,0.0878919400086412,0.0338615428686539,-0.01318197479294,0.05,0.00234002655873171,0.1,0.0319138587579195,0.0890975571557926,0.1
Rank6,0.1,0.1,0.1,0.1,0.1,0.1,0.1,0.1,0.05,0.05,0.1,0.1,0.1,0.0399822775786607,0.05,0.1,0.1,0.1,0.05,0.05
Rank7,0.05,0.1,0.1,0.05,0.1,0.1,0.05,0.05,0.05,0.05,0.1,0.1,0.1,0.1,0.05,0.05,0.05,0.05,0.05,0.05
Rank8,0.05,0.05,0.05,0.05,0.05,0.05,0.05,0.05,0.05,0.05,0.05,0.05,0.05,0.1,0.05,0.05,0.05,0.05,0.05,0.05
