C1_WGSerr_r0,C18_WGSerr_r0,C19_WGSerr_r0,C2_WGSerr_r0,C20_WGSerr_r0,C3_WGSerr_r0,C4_WGSerr_r0,C5_WGSerr_r0,C6_WGSerr_r0,C7_WGSerr_r0,C8_WGSerr_r0,C10_WGSerr_r0,C9_WGSerr_r0,C11_WGSerr_r0,C12_WGSerr_r0,C13_WGSerr_r0,C14_WGSerr_r0,C15_WGSerr_r0,C16_WGSerr_r0,C17_WGSerr_r0
UnW_D,0.049551915135454,0.123659998180383,0,0,0,0,0.0468902203329198,0.123659998180383,0.0683690700212774,0,0.0618926491053613,0.0210544029700165,0,0.0509619818312895,0.0509619818312895,0.0311873788971782,0.0856130342676322,0,0.0210544029700165,0.0509619818312895
Weight_D,0.0103941645146941,0.0175545350426664,0.0170575351842687,0.013126259113743,0.0140554704615948,0.0170591820024024,0.0153662853041714,0.012331573593435,0.0101840756601568,0.0116472887057305,0.0147479143682575,0.0163863351761122,0.0152105940853654,0.0146391178358944,0.0107554428806148,0.0117214209979887,0.0106574527190743,0.0174717783845473,0.0133436459668234,0.0150185250677852
Bray_D,0.097628879501513,0.0995175082896182,0.157753482846127,0.0731532608932614,0.0915545974594531,0.108532259844188,0.119123835447557,0.0949644082819367,0.0608344888701383,0.083777805815693,0.0832907652730617,0.101636158754902,0.102230881856527,0.105200638498477,0.10690639461356,0.0785377801167186,0.103453478728558,0.122370406527242,0.0981019046535768,0.110257772930844
JC_D,0.2,0.125,0,0,0,0,0.2,0.125,0.111111111111111,0,0.111111111111111,0.111111111111111,0,0.2,0.2,0.111111111111111,0.222222222222222,0,0.111111111111111,0.2
JSD,0.0163455095760334,0.0233073110125725,0.0142501185874368,0.00554854207585992,0.00752547631673996,0.00783231105627004,0.0203404434551725,0.0224355747244843,0.00825419981105995,0.00399574228408064,0.0122393948470361,0.0100321267819619,0.00800218026862195,0.015710523253204,0.0273336236999893,0.00799617044781435,0.0265947638453586,0.0114379764439756,0.0113774273160655,0.0181103350449315
