C1_WGSerr_r0,C18_WGSerr_r0,C19_WGSerr_r0,C2_WGSerr_r0,C20_WGSerr_r0,C3_WGSerr_r0,C4_WGSerr_r0,C5_WGSerr_r0,C6_WGSerr_r0,C7_WGSerr_r0,C8_WGSerr_r0,C10_WGSerr_r0,C9_WGSerr_r0,C11_WGSerr_r0,C12_WGSerr_r0,C13_WGSerr_r0,C14_WGSerr_r0,C15_WGSerr_r0,C16_WGSerr_r0,C17_WGSerr_r0
sorted_JSD,0.0795268711195409,0.0313394169710676,0.0630629372967623,0.0648546167171519,0.0362061600322897,0.0356177814141418,0.0563828210315921,0.0535786227924787,0.0635250968308477,0.0865945744436061,0.0391118286824001,0.0315584834193584,0.0751855273270681,0.0486301424849249,0.0668169252236573,0.0431082476172137,0.0465565792447899,0.0185412980529052,0.0532670919619154,0.0218101239783836
