C1_WGSerr_r0,C2_WGSerr_r0,C3_WGSerr_r0,C4_WGSerr_r0,C5_WGSerr_r0,C6_WGSerr_r0,C7_WGSerr_r0,C8_WGSerr_r0,C9_WGSerr_r0,C10_WGSerr_r0,C11_WGSerr_r0,C12_WGSerr_r0,C13_WGSerr_r0,C14_WGSerr_r0,C15_WGSerr_r0,C16_WGSerr_r0,C17_WGSerr_r0,C18_WGSerr_r0,C19_WGSerr_r0,C20_WGSerr_r0
sorted_JSD,0.0983297058049415,0.0441328642295238,0.166519245558759,0.119266262533884,0.142576089161392,0.12634739075632,0.0567076491657156,0.0799866920713938,0.0755266272564963,0.106959644439793,0.118186560403539,0.0841152284509761,0.110184365117969,0.0570578998014177,0.0828235865556051,0.0770309648571729,0.14302786189037,0.064249832325447,0.0580687181856222,0.0751397090332862
