C10_WGSerr_r0,C11_WGSerr_r0,C12_WGSerr_r0,C13_WGSerr_r0,C14_WGSerr_r0,C15_WGSerr_r0,C16_WGSerr_r0,C17_WGSerr_r0,C18_WGSerr_r0,C19_WGSerr_r0,C1_WGSerr_r0,C20_WGSerr_r0,C2_WGSerr_r0,C3_WGSerr_r0,C4_WGSerr_r0,C5_WGSerr_r0,C6_WGSerr_r0,C7_WGSerr_r0,C8_WGSerr_r0,C9_WGSerr_r0
Rank1,-0.112064747143585,-0.14684286872212,-0.240129607107223,-0.055794515802661,-0.242076841703718,-0.139278902518387,-0.09709897449036,-0.176833852231378,-0.098001462274252,-0.230281127698562,-0.078904757172406,-0.220297350832161,-0.034629821204589,-0.039926563023801,-0.370081197935488,-0.205550890092885,-0.251807893922045,-0.312908648015086,-0.184242176168237,-0.214414492459495
Rank2,-0.08824466832814,-0.138124061678593,-0.022062275334309,-0.113888060922035,-0.089286947220072,-0.172687043532531,-0.13600547727017,0.05680543730487,-0.151719367316302,-0.045649698835074,-0.117741843846554,-0.095492099072326,-0.083201096887797,-0.087178401273953,0.008489458466374,0.013019696339077,-0.00739635430999899,0.035265833578354,-0.063173129385544,-0.119274656451138
Rank3,-0.079994231614509,-0.045908955385179,-0.00795747318961901,-0.005494770430746,0.0591418475580364,0.00887669513305001,-0.056947209777092,0.00840723353844799,-0.015002214689622,-0.024069173466364,-0.049155145670769,-0.054509195511555,-0.074266106969763,0.00299308389605998,0.0615917394691142,-0.00185419968265302,-0.00625325666352899,0.044058001490778,-0.00446062661195701,-0.035518740146258
Rank4,-0.019696352913766,0.03690039199416,0.023790794472299,0.00307210364478899,0.0205284302578356,0.011597013643394,0.029275496126078,-0.025951729382742,0.014723044280176,0.1,-0.0332241775791,0.032486897242408,-0.061482291366221,-0.018143238375619,0.1,-0.00724327463362699,-0.034542495104428,0.00168433563139481,0.013094250319001,0.11920788905689
Rank5,0.1,0.0439754937917321,-0.00364143884114899,-0.027894756489347,0.0357227826017271,0.0638509422789393,0.0876039359981782,0.0052100524296316,0.1,0.05,0.0290259242688299,0.0878117481736346,0.0337460502251829,-0.013121054060402,0.05,0.0016286680700877,0.1,0.0319004773145587,0.0887816818467371,0.1
Rank6,0.1,0.1,0.1,0.1,0.0659707285061907,0.0776412949955347,0.0731722294133659,0.0323628583411708,0.05,0.05,0.1,0.1,0.0698332662031873,0.0154119076205175,0.05,0.1,0.1,0.1,0.05,0.05
Rank7,0.05,0.1,0.1,0.05,0.1,0.1,0.05,0.05,0.05,0.05,0.1,0.1,0.1,0.0399642652171978,0.05,0.05,0.05,0.05,0.05,0.05
Rank8,0.05,0.05,0.05,0.05,0.05,0.05,0.05,0.05,0.05,0.05,0.05,0.05,0.05,0.1,0.05,0.05,0.05,0.05,0.05,0.05
