C10_WGSerr_r0,C11_WGSerr_r0,C12_WGSerr_r0,C13_WGSerr_r0,C14_WGSerr_r0,C15_WGSerr_r0,C16_WGSerr_r0,C17_WGSerr_r0,C18_WGSerr_r0,C19_WGSerr_r0,C1_WGSerr_r0,C20_WGSerr_r0,C2_WGSerr_r0,C3_WGSerr_r0,C4_WGSerr_r0,C5_WGSerr_r0,C6_WGSerr_r0,C7_WGSerr_r0,C8_WGSerr_r0,C9_WGSerr_r0
sorted_JSD,0.118707799042427,0.111415308400189,0.110682244743473,0.079542261895379,0.0919560265865589,0.0971255906855201,0.0738326021026762,0.0511181797513065,0.103454012643127,0.117943110224578,0.100959019327057,0.135154229943317,0.0751661110358861,0.0439451492509068,0.147307171521189,0.0846840397464922,0.124215542592593,0.101288958580999,0.0872314779892518,0.132236366819979
