C10_WGSerr_r0,C11_WGSerr_r0,C12_WGSerr_r0,C13_WGSerr_r0,C14_WGSerr_r0,C15_WGSerr_r0,C16_WGSerr_r0,C17_WGSerr_r0,C18_WGSerr_r0,C19_WGSerr_r0,C1_WGSerr_r0,C20_WGSerr_r0,C2_WGSerr_r0,C3_WGSerr_r0,C4_WGSerr_r0,C5_WGSerr_r0,C6_WGSerr_r0,C7_WGSerr_r0,C8_WGSerr_r0,C9_WGSerr_r0
UnW_D,0.408462563876851,0.189523700208893,0.446451637190385,0.191818728742066,0.219023118144096,0.310855262860447,0.24077525005715,0.219023118144096,0.451093523159942,0.753218175662154,0.572834114802433,0.446451637190385,0.289273776760876,0.184029317302739,0.468867602142041,0.423832051329546,0.485038127178715,0.402250565229975,0.423832051329546,0.462383413312865
Weight_D,0.0580609698957304,0.0536899099636794,0.0830837568100421,0.0270903687443546,0.0713903524895938,0.0556524895857802,0.0561496177162236,0.0394092587495106,0.0713282408240858,0.0570910898185703,0.0666801521807294,0.0775874582439247,0.0628727346418329,0.0360615221510862,0.0663343962476341,0.0685744807555285,0.064325330552755,0.0693780959350849,0.0587599713142087,0.0675981036625154
Bray_D,0.380303647086234,0.330875885785892,0.523790794472299,0.203072103644789,0.58136378892379,0.453089250917868,0.460776165411544,0.320422723272949,0.514723044280176,0.45,0.37902592426883,0.537811748173634,0.40357931642837,0.308369256733775,0.370081197935488,0.464648364409165,0.45,0.417166310892913,0.308633623707044,0.46920788905689
JC_D,0.5,0.375,0.555555555555556,0.375,0.444444444444444,0.444444444444444,0.444444444444444,0.444444444444444,0.666666666666667,0.777777777777778,0.555555555555556,0.555555555555556,0.444444444444444,0.333333333333333,0.625,0.555555555555556,0.666666666666667,0.555555555555556,0.555555555555556,0.5
JSD,0.162174657449908,0.111415308400189,0.330014838562987,0.0838820999737979,0.34000312972674,0.197547645678946,0.20736725312078,0.145100730972226,0.284107685832384,0.236224524429383,0.18486921379642,0.272606925907613,0.203862537799414,0.131319673459833,0.147307171521189,0.314019046094289,0.230706504985339,0.185482381048681,0.112554225592924,0.192609766122181
