C1_WGSerr_r0,C10_WGSerr_r0,C11_WGSerr_r0,C12_WGSerr_r0,C13_WGSerr_r0,C14_WGSerr_r0,C15_WGSerr_r0,C16_WGSerr_r0,C17_WGSerr_r0,C18_WGSerr_r0,C19_WGSerr_r0,C2_WGSerr_r0,C20_WGSerr_r0,C3_WGSerr_r0,C4_WGSerr_r0,C5_WGSerr_r0,C6_WGSerr_r0,C7_WGSerr_r0,C8_WGSerr_r0,C9_WGSerr_r0
sorted_JSD,0.0570995342281508,0.0668177165799332,0.0570747738990954,0.0394645480174966,0.0426371902629677,0.0592760015273887,0.0397431330286393,0.0775399604003419,0.0666099020590284,0.0600950657747127,0.0569010413749355,0.0413556985211815,0.0372045439306107,0.0965682373860354,0.0768949726027664,0.0773246225258199,0.0419379136246455,0.0558897637507971,0.0772136700759258,0.0755103403185775
