C1_WGSerr_r0,C2_WGSerr_r0,C3_WGSerr_r0,C4_WGSerr_r0,C5_WGSerr_r0,C6_WGSerr_r0,C7_WGSerr_r0,C8_WGSerr_r0,C9_WGSerr_r0,C10_WGSerr_r0,C11_WGSerr_r0,C12_WGSerr_r0,C13_WGSerr_r0,C14_WGSerr_r0,C15_WGSerr_r0,C16_WGSerr_r0,C17_WGSerr_r0,C18_WGSerr_r0,C19_WGSerr_r0,C20_WGSerr_r0
GCA_001675145,-0.174662816879882,0.0651076041797723,0.051593994480724,0.1,0.15,0.058522325386036,0.014543307962757,0.1,0.129438617024738,-0.06227081421089,0.046119475091266,0.0819862687546589,0.134443316113114,0.136124549405078,0.079219919029758,0.1,0.020701878862262,0.089723364584898,0.036479523302522,-0.129050687573585
GCA_008275005,0.0083891359628022,-0.182999471118533,-0.00782222847115199,-0.00231999058914001,0.059600812008634,0.05,0.006977144581501,0.00126447300551297,0.0348691101068011,-0.230472117476216,0.028297488135371,0.020777453718632,0.05,0.047812193385591,-0.011492065159289,0.016478950769528,0.05,0.019803179606269,0.0858215030418471,0.05
GCA_003586065,0.0306946719615896,0.1,-0.015061541874652,-0.197759173968534,-0.269265890695659,-0.340243812940595,-0.182376753023083,-0.295033664823005,-0.077433378149799,0.0455486061876265,0.05,0.05,-0.089260965851713,-0.369197439258266,-0.197748273511282,0.0489346722371303,-0.19735488544077,-0.190095351204452,-0.340522455925327,-0.00412520311759
GCA_002056065,-0.087380411040941,-0.082108133061239,-0.05652922259495,0.0547594250968042,-0.064794100932936,-0.068278512445441,0.010856300478825,0.00142074449631899,-0.202994230392218,0.1,9.99399706934079e-05,0.05,-0.163785472195521,0.05,0.0300204196408128,-0.118109586467293,0.0125867808093853,0.0108857334036928,0.05,0.05
GCA_900622695,0.0229594199964316,0.05,-0.072181001539969,-0.05468026053913,0.0244591796199617,0.05,0.05,-0.007651552678828,0.0161198814104783,0.05,-0.274516903197331,-0.30276372247329,0.018603121934119,-0.014739303532402,0.05,-0.147304036539365,-0.085933774230878,0.0196830736095918,0.0182214295809579,-0.166824109308825
GCA_002903105,0.2,0.05,0.1,0.1,0.1,0.25,0.1,0.2,0.1,0.1,0.15,0.1,0.05,0.15,0.05,0.1,0.2,0.05,0.15,0.2
