C1_WGSerr_r0,C2_WGSerr_r0,C3_WGSerr_r0,C4_WGSerr_r0,C5_WGSerr_r0,C6_WGSerr_r0,C7_WGSerr_r0,C8_WGSerr_r0,C9_WGSerr_r0,C10_WGSerr_r0,C11_WGSerr_r0,C12_WGSerr_r0,C13_WGSerr_r0,C14_WGSerr_r0,C15_WGSerr_r0,C16_WGSerr_r0,C17_WGSerr_r0,C18_WGSerr_r0,C19_WGSerr_r0,C20_WGSerr_r0
UnW_D,0.073061208589275,0.354024219320371,0.073061208589275,0.33787252973302,0.33787252973302,0.371431017160577,0.2185204566346,0.33787252973302,0.073061208589275,0.278687168569344,0.208564971275047,0.268731683209791,0.225971769115252,0.133227920524019,0.2185204566346,0.33787252973302,0.225971769115252,0.073061208589275,0.133227920524019,0.31221614254543
Weight_D,0.0474712516167963,0.0497595587515773,0.0209363163513819,0.0423715566226203,0.0594892923324274,0.0605672739040129,0.0286141221287051,0.0508329451232588,0.0444881814581114,0.0407178956888117,0.0521300637403893,0.057502904114644,0.0442014494182766,0.0672201778548626,0.0383081706543575,0.0374146242343317,0.0447446428018797,0.0366591064209682,0.0540747253765834,0.0643340634376379
Bray_D,0.262043227920823,0.265107604179772,0.151593994480724,0.254759425096804,0.334059991628595,0.408522325386036,0.182376753023083,0.302685217501832,0.280427608542017,0.294558987257089,0.274516903197331,0.302763722473291,0.253046438047233,0.383936742790668,0.209240338670571,0.265413623006658,0.283288659671648,0.190095351204452,0.340522455925327,0.3
JC_D,0.166666666666667,0.5,0.166666666666667,0.333333333333333,0.333333333333333,0.5,0.333333333333333,0.333333333333333,0.166666666666667,0.5,0.333333333333333,0.5,0.333333333333333,0.333333333333333,0.333333333333333,0.333333333333333,0.333333333333333,0.166666666666667,0.333333333333333,0.5
JSD,0.0843688010024788,0.0851668358416189,0.0425568875017926,0.0933924191515202,0.114212132077574,0.166481823995426,0.0645984043711807,0.142285157747694,0.0691221310235958,0.104183235982721,0.0915566831740315,0.108376483801857,0.0612230138803456,0.144112516186676,0.0539996180721769,0.0887352839810953,0.107508631447904,0.0364349535461214,0.120049588640397,0.119580985909493
