C10_WGSerr_r0,C11_WGSerr_r0,C12_WGSerr_r0,C13_WGSerr_r0,C14_WGSerr_r0,C15_WGSerr_r0,C16_WGSerr_r0,C17_WGSerr_r0,C18_WGSerr_r0,C19_WGSerr_r0,C1_WGSerr_r0,C20_WGSerr_r0,C2_WGSerr_r0,C3_WGSerr_r0,C4_WGSerr_r0,C5_WGSerr_r0,C6_WGSerr_r0,C7_WGSerr_r0,C8_WGSerr_r0,C9_WGSerr_r0
sorted_JSD,0.104183235982721,0.0767560958316067,0.108376483801857,0.0587542881347216,0.114492947400147,0.0487744838918905,0.0844990977128186,0.0760915659931595,0.0364349535461214,0.107358688211471,0.051776851521555,0.0925892760960526,0.0851668358416189,0.0374113822514189,0.0881241102496918,0.0969873257034594,0.135832288199007,0.0587750291323939,0.0830871995281137,0.066141682811959
