C10_WGSerr_r0,C11_WGSerr_r0,C12_WGSerr_r0,C13_WGSerr_r0,C14_WGSerr_r0,C15_WGSerr_r0,C16_WGSerr_r0,C17_WGSerr_r0,C18_WGSerr_r0,C19_WGSerr_r0,C1_WGSerr_r0,C20_WGSerr_r0,C2_WGSerr_r0,C3_WGSerr_r0,C4_WGSerr_r0,C5_WGSerr_r0,C6_WGSerr_r0,C7_WGSerr_r0,C8_WGSerr_r0,C9_WGSerr_r0
Rank1,-0.230472117476216,-0.274516903197331,-0.30276372247329,-0.163785472195521,-0.319197439258266,-0.147748273511282,-0.147304036539365,-0.14735488544077,-0.190095351204452,-0.340522455925327,-0.174662816879882,-0.129050687573585,-0.182999471118533,-0.00782222847115199,-0.047759173968534,-0.269265890695659,-0.290243812940595,-0.132376753023083,-0.145033664823005,-0.202994230392218
Rank2,-0.06227081421089,0.028297488135371,0.020777453718632,-0.089260965851713,-0.00218780661440898,-0.061492065159289,-0.068109586467293,-0.085933774230878,0.019803179606269,0.036479523302522,-0.087380411040941,-0.166824109308825,-0.082108133061239,-0.022181001539969,-0.15231999058914,-0.014794100932936,-0.068278512445441,-0.035456692037243,-0.098735526994487,-0.077433378149799
Rank3,0.0455486061876265,0.046119475091266,0.0819862687546589,0.118603121934119,0.035260696467598,0.079219919029758,-0.033521049230472,-0.029298121137738,0.089723364584898,0.0682214295809579,0.122959419996432,0.09587479688241,0.0651076041797723,-0.05652922259495,-0.05468026053913,0.009600812008634,0.058522325386036,0.006977144581501,0.00142074449631899,0.116119881410478
Rank4,0.1,0.0500999399706934,0.1,0.034443316113114,0.136124549405078,0.0300204196408128,0.0489346722371303,0.112586780809385,0.0108857334036928,0.0858215030418471,0.0306946719615896,0.1,0.1,-0.015061541874652,0.0547594250968042,0.0744591796199617,0.2,0.010856300478825,0.042348447321172,0.0294386170247375
Rank5,0.1,0.1,0.05,0.05,0.1,0.05,0.1,0.1,0.0196830736095918,0.1,0.0583891359628022,0.05,0.05,0.001593994480724,0.1,0.1,0.05,0.1,0.1,0.0348691101068011
Rank6,0.05,0.05,0.05,0.05,0.05,0.05,0.1,0.05,0.05,0.05,0.05,0.05,0.05,0.1,0.1,0.1,0.05,0.05,0.1,0.1
