C1_WGSerr_r0,C10_WGSerr_r0,C11_WGSerr_r0,C12_WGSerr_r0,C13_WGSerr_r0,C14_WGSerr_r0,C15_WGSerr_r0,C16_WGSerr_r0,C17_WGSerr_r0,C18_WGSerr_r0,C19_WGSerr_r0,C2_WGSerr_r0,C20_WGSerr_r0,C3_WGSerr_r0,C4_WGSerr_r0,C5_WGSerr_r0,C6_WGSerr_r0,C7_WGSerr_r0,C8_WGSerr_r0,C9_WGSerr_r0
sorted_JSD,0.0376018813696044,0.0165839118211681,0.0175485519321476,0.0406688888093374,0.0181017164099572,0.00862080151556466,0.00672013674953557,0.0580500436105588,0.00056784930670183,0.0581994649053689,0.0793760471142869,0.00182094684643082,0.0350903356025647,0.00576078554616029,0.037587131376309,0.00848283215409001,0.00662114102836883,0.0429760525425163,0.049566804134684,0.00820397639354927
