C1_WGSerr_r0,C10_WGSerr_r0,C11_WGSerr_r0,C12_WGSerr_r0,C13_WGSerr_r0,C14_WGSerr_r0,C15_WGSerr_r0,C16_WGSerr_r0,C17_WGSerr_r0,C18_WGSerr_r0,C19_WGSerr_r0,C2_WGSerr_r0,C20_WGSerr_r0,C3_WGSerr_r0,C4_WGSerr_r0,C5_WGSerr_r0,C6_WGSerr_r0,C7_WGSerr_r0,C8_WGSerr_r0,C9_WGSerr_r0
sorted_JSD,0.00385415444243913,0.0241833757104749,0.0236113079859006,0.0365472709264702,0.0180993651156149,0.00594812061906471,0.03801613976616,0.00093956401912541,0.0552677113320588,0.061251814751031,0.0443942267558368,0.000941740041713596,0.0365934574156167,0.00610521816241263,0.0369528511667791,0.0777126041632093,0.00593481919677629,0.0370819630357985,0.0451618124510519,0.00645862226328336
