C1_WGSerr_r0,C18_WGSerr_r0,C19_WGSerr_r0,C2_WGSerr_r0,C20_WGSerr_r0,C3_WGSerr_r0,C4_WGSerr_r0,C5_WGSerr_r0,C6_WGSerr_r0,C7_WGSerr_r0,C8_WGSerr_r0,C10_WGSerr_r0,C9_WGSerr_r0,C11_WGSerr_r0,C12_WGSerr_r0,C13_WGSerr_r0,C14_WGSerr_r0,C15_WGSerr_r0,C16_WGSerr_r0,C17_WGSerr_r0
UnW_D,0.0520411335138452,0,0.0170885217122166,0.0520411335138452,0,0,0.0318618493074624,0,0.0318618493074624,0.0215146001692507,0,0.0518708793399001,0,0.0318618493074624,0.0520411335138452,0,0,0,0.0215146001692507,0.0318618493074624
Weight_D,0.0120653782752596,0.0140489305640765,0.0173523701676128,0.0130277336036127,0.0121171113464005,0.016702620677786,0.0165623152869349,0.0101511692670563,0.00944738508172623,0.0135814089992232,0.0147501876024331,0.0187055969069741,0.016779924696552,0.0152059281054981,0.00956607273041162,0.0108624733939835,0.0100858567883261,0.0190725814307374,0.0124844567128837,0.0130385309276285
Bray_D,0.108029424906859,0.0929788577238143,0.15580042915487,0.105260339558037,0.0788359801914756,0.111166520016238,0.113195875234536,0.084026371684041,0.0572307798890218,0.106428263404523,0.0869698665010547,0.129994245071798,0.101437509176002,0.0979923703938554,0.0860080632876685,0.0636132704046239,0.0811403009624912,0.123631715941384,0.0924315540824883,0.0976302595284902
JC_D,0.2,0,0.111111111111111,0.2,0,0,0.111111111111111,0,0.111111111111111,0.111111111111111,0,0.111111111111111,0,0.111111111111111,0.2,0,0,0,0.111111111111111,0.111111111111111
JSD,0.0167424677636106,0.011036366414004,0.0164041121218477,0.018594358383332,0.00554744950008374,0.00838512593871475,0.0133813102099868,0.0100511294703097,0.0078737412853594,0.0141537704334339,0.00920404681624404,0.0155556030190276,0.00701858713892209,0.0114553248878078,0.0158948839887067,0.00332000188456203,0.00812377333823102,0.0132191497585022,0.0111950089814806,0.0126588522592639
