C1_WGSerr_r0,C18_WGSerr_r0,C19_WGSerr_r0,C2_WGSerr_r0,C20_WGSerr_r0,C3_WGSerr_r0,C4_WGSerr_r0,C5_WGSerr_r0,C6_WGSerr_r0,C7_WGSerr_r0,C8_WGSerr_r0,C10_WGSerr_r0,C9_WGSerr_r0,C11_WGSerr_r0,C12_WGSerr_r0,C13_WGSerr_r0,C14_WGSerr_r0,C15_WGSerr_r0,C16_WGSerr_r0,C17_WGSerr_r0
Rank1,0.039326,-0.020246,0.133177,-0.00715199999999999,0.02406,0.035713,-0.05834,-0.042423,-3.6000000000036e-05,0.073542,-0.01347,0.00593500000000002,0.023319,-0.018493,-0.027917,-0.013695,-0.050155,0.075868,-0.008325,0.03038
Rank2,0.023469,-0.040542,-0.064542,-0.01744,-0.009523,0.024702,0.08139,0.00766800000000001,-0.00856800000000002,-0.007715,0.007635,0.035397,0.030647,0.062008,0.00215300000000002,0.00451699999999999,-0.00273200000000001,-0.010205,-0.02973,-0.017275
Rank3,-0.023682,-0.00548300000000002,-0.013964,-0.011167,-0.00553800000000002,0.024888,-0.002092,0.036987,-0.00842200000000001,0.018144,-0.026128,0.00569599999999998,-0.00764199999999998,-0.018504,0.002527,0.024921,0.028534,0.018424,0.00608400000000001,0.024658
Rank4,-0.016155,0.041046,0.030159,0.03942,-0.001277,-0.024386,0.020073,-0.00435099999999999,-0.00799499999999999,-0.017166,0.030885,0.033936,0.02777,-0.017125,0.037053,0.025983,-0.015851,-0.025554,0.026326,-0.016748
Rank5,-0.00806899999999999,0.004417,-0.010317,0.014534,-0.020019,-0.009146,-0.00759,-0.00382899999999999,0.015685,-0.012943,0.00965200000000001,-0.006053,-0.012019,-0.00235999999999999,-0.001641,-0.018159,4.80000000000064e-05,-0.021683,0.033343,-0.00281699999999999
Rank6,0.015516,-0.002515,-0.009768,0.021056,0.002668,-0.00461299999999999,-0.005082,0.000560000000000005,0.044326,0.035742,-0.000175000000000002,0.011516,-0.011005,0.02082,0.018723,0.000549000000000008,0.00102000000000001,-0.014835,0.017816,-0.000777999999999987
Rank7,0.033683,0.014147,-0.009168,0.037188,0.041311,-0.00412599999999999,0.00375600000000001,0.011693,-0.00244299999999999,-0.010893,0.010509,-0.021151,0.00167300000000001,0.035216,0.019023,-0.007162,0.027566,-0.009633,0.003889,-0.00130499999999999
Rank8,-0.001343,0.037061,0.002564,-0.006521,0.016633,0.015844,0.027491,0.038416,0.01462,0.000985,0.032762,-0.002598,0.006052,-0.00203,0.007557,0.018283,0.034513,0.037091,0.009511,0.029864
