C1_WGSerr_r0,C10_WGSerr_r0,C11_WGSerr_r0,C12_WGSerr_r0,C13_WGSerr_r0,C14_WGSerr_r0,C15_WGSerr_r0,C16_WGSerr_r0,C17_WGSerr_r0,C18_WGSerr_r0,C19_WGSerr_r0,C2_WGSerr_r0,C20_WGSerr_r0,C3_WGSerr_r0,C4_WGSerr_r0,C5_WGSerr_r0,C6_WGSerr_r0,C7_WGSerr_r0,C8_WGSerr_r0,C9_WGSerr_r0
sorted_JSD,0.0176492274645948,0.215761554338836,0.189094433880504,0.16389659003356,0.140003120302094,0.117276936778544,0.0956025889470326,0.0748817616223544,0.0550299193649249,0.0359737566501484,0.0176492274645948,0.0359737566501484,0,0.0550299193649249,0.0748817616223544,0.0956025889470326,0.117276936778544,0.140003120302094,0.16389659003356,0.189094433880504
