C1_WGSerr_r0,C18_WGSerr_r0,C19_WGSerr_r0,C2_WGSerr_r0,C20_WGSerr_r0,C3_WGSerr_r0,C4_WGSerr_r0,C5_WGSerr_r0,C6_WGSerr_r0,C7_WGSerr_r0,C8_WGSerr_r0,C10_WGSerr_r0,C9_WGSerr_r0,C11_WGSerr_r0,C12_WGSerr_r0,C13_WGSerr_r0,C14_WGSerr_r0,C15_WGSerr_r0,C16_WGSerr_r0,C17_WGSerr_r0
sorted_JSD,0.0233992355915654,0.0368433092568645,0.00786470504261634,0.0847847720881837,0.0133461775466222,0.048219739182747,0.0533236599418912,0.0491296099744911,0.0326069945430755,0.0370500729759168,0.0671416563679871,0.0695468450528101,0.0344991855832859,0.0419648102920259,0.0585943911777097,0.0263800918091488,0.0330222872129334,0.0323921967251345,0.0671793311373314,0.0305586864462946
