C1_WGSerr_r0,C18_WGSerr_r0,C19_WGSerr_r0,C2_WGSerr_r0,C20_WGSerr_r0,C3_WGSerr_r0,C4_WGSerr_r0,C5_WGSerr_r0,C6_WGSerr_r0,C7_WGSerr_r0,C8_WGSerr_r0,C10_WGSerr_r0,C9_WGSerr_r0,C11_WGSerr_r0,C12_WGSerr_r0,C13_WGSerr_r0,C14_WGSerr_r0,C15_WGSerr_r0,C16_WGSerr_r0,C17_WGSerr_r0
UnW_D,0,0.0857377117356757,0,0.10886641857613,0,0.0585606680381548,0,0.169325547190294,0.109690992848008,0.0903124230109252,0.0757022442649715,0.115711919242799,0.15695912321384,0.0903124230109252,0.0359492609225183,0.0359492609225183,0.0583703983265155,0.0585606680381548,0.0585606680381548,0.11777353586793
Weight_D,0.0185599646226529,0.0231149770301272,0.0229640111768125,0.0189711284107122,0.0279088972081977,0.0238384579926647,0.0302321451913429,0.0240215797146045,0.020327001754801,0.018538863257735,0.0281853519749017,0.0229965461540908,0.019511589634063,0.0351079344482781,0.0349226427266172,0.0160293360791684,0.0256019533566332,0.0230028332837731,0.0287326034419441,0.0283396114586858
Bray_D,0.125382266123681,0.15816417771288,0.13936928913113,0.168459383696787,0.156687487308117,0.149209065429954,0.162811961829644,0.168453164886266,0.148489298677884,0.136003615890986,0.205214350983258,0.151907450764358,0.150205972881047,0.202645098832653,0.18106086757595,0.106568934776782,0.159900368208926,0.156279611805722,0.170083967375309,0.169360992480093
JC_D,0,0.333333333333333,0,0.4,0,0.25,0,0.333333333333333,0.285714285714286,0.25,0.333333333333333,0.333333333333333,0.444444444444444,0.25,0.142857142857143,0.142857142857143,0.142857142857143,0.25,0.25,0.285714285714286
JSD,0.0167869456488447,0.0260488598028957,0.0144566427680081,0.0404787160643723,0.0193313345363571,0.0245029327667782,0.0158643831404877,0.0329616345860378,0.0373570370520596,0.0213393201014835,0.0390377913460959,0.0255561688326488,0.0602457433671103,0.0352315635141671,0.024280551642583,0.015604698232998,0.0192091959701104,0.02646211899101,0.0290496622498528,0.0369804199770084
