C1_WGSerr_r0,C18_WGSerr_r0,C19_WGSerr_r0,C2_WGSerr_r0,C20_WGSerr_r0,C3_WGSerr_r0,C4_WGSerr_r0,C5_WGSerr_r0,C6_WGSerr_r0,C7_WGSerr_r0,C8_WGSerr_r0,C10_WGSerr_r0,C9_WGSerr_r0,C11_WGSerr_r0,C12_WGSerr_r0,C13_WGSerr_r0,C14_WGSerr_r0,C15_WGSerr_r0,C16_WGSerr_r0,C17_WGSerr_r0
Rank1,0.018813,-0.062586,-0.07857,0.160542,-0.00792500000000002,0.037865,0.096757,-0.05989,-0.029008,-0.021412,0.085838,0.132298,0.00218399999999996,-0.131067,-0.134332,-0.033575,-0.016521,-0.021897,-0.095993,-0.029653
Rank2,-0.024027,0.03912,0.034329,-0.015442,-0.062988,0.00660000000000002,-0.040007,0.03783,-0.00715500000000002,-0.034664,0.01985,-0.010563,-0.03929,0.07602,0.120571,0.025596,0.044589,0.02617,0.060383,-0.048417
Rank3,0.050271,0.101966,0.012108,0.00254599999999999,0.08163,-0.038704,-0.076048,0.013594,0.00511,0.087575,-0.00839200000000001,-0.038149,0.027873,0.05082,0.013507,0.037447,0.00648199999999999,0.078612,0.06121,-0.019234
Rank4,-0.026923,-0.036226,0.026951,-0.03647,0.005708,-0.002279,0.00419900000000001,0.021149,0.060811,-0.00943699999999999,-0.00424099999999999,-0.010547,-0.028395,0.0617,0.048403,-0.040138,0.014949,-0.000503999999999991,-0.01437,0.104468
Rank5,-0.013295,0.00793500000000001,0.044656,-0.020781,-0.00720899999999999,0.000621999999999984,0.0212,0.00817200000000001,-0.017437,0.038878,-0.004343,0.025405,0.039325,0.033126,0.008044,0.019977,0.025252,-0.020275,0.014751,0.00488300000000001
Rank6,0.039063,0.024827,-0.000974999999999997,0.015522,0.03087,0.045853,0.051554,0.052397,0.028622,-0.001641,0.008204,-0.010549,0.06829,-0.008975,0.009579,0.031696,-0.003645,0.022046,0.052938,0.037929
