C1_WGSerr_r0,C18_WGSerr_r0,C19_WGSerr_r0,C2_WGSerr_r0,C20_WGSerr_r0,C3_WGSerr_r0,C4_WGSerr_r0,C5_WGSerr_r0,C6_WGSerr_r0,C7_WGSerr_r0,C8_WGSerr_r0,C10_WGSerr_r0,C9_WGSerr_r0,C11_WGSerr_r0,C12_WGSerr_r0,C13_WGSerr_r0,C14_WGSerr_r0,C15_WGSerr_r0,C16_WGSerr_r0,C17_WGSerr_r0
Rank1,0.0488959999999999,0.033888,0.030403,0.045826,0.0252110000000001,0.0403209999999999,0.026985,0.024447,0.016165,0.0104230000000001,0.00862600000000002,0.00173699999999999,0.0127130000000001,0.045096,0.0537289999999999,0.047636,0.048488,0.04086,0.043301,0.0318149999999999
Rank2,0.0091,-0.00347999999999998,-0.003732,0.016331,-0.017645,0.019497,0.018958,0.029631,0.037434,0.033789,0.041438,0.047287,0.041575,0.00378200000000006,-0.00953799999999999,-0.011864,-0.00718000000000002,-0.00885999999999998,-0.010141,0.00186499999999998
