C1_WGSerr_r0,C18_WGSerr_r0,C19_WGSerr_r0,C2_WGSerr_r0,C20_WGSerr_r0,C3_WGSerr_r0,C4_WGSerr_r0,C5_WGSerr_r0,C6_WGSerr_r0,C7_WGSerr_r0,C8_WGSerr_r0,C10_WGSerr_r0,C9_WGSerr_r0,C11_WGSerr_r0,C12_WGSerr_r0,C13_WGSerr_r0,C14_WGSerr_r0,C15_WGSerr_r0,C16_WGSerr_r0,C17_WGSerr_r0
UnW_D,0.157440497323005,0.188265513693446,0.188265513693446,0.157440497323005,0.216700531543615,0.295173915521192,0.157440497323005,0.157440497323005,0.271121494551494,0.271121494551494,0,0.271121494551494,0.122838445303553,0.122838445303553,0.268688039883457,0.188265513693446,0.188265513693446,0.188265513693446,0.188265513693446,0.188265513693446
Weight_D,0.00485914716929711,0.00293693003501826,0.00305337721881593,0.00610199474800945,0.0020086842888096,0.00563552165761409,0.00496639017920342,0.00717205583822274,0.00647179661322898,0.00620411094583563,0.00540684563106046,0.00832598264803582,0.00633716658519512,0.00644348309998934,0.00920836783910281,0.00642347412533739,0.00539942295670735,0.00489826126510937,0.00500257328883272,0.00219484819018533
Bray_D,0.053529130732492,0.0263455860825888,0.0261516650939677,0.0564352231934451,0.0215093699465077,0.058448513362686,0.0389823491549292,0.0467037770675057,0.0436674868509471,0.0390526738056627,0.0256746888102994,0.0416997108903348,0.036883522128382,0.0318989599083527,0.0469057986122652,0.037763453028068,0.0350819105238633,0.0323905141705347,0.0338306076158506,0.026109952662042
JC_D,0.5,0.333333333333333,0.333333333333333,0.5,0.5,0.6,0.5,0.5,0.5,0.5,0,0.5,0.333333333333333,0.333333333333333,0.5,0.333333333333333,0.333333333333333,0.333333333333333,0.333333333333333,0.333333333333333
JSD,0.0174154651281509,0.00533995114352754,0.0063809627819001,0.0180459154686164,0.00620178089716532,0.0203229520828317,0.0112740218524063,0.0139805150272736,0.0120665167350188,0.0120736209592021,0.000267311611641061,0.0123054748876116,0.00673455853517489,0.00516592531783982,0.0110314605432254,0.00577044306919191,0.00508612145668058,0.00533644816954111,0.00504246684815074,0.00643729074430769
