C1_WGSerr_r0,C18_WGSerr_r0,C19_WGSerr_r0,C2_WGSerr_r0,C20_WGSerr_r0,C3_WGSerr_r0,C4_WGSerr_r0,C5_WGSerr_r0,C6_WGSerr_r0,C7_WGSerr_r0,C8_WGSerr_r0,C10_WGSerr_r0,C9_WGSerr_r0,C11_WGSerr_r0,C12_WGSerr_r0,C13_WGSerr_r0,C14_WGSerr_r0,C15_WGSerr_r0,C16_WGSerr_r0,C17_WGSerr_r0
sorted_JSD,0.109844838221892,0.0124676861026392,0.0117451238455895,0.102885170329327,0.00621913198396893,0.108835914357548,0.108061242467027,0.0999683766719484,0.0894950374693481,0.0970969047986922,0.0711482188737341,0.0772350143591246,0.064816614928264,0.0543707433271715,0.0557412356181847,0.046645793075936,0.0357181689124568,0.0379460657420116,0.025736579690589,0.0195335186734063
