C10_WGSerr_r0,C11_WGSerr_r0,C12_WGSerr_r0,C13_WGSerr_r0,C14_WGSerr_r0,C15_WGSerr_r0,C16_WGSerr_r0,C17_WGSerr_r0,C18_WGSerr_r0,C19_WGSerr_r0,C1_WGSerr_r0,C20_WGSerr_r0,C2_WGSerr_r0,C3_WGSerr_r0,C4_WGSerr_r0,C5_WGSerr_r0,C6_WGSerr_r0,C7_WGSerr_r0,C8_WGSerr_r0,C9_WGSerr_r0
UnW_D,0.309785486372303,0.309785486372303,0.353752038526249,0.312080514905475,0.331999906613195,0.423832051329546,0.353752038526249,0.331999906613195,0.564070311629041,0.753218175662154,0.572834114802433,0.353752038526249,0.402250565229975,0.297006105771838,0.370190524637493,0.423832051329546,0.598014915647813,0.402250565229975,0.423832051329546,0.363706335808317
Weight_D,0.0570074447456534,0.0648906192248628,0.083710491167633,0.0714706955624023,0.0931227844957454,0.0754206187311286,0.0686146050336827,0.0875162768295941,0.103929866707542,0.0570838940797255,0.066695873222177,0.0996671803534887,0.0689168190134411,0.0525116393879478,0.0645006458166292,0.0687510036289728,0.0881242426027997,0.0694930251472539,0.0587233378275671,0.0668382870632357
Bray_D,0.330513868120654,0.387037973260805,0.523800237872222,0.35348344755745,0.661199439328675,0.489231844809226,0.523569283061881,0.512932764330857,0.564766061681439,0.45,0.379086523383967,0.588376750767832,0.433889903342939,0.343634980622226,0.371758061393187,0.465112161290268,0.55,0.418901828992088,0.308290580119029,0.419115632492574
JC_D,0.5,0.5,0.555555555555556,0.5,0.555555555555556,0.555555555555556,0.555555555555556,0.555555555555556,0.777777777777778,0.777777777777778,0.555555555555556,0.555555555555556,0.555555555555556,0.444444444444444,0.625,0.555555555555556,0.777777777777778,0.555555555555556,0.555555555555556,0.5
JSD,0.130762447357453,0.14938609960063,0.330113167015129,0.154283482973549,0.397029395331022,0.237918221347153,0.257119245981353,0.263984325872227,0.289006763917251,0.236288188305865,0.185017359315584,0.303835754093532,0.23167664948632,0.163058357689697,0.148066055408182,0.314184022766818,0.275610548934572,0.185946212869803,0.11240700875656,0.161019159482046
