C10_WGSerr_r0,C11_WGSerr_r0,C12_WGSerr_r0,C13_WGSerr_r0,C14_WGSerr_r0,C15_WGSerr_r0,C16_WGSerr_r0,C17_WGSerr_r0,C18_WGSerr_r0,C19_WGSerr_r0,C1_WGSerr_r0,C20_WGSerr_r0,C2_WGSerr_r0,C3_WGSerr_r0,C4_WGSerr_r0,C5_WGSerr_r0,C6_WGSerr_r0,C7_WGSerr_r0,C8_WGSerr_r0,C9_WGSerr_r0
Rank1,-0.111723821410552,-0.202867485818239,-0.240514706216325,-0.320004604084828,-0.242366921680369,-0.175478352112601,-0.159567890793634,-0.320055358877163,-0.400251831969867,-0.230454129031842,-0.079027632904466,-0.21980536453612,-0.041649629255718,-0.121620162815319,-0.371758061393187,-0.206027493221173,-0.251483001688617,-0.313602352975184,-0.184092861638543,-0.215095821918561
Rank2,-0.088830408854879,-0.137524446002725,-0.021646589366346,-0.005060385269746,-0.168832517648306,-0.172679932615747,-0.135356456361312,0.058482477945024,-0.014514229711572,-0.045840275060064,-0.117062982700275,-0.09622004764657,-0.085453511728712,-0.089889405777545,0.00855389407190998,0.012772642830129,-0.140593382407589,0.036919813793838,-0.063330244454031,-0.11905113545713
Rank3,-0.079959637855224,-0.046646041439841,-0.007715330546677,0.00348344755745,0.0588083475464513,0.00892643991912198,-0.057336852340607,0.024069799418594,0.014766061681439,-0.023705595908094,-0.04973731708728,-0.054867417571514,-0.083039284745189,0.003681171549792,0.0632041673212772,-0.001810176009477,-0.00792361590379401,0.043667085518462,-0.00487929020080602,-0.034968675116883
Rank4,-0.019486131879346,0.0370379732608048,0.023800237872222,0.021581541797124,0.0356332607517354,0.0111032501732651,0.028691916433672,0.00445028638583321,0.15,0.1,-0.033258590691946,0.032516078986371,-0.07374747761332,-0.0188257664355,0.1,-0.007274492059618,0.1,0.00103343846463491,0.013169870319835,0.119115632492573
Rank5,0.1,0.1,-0.00392361174287299,0.1,0.0667578310304883,0.0781285946359611,0.12356928306188,0.0330527951277125,0.1,0.05,0.0290865233839664,0.0883767507678323,0.0338899033429394,-0.013299645593861,0.05,0.00233951846013901,0.1,0.0319820151982497,0.0891325259735459,0.1
Rank6,0.1,0.1,0.1,0.1,0.1,0.1,0.1,0.1,0.05,0.05,0.1,0.1,0.1,0.0399538090724344,0.05,0.1,0.1,0.1,0.05,0.05
Rank7,0.05,0.1,0.1,0.05,0.1,0.1,0.05,0.05,0.05,0.05,0.1,0.1,0.1,0.1,0.05,0.05,0.05,0.05,0.05,0.05
Rank8,0.05,0.05,0.05,0.05,0.05,0.05,0.05,0.05,0.05,0.05,0.05,0.05,0.05,0.1,0.05,0.05,0.05,0.05,0.05,0.05
