C10_WGSerr_r0,C11_WGSerr_r0,C12_WGSerr_r0,C13_WGSerr_r0,C14_WGSerr_r0,C15_WGSerr_r0,C16_WGSerr_r0,C17_WGSerr_r0,C18_WGSerr_r0,C19_WGSerr_r0,C1_WGSerr_r0,C20_WGSerr_r0,C2_WGSerr_r0,C3_WGSerr_r0,C4_WGSerr_r0,C5_WGSerr_r0,C6_WGSerr_r0,C7_WGSerr_r0,C8_WGSerr_r0,C9_WGSerr_r0
sorted_JSD,0.118713321389527,0.14938609960063,0.110729929233951,0.136487237122276,0.136659373559577,0.128107775037516,0.118503331575841,0.10610217773216,0.180171948598004,0.117952565763648,0.100958039565351,0.135623209173596,0.102341701881442,0.0848418675536503,0.148066055408182,0.0847448104287076,0.168943334893638,0.101482524350659,0.0875120026728652,0.132225659439633
