C10_WGSerr_r0,C11_WGSerr_r0,C12_WGSerr_r0,C13_WGSerr_r0,C14_WGSerr_r0,C15_WGSerr_r0,C16_WGSerr_r0,C17_WGSerr_r0,C18_WGSerr_r0,C19_WGSerr_r0,C1_WGSerr_r0,C20_WGSerr_r0,C2_WGSerr_r0,C3_WGSerr_r0,C4_WGSerr_r0,C5_WGSerr_r0,C6_WGSerr_r0,C7_WGSerr_r0,C8_WGSerr_r0,C9_WGSerr_r0
GCA_008275005,0.030513868120654,-0.137524446002725,0.023800237872222,-0.005060385269746,0.0167578310304883,0.05,-0.135356456361312,-0.0169472048722875,0.05,-0.023705595908094,-0.079027632904466,0.0883767507678323,-0.07374747761332,0.003681171549792,0.00855389407190998,0.05,0.1,-0.313602352975184,0.05,0.119115632492573
GCA_001675145,-0.161723821410552,-0.202867485818239,-0.057715330546677,-0.320004604084828,-0.168832517648306,-0.275478352112601,-0.159567890793634,-0.370055358877163,-0.400251831969867,0.05,0.05,-0.26980536453612,-0.091649629255718,-0.171620162815319,0.0632041673212772,0.00233951846013901,-0.140593382407589,-0.006332914481538,-0.184092861638543,-0.084968675116883
GCA_003586065,-0.138830408854879,-0.046646041439841,-0.00392361174287299,-0.028418458202876,0.00880834754645131,0.0111032501732651,-0.021308083566328,0.00445028638583321,0.05,0.05,-0.033258590691946,-0.09622004764657,0.05,-0.0188257664355,-0.371758061393187,-0.007274492059618,0.05,0.05,-0.113330244454031,0.05
GCA_002903105,-0.029959637855224,0.0370379732608048,0.05,0.05,0.0356332607517354,-0.072679932615747,0.05,0.00848247794502399,0.014766061681439,-0.230454129031842,0.0290865233839664,0.05,0.0338899033429394,-0.039889405777545,0.05,-0.001810176009477,0.05,0.0319820151982497,0.013169870319835,-0.06905113545713
GCA_001901465,0,0,-0.440514706216325,0,-0.492366921680369,-0.141073560080878,-0.207336852340607,-0.125930200581406,-0.164514229711572,-0.195840275060064,-0.14973731708728,-0.204867417571514,-0.235453511728712,-0.113299645593861,0,-0.456027493221173,-0.157923615903794,-0.0989665615353651,-0.0108674740264541,0
GCA_003018655,0.05,0.1,-0.021646589366346,0.00348344755745,0.1,0.0781285946359611,0.12356928306188,0.1,0.1,0.1,-0.117062982700275,-0.017483921013629,-0.033039284745189,0.0399538090724344,0.05,0.012772642830129,-0.251483001688617,0.036919813793838,0.045120709799194,-0.265095821918561
GCA_002056065,0.05,0.1,0.2,0.05,0.25,0.1,0.15,0.1,0.15,0.15,0.1,0.1,0.15,0.1,0.05,0.25,0.1,0.1,0.1,0.05
GCA_900622695,0.1,0.1,0.1,0.15,0.15,0.15,0.15,0.25,0.05,0.05,0.1,0.2,0.1,0.1,0.1,0.05,0.1,0.15,0.05,0.05
GCA_002278115,0.1,0.05,0.15,0.1,0.1,0.1,0.05,0.05,0.15,0.05,0.1,0.15,0.1,0.1,0.05,0.1,0.15,0.05,0.05,0.15
