C1_WGSerr_r0,C18_WGSerr_r0,C19_WGSerr_r0,C2_WGSerr_r0,C20_WGSerr_r0,C3_WGSerr_r0,C4_WGSerr_r0,C5_WGSerr_r0,C6_WGSerr_r0,C7_WGSerr_r0,C8_WGSerr_r0,C10_WGSerr_r0,C9_WGSerr_r0,C11_WGSerr_r0,C12_WGSerr_r0,C13_WGSerr_r0,C14_WGSerr_r0,C15_WGSerr_r0,C16_WGSerr_r0,C17_WGSerr_r0
Rank1,0.0281159999999999,0.0139110000000001,0.0082819999999999,0.030667,0.00122999999999995,0.0270769999999999,0.00983599999999996,0.00663800000000003,0.00148499999999996,-0.00304099999999996,-0.000307000000000057,-0.00895800000000002,0.00160000000000005,0.036865,0.041794,0.0343340000000001,0.0312049999999999,0.021824,0.0267770000000001,0.013324
Rank2,0.016195,-0.00485899999999999,-0.002604,0.020874,0,0.021368,0.02272,0.02865,0.034273,0.032261,0.036465,0.038628,0.032654,-0.00261100000000003,-0.015948,-0.0152390000000001,-0.010863,-0.012716,-0.014214,-0.001358
