C1_WGSerr_r0,C18_WGSerr_r0,C19_WGSerr_r0,C2_WGSerr_r0,C20_WGSerr_r0,C3_WGSerr_r0,C4_WGSerr_r0,C5_WGSerr_r0,C6_WGSerr_r0,C7_WGSerr_r0,C8_WGSerr_r0,C10_WGSerr_r0,C9_WGSerr_r0,C11_WGSerr_r0,C12_WGSerr_r0,C13_WGSerr_r0,C14_WGSerr_r0,C15_WGSerr_r0,C16_WGSerr_r0,C17_WGSerr_r0
UnW_D,0.157440497323005,0,0,0.157440497323005,0,0.157440497323005,0.157440497323005,0.157440497323005,0.122838445303553,0.122838445303553,0.122838445303553,0.122838445303553,0.122838445303553,0.122838445303553,0.119311755769234,0,0,0,0,0
Weight_D,0.00627093048729489,0.00139527927944295,0.000696671543223883,0.0070300332243444,0,0.0068818044667217,0.00582925168951734,0.00729987104814706,0.00741177907777978,0.00728976783374145,0.00710615018259106,0.00866391280111641,0.00651732364300667,0.00650427343906703,0.0086609069394356,0.0053608190351552,0.0041540115835216,0.00362940295137528,0.00406322848081067,0.000765440215714318
Bray_D,0.0461574769212615,0.00942766963275792,0.0054584966720519,0.050994372758709,0.000615378457751494,0.047927072327346,0.0311385557069993,0.0351760804253294,0.0293302247482831,0.0291279960432315,0.0272913850524295,0.0358116057002504,0.0277467087214728,0.0276799789208761,0.0368903271004319,0.0250254302957487,0.0212501351243497,0.0173490073796067,0.0206250562910925,0.00738518556523681
JC_D,0.5,0,0,0.5,0,0.5,0.5,0.5,0.333333333333333,0.333333333333333,0.333333333333333,0.333333333333333,0.333333333333333,0.333333333333333,0.333333333333333,0,0,0,0,0
JSD,0.0171037029167767,4.58195273502816e-05,2.16078620542734e-05,0.0182117802366794,0,0.0169374471296394,0.0106342872983787,0.0125933171670933,0.00833280102187522,0.00829195281811555,0.00642050299679818,0.0086765528996154,0.00754679876641757,0.00563109149202949,0.00588814499262408,0.000270632107993751,0.000175699759321208,0.000149670783668664,0.000217416459059898,9.89701197660995e-06
