C1_WGSerr_r0,C18_WGSerr_r0,C19_WGSerr_r0,C2_WGSerr_r0,C20_WGSerr_r0,C3_WGSerr_r0,C4_WGSerr_r0,C5_WGSerr_r0,C6_WGSerr_r0,C7_WGSerr_r0,C8_WGSerr_r0,C10_WGSerr_r0,C9_WGSerr_r0,C11_WGSerr_r0,C12_WGSerr_r0,C13_WGSerr_r0,C14_WGSerr_r0,C15_WGSerr_r0,C16_WGSerr_r0,C17_WGSerr_r0
sorted_JSD,0.102616271726958,0.00785861193319994,0.00610278267720679,0.0971965530053478,0,0.105213442210257,0.106952192821747,0.101287123729332,0.086853547093318,0.0923917660721859,0.0753418986962402,0.0731871455700969,0.0689955457770249,0.0537683102610877,0.0488373406894352,0.0394712067661384,0.0343873847996149,0.028603386703514,0.0208415602992391,0.013755488411807
