C1_WGSerr_r0,C10_WGSerr_r0,C11_WGSerr_r0,C12_WGSerr_r0,C13_WGSerr_r0,C14_WGSerr_r0,C15_WGSerr_r0,C16_WGSerr_r0,C17_WGSerr_r0,C18_WGSerr_r0,C19_WGSerr_r0,C2_WGSerr_r0,C20_WGSerr_r0,C3_WGSerr_r0,C4_WGSerr_r0,C5_WGSerr_r0,C6_WGSerr_r0,C7_WGSerr_r0,C8_WGSerr_r0,C9_WGSerr_r0
sorted_JSD,0.098437605029507,0.106959644439793,0.117689677623177,0.0831200375343131,0.112633878871935,0.0568762461920931,0.0380677118453337,0.121045736573747,0.141979073370869,0.0604940564204165,0.0578562799144329,0.0750160062032056,0.0749301611613866,0.166692532374494,0.119266262533884,0.0806981628788769,0.047963034162005,0.100414908603682,0.0795632734529384,0.0759592091717892
