C10_WGSerr_r0,C11_WGSerr_r0,C12_WGSerr_r0,C13_WGSerr_r0,C14_WGSerr_r0,C15_WGSerr_r0,C16_WGSerr_r0,C17_WGSerr_r0,C18_WGSerr_r0,C19_WGSerr_r0,C1_WGSerr_r0,C20_WGSerr_r0,C2_WGSerr_r0,C3_WGSerr_r0,C4_WGSerr_r0,C5_WGSerr_r0,C6_WGSerr_r0,C7_WGSerr_r0,C8_WGSerr_r0,C9_WGSerr_r0
GCA_001675145,0.0963313867468611,-0.149168564508317,0.1,0.016055429917242,0.127662608977966,0.106022313597459,-0.00410200824645898,0.147239782527141,-0.195625338299435,0.05,0.05,0.15,0.014456865902205,0.046055528240853,0.1,0.0294060615520125,0.036409200737107,0.0591638316631795,-0.160416880267578,0.1
GCA_002903105,-0.04574109257069,0.0751493680625948,0.05,0.05,0.0422118538970095,-0.036315577541329,0.05,0.030959706313881,0.030761654885964,-0.25223098795719,0.0391204937539708,0.05,0.0641869764523075,-0.019589222207297,0.05,0.042357090394322,0.05,0.0358760610895212,0.0553168949695446,-0.062870380667452
GCA_003018655,0.05,0.1,-0.46290647565965,-0.017434211321164,-0.394754892395581,-0.0752572875518345,-0.0752580603297533,-0.00910888385552699,-0.115144388012793,-0.090256148128445,-0.221862790299163,-0.139498679637739,-0.299374657003374,-0.102380569898345,0.05,-0.526815073586808,-0.366953683276496,0.052240608822385,-0.0452222082331577,-0.330546742650071
GCA_003586065,-0.225529084032117,-0.062503331302817,-0.026702322071536,-0.009258736598313,0.0623201297365462,0.0841916519904221,0.000555968871567308,0.1,0.05,0.05,-0.101089816629226,-0.081469685547817,0.05,-0.047612691662354,-0.548100229270703,0.00505192164047391,0.05,0.05,-0.099677806468809,0.05
GCA_008275005,0.2,-0.213477472251461,0.0563147177052286,0.00870842132872299,0.0295248180840454,0.05,-0.1972824740141,-0.079268742694656,0.05,-0.00751286391436599,-0.066167886825582,0.1,-0.111850743672238,0.0878376875923036,0.273945049707077,0.05,0.0038275906383529,-0.487290789003644,0.05,0.15
GCA_900622695,-0.225061210144054,0.1,-0.066705919974043,-0.198070903326487,-0.216964518299985,-0.328641100494717,0.026086573718745,-0.339821862290838,-0.119991928573736,0.05,0.1,-0.329031634814444,0.0325815583210986,-0.16431073206516,-0.016353749660351,0.05,-0.023283108098965,0.15,0.05,-0.103845114933594
GCA_002056065,0.05,0.1,0.2,0.05,0.25,0.1,0.15,0.1,0.15,0.15,0.1,0.1,0.15,0.1,0.05,0.25,0.1,0.1,0.1,0.05
GCA_002278115,0.1,0.05,0.15,0.1,0.1,0.1,0.05,0.05,0.15,0.05,0.1,0.15,0.1,0.1,0.05,0.1,0.15,0.05,0.05,0.15
