C10_WGSerr_r0,C11_WGSerr_r0,C12_WGSerr_r0,C13_WGSerr_r0,C14_WGSerr_r0,C15_WGSerr_r0,C16_WGSerr_r0,C17_WGSerr_r0,C18_WGSerr_r0,C19_WGSerr_r0,C1_WGSerr_r0,C20_WGSerr_r0,C2_WGSerr_r0,C3_WGSerr_r0,C4_WGSerr_r0,C5_WGSerr_r0,C6_WGSerr_r0,C7_WGSerr_r0,C8_WGSerr_r0,C9_WGSerr_r0
sorted_JSD,0.142797406299292,0.164217388770816,0.108101870329401,0.0783859880485214,0.141491618768506,0.109726609912399,0.0573262982293331,0.113229056695919,0.102843102340832,0.119149747766563,0.106836924204724,0.168507854050925,0.0763064564584663,0.0432609538912725,0.205826390237778,0.0954593753027227,0.0884553175602476,0.179689305101694,0.0705980189287477,0.170996816820826
