C10_WGSerr_r0,C11_WGSerr_r0,C12_WGSerr_r0,C13_WGSerr_r0,C14_WGSerr_r0,C15_WGSerr_r0,C16_WGSerr_r0,C17_WGSerr_r0,C18_WGSerr_r0,C19_WGSerr_r0,C1_WGSerr_r0,C20_WGSerr_r0,C2_WGSerr_r0,C3_WGSerr_r0,C4_WGSerr_r0,C5_WGSerr_r0,C6_WGSerr_r0,C7_WGSerr_r0,C8_WGSerr_r0,C9_WGSerr_r0
GCA_001675145,0.0536686132531389,0.399168564508317,0,0.233944570082758,0.0223373910220344,0.0439776864025408,0.204102008246459,0.0527602174728591,0.495625338299435,0,0,0,0.135543134097795,0.103944471759147,0,0.0705939384479875,0.113590799262893,0.0408361683368205,0.410416880267578,0.00273776174888311
GCA_002903105,0.24574109257069,0.0248506319374052,0,0,0.0577881461029905,0.286315577541329,0,0.119040293686119,0.119238345114036,0.70223098795719,0.0608795062460292,0,0.0358130235476925,0.219589222207297,0,0.107642909605678,0,0.0641239389104788,0.0946831050304554,0.312870380667452
GCA_003018655,0,0,0.61290647565965,0.167434211321164,0.494754892395581,0.175257287551835,0.225258060329753,0.109108883855527,0.215144388012793,0.190256148128445,0.421862790299163,0.239498679637739,0.499374657003374,0.202380569898345,0.00949107077602295,0.726815073586808,0.666953683276496,0.097759391177615,0.245222208233158,0.530546742650071
GCA_003586065,0.375529084032117,0.162503331302817,0.126702322071536,0.109258736598313,0.0376798702634538,0.0158083480095779,0.0994440311284327,0,0,0,0.201089816629226,0.231469685547817,0,0.147612691662354,0.848100229270703,0.0949480783595261,0,0,0.249677806468809,0
GCA_008275005,0,0.413477472251461,0.0936852822947714,0.141291578671277,0.0204751819159546,0,0.3472824740141,0.129268742694656,0,0.107512863914366,0.316167886825582,0,0.261850743672238,0.0621623124076964,0.026054950292923,0,0.0961724093616471,0.787290789003644,0,0
GCA_900622695,0.325061210144054,0,0.166705919974043,0.348070903326487,0.366964518299985,0.478641100494717,0.123913426281255,0.589821862290838,0.169991928573736,0,0,0.529031634814444,0.0674184416789014,0.26431073206516,0.116353749660351,0,0.123283108098965,0.00998971257144222,0,0.153845114933594
