C10_WGSerr_r0,C11_WGSerr_r0,C12_WGSerr_r0,C13_WGSerr_r0,C14_WGSerr_r0,C15_WGSerr_r0,C16_WGSerr_r0,C17_WGSerr_r0,C18_WGSerr_r0,C19_WGSerr_r0,C1_WGSerr_r0,C20_WGSerr_r0,C2_WGSerr_r0,C3_WGSerr_r0,C4_WGSerr_r0,C5_WGSerr_r0,C6_WGSerr_r0,C7_WGSerr_r0,C8_WGSerr_r0,C9_WGSerr_r0
UnW_D,0.32452766829217,0.309785486372303,0.410757592410023,0.191818728742066,0.131413690476876,0.266417658560153,0.191818728742066,0.243444549644908,0.378448517728185,0.700054848075001,0.54528949673601,0.558740230652457,0.243444549644908,0.131413690476876,0.468867602142041,0.386679444723562,0.303849587910098,0.363706335808317,0.386679444723562,0.597387381396142
Weight_D,0.0765029217226781,0.0634572427901493,0.079394058857988,0.030709112950589,0.0765243768174682,0.0645965527596477,0.0362803608746068,0.0689379794753754,0.0701806276468248,0.0489551458868977,0.0642811915719712,0.0778510912929105,0.0584245269712313,0.0432247992630248,0.100846563121242,0.0726842474294958,0.0585617381954451,0.0928629190407335,0.0545546169583298,0.0753663046924369
Bray_D,0.496331386746861,0.425149368062595,0.556314717705229,0.224763851245965,0.611719410695566,0.440213965587881,0.276642542590312,0.428199488841022,0.430761654885964,0.35,0.389120493753971,0.55,0.411225400675611,0.333893215833156,0.571913550310949,0.526815073586808,0.39023679137546,0.494756884825439,0.305316894969545,0.499314621361069
JC_D,0.5,0.5,0.5,0.375,0.25,0.375,0.375,0.375,0.5,0.625,0.5,0.625,0.375,0.25,0.625,0.5,0.5,0.5,0.5,0.625
JSD,0.208031423195232,0.164784333433181,0.256899643033179,0.0901019287024934,0.256083217090568,0.169997753977219,0.111190322669291,0.154948402351856,0.179713023021565,0.142418994918825,0.154524177077204,0.248263213195809,0.154431490290759,0.11136927491472,0.241435759528607,0.238541378104967,0.158890900329467,0.190222925648952,0.107067774671201,0.228101324543629
