C1_WGSerr_r0,C10_WGSerr_r0,C11_WGSerr_r0,C12_WGSerr_r0,C13_WGSerr_r0,C14_WGSerr_r0,C15_WGSerr_r0,C16_WGSerr_r0,C17_WGSerr_r0,C18_WGSerr_r0,C19_WGSerr_r0,C2_WGSerr_r0,C20_WGSerr_r0,C3_WGSerr_r0,C4_WGSerr_r0,C5_WGSerr_r0,C6_WGSerr_r0,C7_WGSerr_r0,C8_WGSerr_r0,C9_WGSerr_r0
sorted_JSD,0.143561926722645,0.192221804362493,0.141575568160027,0.152706233021741,0.122361415193526,0.193406021511158,0.19053979048686,0.218831216864748,0.117642640520998,0.166595782437381,0.126007702084882,0.219341955414172,0.149346514065462,0.217421088246916,0.12203655231984,0.11810482744582,0.119425184221966,0.119718516030103,0.164791168702753,0.164118050916401
