C1_WGSerr_r0,C2_WGSerr_r0,C3_WGSerr_r0,C4_WGSerr_r0,C5_WGSerr_r0,C6_WGSerr_r0,C7_WGSerr_r0,C8_WGSerr_r0,C9_WGSerr_r0,C10_WGSerr_r0,C11_WGSerr_r0,C12_WGSerr_r0,C13_WGSerr_r0,C14_WGSerr_r0,C15_WGSerr_r0,C16_WGSerr_r0,C17_WGSerr_r0,C18_WGSerr_r0,C19_WGSerr_r0,C20_WGSerr_r0
sorted_JSD,0.0181125552924159,0.0755429881429677,0.0383157055897963,0.0479004852282758,0.038190016203262,0.0287706657433704,0.0414378158422499,0.0477145772351773,0.0263235653519624,0.0736031548716526,0.0374765512132392,0.0563697832945589,0.0197522171518771,0.028416566625778,0.0390299104219277,0.0710450330659115,0.0294589276149933,0.034931982468976,0.00908080783600352,0.01571260459006
