C1_WGSerr_r0,C2_WGSerr_r0,C3_WGSerr_r0,C4_WGSerr_r0,C5_WGSerr_r0,C6_WGSerr_r0,C7_WGSerr_r0,C8_WGSerr_r0,C9_WGSerr_r0,C10_WGSerr_r0,C11_WGSerr_r0,C12_WGSerr_r0,C13_WGSerr_r0,C14_WGSerr_r0,C15_WGSerr_r0,C16_WGSerr_r0,C17_WGSerr_r0,C18_WGSerr_r0,C19_WGSerr_r0,C20_WGSerr_r0
UnW_D,0.101153174584817,0.0775156903046469,0.0599901389632708,0.0599901389632708,0.0599901389632708,0,0.0552390309062338,0.0599901389632708,0.0368483889096523,0.113016782828627,0.0597955197470837,0,0.146965026058236,0.0368483889096523,0.0599901389632708,0.0599901389632708,0.101153174584817,0.0924408527926671,0,0
Weight_D,0.0187514974395401,0.018554979749507,0.0248373032778876,0.0285190959628529,0.0236435636010722,0.0187747097094811,0.0186993225928565,0.0257781289517306,0.0185426257729916,0.0217364135867745,0.0337995861646638,0.035254918860304,0.0184758867745742,0.0262927660321745,0.0207628714744445,0.0276967819347861,0.027022246349487,0.0217129399309901,0.0222682569586433,0.0273229944216071
Bray_D,0.136575811382233,0.142776726770057,0.155668970772108,0.176900732469552,0.154496136808069,0.139594645405286,0.132878011087359,0.179288712359379,0.118123363311008,0.145776189175861,0.176029962546817,0.17056384156951,0.100996917409601,0.161312174199125,0.143548692127959,0.168240080829043,0.162369650708366,0.136621711947047,0.135895363437187,0.152288120441574
JC_D,0.285714285714286,0.333333333333333,0.25,0.25,0.25,0,0.25,0.25,0.142857142857143,0.333333333333333,0.142857142857143,0,0.166666666666667,0.142857142857143,0.25,0.25,0.285714285714286,0.25,0,0
JSD,0.0322970893359871,0.0264455588021807,0.0238522222483345,0.0262358556039251,0.0287870810483023,0.018181418765152,0.0211452527516376,0.0292830063767945,0.0233179600002756,0.0239095962363332,0.0227403433417444,0.0174764196935133,0.0215481816625287,0.0201173972228088,0.0209558732454016,0.032678796423685,0.0367686910192493,0.0199276715180638,0.0140693284434858,0.01819697453315
