C1_WGSerr_r0,C2_WGSerr_r0,C3_WGSerr_r0,C4_WGSerr_r0,C5_WGSerr_r0,C6_WGSerr_r0,C7_WGSerr_r0,C8_WGSerr_r0,C9_WGSerr_r0,C10_WGSerr_r0,C11_WGSerr_r0,C12_WGSerr_r0,C13_WGSerr_r0,C14_WGSerr_r0,C15_WGSerr_r0,C16_WGSerr_r0,C17_WGSerr_r0,C18_WGSerr_r0,C19_WGSerr_r0,C20_WGSerr_r0
Rank1,0.0105689999999999,0.140868,0.033949,0.096216,-0.063154,-0.037239,-0.022892,0.096487,-0.00701299999999999,0.118852,-0.127738,-0.12801,-0.032958,-0.025133,-0.014197,-0.094545,-0.030957,-0.05793,-0.073732,-0.00144900000000003
Rank2,-0.031484,-0.022692,0.013683,-0.022863,0.046702,-0.00772800000000001,-0.03303,9.60000000000127e-05,-0.040139,-0.00545599999999999,0.073257,0.119561,0.013561,0.047678,0.021354,0.052063,-0.041921,0.026423,0.028824,-0.065601
Rank3,0.053063,0.00185399999999999,-0.032632,-0.062906,0.01334,0.00667500000000001,0.081856,-0.018208,0.02212,-0.0407,0.043733,0.013696,0.039936,0.000961999999999991,0.062201,0.073785,-0.023771,0.10055,0.010763,0.076806
Rank4,-0.027439,-0.029612,-0.011896,-0.011108,0.014369,0.062002,-0.000163999999999997,-0.007628,-0.03475,-0.013222,0.057394,0.043417,-0.043005,0.007465,-0.012857,-0.017671,0.101775,-0.037087,0.02543,0.00418200000000001
Rank5,-0.00959299999999999,-0.022033,0.004861,0.011324,0.010714,-0.021899,0.034052,-0.01138,0.034521,0.021562,0.021516,0.00605000000000001,0.017941,0.02266,-0.021238,0.013649,0.00259500000000001,-0.00047599999999999,0.045708,0.004281
Rank6,0.03824,0.01515,0.044472,0.054812,0.044929,0.038078,-0.001686,0.00109300000000001,0.076368,-0.007218,-0.008865,0.006745,0.05,0.001338,0.02412,0.036451,0.035805,0.022447,-0.004183,0.029764
