C1_WGSerr_r0,C10_WGSerr_r0,C11_WGSerr_r0,C12_WGSerr_r0,C13_WGSerr_r0,C14_WGSerr_r0,C15_WGSerr_r0,C16_WGSerr_r0,C17_WGSerr_r0,C18_WGSerr_r0,C19_WGSerr_r0,C2_WGSerr_r0,C20_WGSerr_r0,C3_WGSerr_r0,C4_WGSerr_r0,C5_WGSerr_r0,C6_WGSerr_r0,C7_WGSerr_r0,C8_WGSerr_r0,C9_WGSerr_r0
sorted_JSD,0.306857708868698,0.306857708868699,0.215761554338836,0.306857708868699,0.16389659003356,0.306857708868698,0.274358468550265,0.306857708868699,0.306857708868699,0.342014488007186,0.117568674688011,0.274358468550265,0.16389659003356,0.306857708868698,0.215761554338836,0.342014488007186,0.244099370497397,0.189094433880504,0.16389659003356,0.061609787245328
