,AErrorFree.StrainPanDA,AErrorFree.StrainEst,AErrorFree.PStrain,ARTError.StrainPanDA,ARTError.StrainEst,ARTError.PStrain,WGSError.StrainPanDA,WGSError.StrainEst,WGSError.PStrain
AErrorFree.StrainPanDA,1,9.55870457961609e-05,0.775002148311826,0.244777065544479,0.000141285048614154,0.611553214374375,0.741059820229285,5.70595067898792e-06,0.739605676231502
AErrorFree.StrainEst,9.55870457961609e-05,1,0.00131087835753567,0.000305393957901204,0.788908108126538,0.000106429213766712,0.000100848490814401,0.0172966364800316,0.000531036038693842
AErrorFree.PStrain,0.775002148311826,0.00131087835753567,1,0.934300114770334,0.0022287913155693,0.32180332339211,0.854457282440222,0.000333201137007905,0.959006316044378
ARTError.StrainPanDA,0.244777065544479,0.000305393957901204,0.934300114770334,1,0.000429997677972162,0.417698309101062,0.807597200106695,2.38226709837109e-05,0.89607626989183
ARTError.StrainEst,0.000141285048614154,0.788908108126538,0.0022287913155693,0.000429997677972162,1,0.000247530224765174,0.00016195104932502,0.00799154037760476,0.000842273290875867
ARTError.PStrain,0.611553214374375,0.000106429213766712,0.32180332339211,0.417698309101062,0.000247530224765174,1,0.53712444397805,4.04576843032187e-05,0.51311804819148
WGSError.StrainPanDA,0.741059820229285,0.000100848490814401,0.854457282440222,0.807597200106695,0.00016195104932502,0.53712444397805,1,6.22792208477033e-06,0.795500254503437
WGSError.StrainEst,5.70595067898792e-06,0.0172966364800316,0.000333201137007905,2.38226709837109e-05,0.00799154037760476,4.04576843032187e-05,6.22792208477033e-06,1,8.03438842886699e-05
WGSError.PStrain,0.739605676231502,0.000531036038693842,0.959006316044378,0.89607626989183,0.000842273290875867,0.51311804819148,0.795500254503437,8.03438842886699e-05,1
