C1_WGSerr_r0,C18_WGSerr_r0,C19_WGSerr_r0,C2_WGSerr_r0,C20_WGSerr_r0,C3_WGSerr_r0,C4_WGSerr_r0,C5_WGSerr_r0,C6_WGSerr_r0,C7_WGSerr_r0,C8_WGSerr_r0,C10_WGSerr_r0,C9_WGSerr_r0,C11_WGSerr_r0,C12_WGSerr_r0,C13_WGSerr_r0,C14_WGSerr_r0,C15_WGSerr_r0,C16_WGSerr_r0,C17_WGSerr_r0
sorted_JSD,0.102640899400352,0.00784195427501496,0.0060900442670943,0.0968559553801093,0,0.105317172114115,0.107157773058826,0.101275667294768,0.0869484271816249,0.09234740274159,0.0753503028108406,0.0732485326329644,0.0691547601384036,0.0537928009651502,0.0487979159264317,0.0394698175950231,0.0313520524542117,0.0286455218704028,0.0208400651494152,0.0138500113041372
