C1_WGSerr_r0,C2_WGSerr_r0,C3_WGSerr_r0,C4_WGSerr_r0,C5_WGSerr_r0,C6_WGSerr_r0,C7_WGSerr_r0,C8_WGSerr_r0,C9_WGSerr_r0,C10_WGSerr_r0,C11_WGSerr_r0,C12_WGSerr_r0,C13_WGSerr_r0,C14_WGSerr_r0,C15_WGSerr_r0,C16_WGSerr_r0,C17_WGSerr_r0,C18_WGSerr_r0,C19_WGSerr_r0,C20_WGSerr_r0
Rank1,0.019239,0.160053,0.037986,0.097595,-0.059643,-0.028543,-0.019406,0.085887,0.00215599999999999,0.132246,-0.130636,-0.134448,-0.033411,-0.015838,-0.02163,-0.095934,-0.02964,-0.06183,-0.078483,-0.008044
Rank2,-0.023897,-0.016084,0.00673900000000002,-0.039354,0.038222,-0.007137,-0.035406,0.019621,-0.039011,-0.00999899999999998,0.076175,0.119899,0.025636,0.045074,0.026868,0.060573,-0.048454,0.039856,0.034229,-0.063055
Rank3,0.050185,0.002049,-0.038792,-0.075631,0.013789,0.00490200000000002,0.088642,-0.00845100000000001,0.027878,-0.038165,0.050386,0.013393,0.037171,0.00652999999999998,0.079835,0.061195,-0.018694,0.102494,0.012271,0.081719
Rank4,-0.026629,-0.036247,-0.00218399999999999,0.004402,0.021569,0.060792,-0.00990199999999999,-0.00420100000000001,-0.028507,-0.01075,0.061352,0.048489,-0.040138,0.01556,-0.00168699999999999,-0.014113,0.103785,-0.035943,0.026603,0.00600000000000001
Rank5,-0.012941,-0.020679,0.000244999999999995,0.021705,0.00860900000000001,-0.017248,0.039139,-0.00452999999999999,0.039293,0.025331,0.032943,0.008052,0.020092,0.025399,-0.019956,0.015711,0.00464100000000001,0.0082,0.045303,-0.007445
Rank6,0.038822,0.015582,0.045463,0.051268,0.052521,0.028572,-0.000516999999999997,0.007966,0.067626,-0.010189,-0.00877,0.009311,0.031727,-0.003489,0.022092,0.052832,0.038187,0.02489,-0.000674999999999995,0.030694
