C1_WGSerr_r0,C2_WGSerr_r0,C3_WGSerr_r0,C4_WGSerr_r0,C5_WGSerr_r0,C6_WGSerr_r0,C7_WGSerr_r0,C8_WGSerr_r0,C9_WGSerr_r0,C10_WGSerr_r0,C11_WGSerr_r0,C12_WGSerr_r0,C13_WGSerr_r0,C14_WGSerr_r0,C15_WGSerr_r0,C16_WGSerr_r0,C17_WGSerr_r0,C18_WGSerr_r0,C19_WGSerr_r0,C20_WGSerr_r0
UnW_D,0,0.10886641857613,0.0585606680381548,0,0.169325547190294,0.109690992848008,0.0903124230109252,0.0757022442649715,0.15695912321384,0.15084480841804,0.0903124230109252,0.0359492609225183,0.0359492609225183,0.0583703983265155,0.0585606680381548,0.0585606680381548,0.11777353586793,0.0857377117356757,0,0
Weight_D,0.0185731088890219,0.0189236385022642,0.0237464355009607,0.0302399233627349,0.0240929485455573,0.0203261376707781,0.0183402522747516,0.0281129441280767,0.0194489592032216,0.0222562831026116,0.0349750003190272,0.0347817641582966,0.0159567166279506,0.0256719794597806,0.0231111872526456,0.0288135840194506,0.0283744574691051,0.0231329521490382,0.0229885802618284,0.027906073257164
Bray_D,0.125541307095208,0.168387402775629,0.148470100693731,0.162914719731548,0.16875866722876,0.148085785092068,0.137138745762867,0.204777213813941,0.15034528892728,0.156271686991932,0.201803856244705,0.18052878700894,0.106173494923133,0.160199476186718,0.157639106150982,0.170449486838634,0.169030471624341,0.158753454139586,0.139243514733123,0.156830844469069
JC_D,0,0.4,0.25,0,0.333333333333333,0.285714285714286,0.25,0.333333333333333,0.444444444444444,0.4,0.25,0.142857142857143,0.142857142857143,0.142857142857143,0.25,0.25,0.285714285714286,0.333333333333333,0,0
JSD,0.0167116148098353,0.0406766162778728,0.0242841857118747,0.0158028944292535,0.0331494875517689,0.0373247969081953,0.0224817305640424,0.0389344007867698,0.0604227395216281,0.0291054510065585,0.0349800786719477,0.0242044916688891,0.0154260499938141,0.0191995018182898,0.0265984105499263,0.028958840218314,0.0368460967167468,0.0261993965925393,0.014471703718696,0.0193571736949167
