C1_WGSerr_r0,C2_WGSerr_r0,C3_WGSerr_r0,C4_WGSerr_r0,C5_WGSerr_r0,C6_WGSerr_r0,C7_WGSerr_r0,C8_WGSerr_r0,C9_WGSerr_r0,C10_WGSerr_r0,C11_WGSerr_r0,C12_WGSerr_r0,C13_WGSerr_r0,C14_WGSerr_r0,C15_WGSerr_r0,C16_WGSerr_r0,C17_WGSerr_r0,C18_WGSerr_r0,C19_WGSerr_r0,C20_WGSerr_r0
sorted_JSD,0.0236189273259239,0.0847089920251136,0.0517697348225471,0.0531044580989293,0.0491700064486244,0.0325895141021644,0.0376908336519097,0.0670337203978952,0.0346729749059923,0.0734011270440088,0.0418839211794955,0.0589547058130292,0.0266231904936106,0.0331409060517328,0.0356914002654647,0.0708718302701521,0.0304332926432212,0.0370951912592615,0.00794760297017659,0.0132204739719794
