C1_WGSerr_r0,C2_WGSerr_r0,C3_WGSerr_r0,C4_WGSerr_r0,C5_WGSerr_r0,C6_WGSerr_r0,C7_WGSerr_r0,C8_WGSerr_r0,C9_WGSerr_r0,C10_WGSerr_r0,C11_WGSerr_r0,C12_WGSerr_r0,C13_WGSerr_r0,C14_WGSerr_r0,C15_WGSerr_r0,C16_WGSerr_r0,C17_WGSerr_r0,C18_WGSerr_r0,C19_WGSerr_r0,C20_WGSerr_r0,C1_WGSerr_r1,C2_WGSerr_r1,C3_WGSerr_r1,C4_WGSerr_r1,C5_WGSerr_r1,C6_WGSerr_r1,C7_WGSerr_r1,C8_WGSerr_r1,C9_WGSerr_r1,C10_WGSerr_r1,C11_WGSerr_r1,C12_WGSerr_r1,C13_WGSerr_r1,C14_WGSerr_r1,C15_WGSerr_r1,C16_WGSerr_r1,C17_WGSerr_r1,C18_WGSerr_r1,C19_WGSerr_r1,C20_WGSerr_r1,C1_WGSerr_r2,C2_WGSerr_r2,C3_WGSerr_r2,C4_WGSerr_r2,C5_WGSerr_r2,C6_WGSerr_r2,C7_WGSerr_r2,C8_WGSerr_r2,C9_WGSerr_r2,C10_WGSerr_r2,C11_WGSerr_r2,C12_WGSerr_r2,C13_WGSerr_r2,C14_WGSerr_r2,C15_WGSerr_r2,C16_WGSerr_r2,C17_WGSerr_r2,C18_WGSerr_r2,C19_WGSerr_r2,C20_WGSerr_r2
sorted_JSD,0.100986878373904,0.0746244442330615,0.0439609676809603,0.148224386467095,0.0847517884897423,0.124274290908953,0.101152989026565,0.0880620681782408,0.131425030850001,0.118633748917922,0.111617742692209,0.11073847152533,0.0795673030144225,0.0919717876919391,0.0963917019957623,0.0740428098898608,0.0506309250178305,0.103554764686278,0.117942769218721,0.134837330972458,1,1,1,1,1,1,1,1,1,1,1,1,1,1,1,1,1,1,1,1,1,1,1,1,1,1,1,1,1,1,1,1,1,1,1,1,1,1,1,1
