C10_WGSerr_r0,C11_WGSerr_r0,C12_WGSerr_r0,C13_WGSerr_r0,C14_WGSerr_r0,C15_WGSerr_r0,C16_WGSerr_r0,C17_WGSerr_r0,C18_WGSerr_r0,C19_WGSerr_r0,C1_WGSerr_r0,C20_WGSerr_r0,C2_WGSerr_r0,C3_WGSerr_r0,C4_WGSerr_r0,C5_WGSerr_r0,C6_WGSerr_r0,C7_WGSerr_r0,C8_WGSerr_r0,C9_WGSerr_r0
UnW_D,0.408462563876851,0.189523700208893,0.446451637190385,0.191818728742066,0.219023118144096,0.310855262860447,0.24077525005715,0.219023118144096,0.451093523159942,0.753218175662154,0.572834114802433,0.446451637190385,0.289273776760876,0.184029317302739,0.468867602142041,0.423832051329546,0.485038127178715,0.402250565229975,0.423832051329546,0.462383413312865
Weight_D,0.0579643241573371,0.0538644939711829,0.0830630703738971,0.0271688311022412,0.0713639996346015,0.0550824022028055,0.0562897039650106,0.0388507267396272,0.07136595922899,0.0570913799366405,0.0667182899493425,0.0775904351462857,0.062679090013573,0.0361306057697389,0.0663999036278604,0.0687475297575432,0.064149511788276,0.0694229882339479,0.0585983619897256,0.0674449661662916
Bray_D,0.379375997946213,0.331649187126631,0.523563672667231,0.203718671735594,0.580864918996624,0.449766407151152,0.461698226243591,0.317266555163404,0.514736856412577,0.45,0.379168755091028,0.537373112705071,0.402629034203004,0.308990024790357,0.370409148534587,0.465021688032208,0.45,0.418299769767751,0.307063902247874,0.467948196681918
JC_D,0.5,0.375,0.555555555555556,0.375,0.444444444444444,0.444444444444444,0.444444444444444,0.444444444444444,0.666666666666667,0.777777777777778,0.555555555555556,0.555555555555556,0.444444444444444,0.333333333333333,0.625,0.555555555555556,0.666666666666667,0.555555555555556,0.555555555555556,0.5
JSD,0.161911541233008,0.111617742692209,0.330173077551043,0.083860707606976,0.339949483286742,0.196175167390359,0.207897773799683,0.144440814380848,0.284101976101477,0.236226299943941,0.185101839232691,0.272267354551132,0.203709416799125,0.131367817191539,0.148224386467095,0.314210912314891,0.230671619428327,0.185956984971922,0.112022279710561,0.191761774914522
