C10_WGSerr_r0,C11_WGSerr_r0,C12_WGSerr_r0,C13_WGSerr_r0,C14_WGSerr_r0,C15_WGSerr_r0,C16_WGSerr_r0,C17_WGSerr_r0,C18_WGSerr_r0,C19_WGSerr_r0,C1_WGSerr_r0,C20_WGSerr_r0,C2_WGSerr_r0,C3_WGSerr_r0,C4_WGSerr_r0,C5_WGSerr_r0,C6_WGSerr_r0,C7_WGSerr_r0,C8_WGSerr_r0,C9_WGSerr_r0
bench_GCA_002056065,0.5,0.45,0.4,0.35,0.3,0.25,0.2,0.15,0.1,0.05,0.95,0,0.9,0.85,0.8,0.75,0.7,0.65,0.6,0.55
bench_GCA_001675145,0.5,0.55,0.6,0.65,0.7,0.75,0.8,0.85,0.9,0.95,0.05,1,0.1,0.15,0.2,0.25,0.3,0.35,0.4,0.45
predict_GCA_002056065,0.514505915133665,0.465135258255584,0.411614332335242,0.359363588828711,0.307161238938675,0.254457178682927,0.197327473973434,0.142934663515379,0.0828297251407387,0.0215770951564763,1,0,0.949263831934678,0.888980738435732,0.836548234360708,0.779443144051294,0.72293868592007,0.674425538748866,0.625086060037912,0.567564842946386
predict_GCA_001675145,0.485494084866335,0.534864741744416,0.588385667664758,0.64063641117129,0.692838761061325,0.745542821317073,0.802672526026566,0.857065336484621,0.917170274859261,0.978422904843524,0,1,0.0507361680653217,0.111019261564268,0.163451765639292,0.220556855948706,0.27706131407993,0.325574461251134,0.374913939962088,0.432435157053614
