C1_WGSerr_r0,C2_WGSerr_r0,C3_WGSerr_r0,C4_WGSerr_r0,C5_WGSerr_r0,C6_WGSerr_r0,C7_WGSerr_r0,C8_WGSerr_r0,C9_WGSerr_r0,C10_WGSerr_r0,C11_WGSerr_r0,C12_WGSerr_r0,C13_WGSerr_r0,C14_WGSerr_r0,C15_WGSerr_r0,C16_WGSerr_r0,C17_WGSerr_r0,C18_WGSerr_r0,C19_WGSerr_r0,C20_WGSerr_r0,C1_WGSerr_r1,C2_WGSerr_r1,C3_WGSerr_r1,C4_WGSerr_r1,C5_WGSerr_r1,C6_WGSerr_r1,C7_WGSerr_r1,C8_WGSerr_r1,C9_WGSerr_r1,C10_WGSerr_r1,C11_WGSerr_r1,C12_WGSerr_r1,C13_WGSerr_r1,C14_WGSerr_r1,C15_WGSerr_r1,C16_WGSerr_r1,C17_WGSerr_r1,C18_WGSerr_r1,C19_WGSerr_r1,C20_WGSerr_r1,C1_WGSerr_r2,C2_WGSerr_r2,C3_WGSerr_r2,C4_WGSerr_r2,C5_WGSerr_r2,C6_WGSerr_r2,C7_WGSerr_r2,C8_WGSerr_r2,C9_WGSerr_r2,C10_WGSerr_r2,C11_WGSerr_r2,C12_WGSerr_r2,C13_WGSerr_r2,C14_WGSerr_r2,C15_WGSerr_r2,C16_WGSerr_r2,C17_WGSerr_r2,C18_WGSerr_r2,C19_WGSerr_r2,C20_WGSerr_r2
UnW_D,0.825085262750226,0,0,0,0,0,0,0,0,0,0,0,0,0,0,0,0,0,0,0,1,1,1,1,1,1,1,1,1,1,1,1,1,1,1,1,1,1,1,1,1,1,1,1,1,1,1,1,1,1,1,1,1,1,1,1,1,1,1,1
Weight_D,0.0119934180927571,0.0118168346648783,0.00935024587248283,0.00876676510480087,0.00706247873144888,0.00550226501475682,0.00585891396711979,0.00601735212669371,0.00421325010379247,0.00347951010032194,0.00363046960402146,0.0027859108712957,0.00224602871342791,0.00171775465307323,0.00106913614916936,0.000641054440007633,0.00169475068852141,0.00411860570309352,0.00681775562398067,0,1,1,1,1,1,1,1,1,1,1,1,1,1,1,1,1,1,1,1,1,1,1,1,1,1,1,1,1,1,1,1,1,1,1,1,1,1,1,1,1
Bray_D,0.05,0.0492638319346782,0.038980738435732,0.036548234360708,0.029443144051294,0.02293868592007,0.024425538748866,0.025086060037912,0.017564842946386,0.014505915133665,0.015135258255584,0.011614332335242,0.00936358882871052,0.00716123893867496,0.00445717868292703,0.00267252602656599,0.00706533648462102,0.0171702748592611,0.0284229048435239,0,1,1,1,1,1,1,1,1,1,1,1,1,1,1,1,1,1,1,1,1,1,1,1,1,1,1,1,1,1,1,1,1,1,1,1,1,1,1,1,1
JC_D,0.5,0,0,0,0,0,0,0,0,0,0,0,0,0,0,0,0,0,0,0,1,1,1,1,1,1,1,1,1,1,1,1,1,1,1,1,1,1,1,1,1,1,1,1,1,1,1,1,1,1,1,1,1,1,1,1,1,1,1,1
JSD,0.0176492274645948,0.00442815766988071,0.00167927387622376,0.00112443591601971,0.000602582111798744,0.000320468812621878,0.000333448323982654,0.000331492028725351,0.000156432479689897,0.000105236624953656,0.000115373476788513,6.9929915382661e-05,4.78841032547249e-05,3.03213856572113e-05,1.31665296792031e-05,5.60819578778891e-06,4.99172812133575e-05,0.000444287778804352,0.00300565362857676,0,1,1,1,1,1,1,1,1,1,1,1,1,1,1,1,1,1,1,1,1,1,1,1,1,1,1,1,1,1,1,1,1,1,1,1,1,1,1,1,1
