C10_WGSerr_r0,C11_WGSerr_r0,C12_WGSerr_r0,C13_WGSerr_r0,C14_WGSerr_r0,C15_WGSerr_r0,C16_WGSerr_r0,C17_WGSerr_r0,C18_WGSerr_r0,C19_WGSerr_r0,C1_WGSerr_r0,C20_WGSerr_r0,C2_WGSerr_r0,C3_WGSerr_r0,C4_WGSerr_r0,C5_WGSerr_r0,C6_WGSerr_r0,C7_WGSerr_r0,C8_WGSerr_r0,C9_WGSerr_r0
Rank1,-0.0145059151336649,0.015135258255584,0.011614332335242,0.00936358882871002,0.00716123893867493,0.00445717868292705,-0.00267252602656598,-0.00706533648462104,-0.0171702748592609,-0.0284229048435241,-0.05,0,-0.049263831934678,-0.038980738435732,-0.036548234360708,-0.029443144051294,-0.0229386859200701,-0.024425538748866,-0.025086060037912,-0.0175648429463859
Rank2,0.014505915133665,-0.015135258255584,-0.011614332335242,-0.00936358882871102,-0.00716123893867499,-0.004457178682927,0.00267252602656601,0.00706533648462099,0.0171702748592613,0.0284229048435237,0.05,0,0.0492638319346783,0.038980738435732,0.036548234360708,0.029443144051294,0.02293868592007,0.024425538748866,0.025086060037912,0.017564842946386
