C1_WGSerr_r0,C10_WGSerr_r0,C11_WGSerr_r0,C12_WGSerr_r0,C13_WGSerr_r0,C14_WGSerr_r0,C15_WGSerr_r0,C16_WGSerr_r0,C17_WGSerr_r0,C18_WGSerr_r0,C19_WGSerr_r0,C2_WGSerr_r0,C20_WGSerr_r0,C21_WGSerr_r0,C22_WGSerr_r0,C23_WGSerr_r0,C24_WGSerr_r0,C3_WGSerr_r0,C4_WGSerr_r0,C5_WGSerr_r0,C6_WGSerr_r0,C7_WGSerr_r0,C8_WGSerr_r0,C9_WGSerr_r0
sorted_JSD,0.0199857280218048,0.0303811655923525,0.0239122168358319,0.022306015265718,0.0191586279412457,0.0352245380637287,0.0215985987754795,0.0433466137054331,0.0214211483340223,0.0221049029251797,0.02923743357248,0.0371975147472446,0.02923743357248,0.0366358090341666,0.0428665733162128,0.0309349418016692,0.0315031480137689,0.0242784715861555,0.0302392098668357,0.0203787508860002,0.0210941591423749,0.0184432576761972,0.0276797120604369,0.0393861656722024
