C10_WGSerr_r0,C11_WGSerr_r0,C12_WGSerr_r0,C13_WGSerr_r0,C14_WGSerr_r0,C15_WGSerr_r0,C16_WGSerr_r0,C17_WGSerr_r0,C18_WGSerr_r0,C19_WGSerr_r0,C1_WGSerr_r0,C20_WGSerr_r0,C2_WGSerr_r0,C3_WGSerr_r0,C4_WGSerr_r0,C5_WGSerr_r0,C6_WGSerr_r0,C7_WGSerr_r0,C8_WGSerr_r0,C9_WGSerr_r0
UnW_D,0.0769907701942391,0.195668027172504,0.173393870429713,0.195668027172504,0,0.454436141389092,0,0,0,0.693971600425717,0,0.0769907701942391,0,0,0.454436141389092,0,0,0,0.454436141389092,0
Weight_D,0.00901853812104886,0.0244429191360627,0.0186241676602056,0.0267701692619308,0.0215231485199286,0.0253106451272361,0.0134143262834399,0.0197333286802526,0.0233056845666833,0.0199243925385096,0.0223107201621016,0.0329068135489762,0.0336925889417528,0.0170694464644362,0.0361866521158555,0.00975956756876466,0.0252892886659269,0.0305690545717762,0.0383109828308951,0.0395153473912944
Bray_D,0.05,0.122298541944558,0.113931122678706,0.143008390615376,0.125103043659411,0.1094731615454,0.060921204187365,0.0981509118536701,0.127817473550802,0.1,0.112208354223133,0.155631221227373,0.148484851421063,0.094646794036088,0.182053017092702,0.057606074382543,0.122263823154183,0.15027494891605,0.176761688424037,0.160774202162307
JC_D,0.25,0.25,0.25,0.25,0,0.25,0,0,0,0.5,0,0.25,0,0,0.25,0,0,0,0.25,0
JSD,0.0177044474853082,0.0260811007106139,0.03756262403726,0.0247230811593654,0.0116117083001085,0.0379906595614835,0.00217057572782311,0.0118237292018587,0.0122329934847795,0.0363081751309431,0.0089835229278591,0.0303632662682311,0.0243408564649974,0.00664808031021255,0.0480010227987114,0.00173033332822157,0.0104519162569492,0.0219004274116199,0.0529390702787612,0.0327671007239297
