C10_WGSerr_r0,C11_WGSerr_r0,C12_WGSerr_r0,C13_WGSerr_r0,C14_WGSerr_r0,C15_WGSerr_r0,C16_WGSerr_r0,C17_WGSerr_r0,C18_WGSerr_r0,C19_WGSerr_r0,C1_WGSerr_r0,C20_WGSerr_r0,C2_WGSerr_r0,C3_WGSerr_r0,C4_WGSerr_r0,C5_WGSerr_r0,C6_WGSerr_r0,C7_WGSerr_r0,C8_WGSerr_r0,C9_WGSerr_r0
GCA_002056065,0.05,-0.038952171298191,-0.077231495471329,0.041042662860401,-0.050430839217581,0.005443137986089,0.026617711764291,-0.032284144815917,-0.05550394272206,-0.071633496222395,0.0422903458971753,0.05,-0.018353751272953,-0.094646794036088,-0.030866674216275,-0.02939519301016,0.020180671551808,0.00684903728663702,-0.085598933934681,0.00904557138338399
GCA_001675145,-0.0241448559722,-0.083346370646367,-0.036699627207376,0.051965727754975,0.049439912126531,0.1,-0.03521631561716,-0.065866767037753,-0.072313530828742,0.05,-0.079010292118329,0.0833596969371621,-0.13013110014811,0.043728624853847,0.1,0.027862997667193,0.0729963089665638,0.0678487689253283,0.1,-0.160774202162307
GCA_008275005,-0.00723217264523601,0.05,0.013931122678706,0.05,0.0756631315328798,0.00403002355931098,0.034303492423074,0.00962789914093698,0.045561835432998,-0.028366503777605,-0.033198062104804,-0.155631221227373,0.034109583844135,0.00657025267114397,0.0820530170927021,0.02974307671535,0.029086842635812,0.075577142704084,-0.0911627544893561,0.024405802081116
GCA_003586065,-0.018622971382564,0.0722985419445576,0.1,-0.143008390615376,-0.07467220444183,-0.1094731615454,-0.025704888570205,0.0885230127127332,0.0822556381178038,0.05,0.069918008325958,0.022271524290211,0.114375267576928,0.044347916511097,-0.151186342876427,-0.028210881372383,-0.122263823154183,-0.15027494891605,0.0767616884240375,0.127322828697808
