C10_WGSerr_r0,C11_WGSerr_r0,C12_WGSerr_r0,C13_WGSerr_r0,C14_WGSerr_r0,C15_WGSerr_r0,C16_WGSerr_r0,C17_WGSerr_r0,C18_WGSerr_r0,C19_WGSerr_r0,C1_WGSerr_r0,C20_WGSerr_r0,C2_WGSerr_r0,C3_WGSerr_r0,C4_WGSerr_r0,C5_WGSerr_r0,C6_WGSerr_r0,C7_WGSerr_r0,C8_WGSerr_r0,C9_WGSerr_r0
sorted_JSD,0.0177044474853082,0.0260811007106139,0.0360518183843117,0.0247230811593654,0.0116117083001085,0.0379906595614835,0.00217057572782311,0.0108832887532716,0.0122329934847795,0.0363081751309431,0.0089835229278591,0.0303632662682311,0.0242014169253414,0.00664808031021255,0.0480010227987114,0.00173033332822157,0.0104519162569492,0.0219004274116199,0.0529390702787612,0.0327671007239297
