C1_WGSerr_r0,C18_WGSerr_r0,C19_WGSerr_r0,C2_WGSerr_r0,C20_WGSerr_r0,C3_WGSerr_r0,C4_WGSerr_r0,C5_WGSerr_r0,C6_WGSerr_r0,C7_WGSerr_r0,C8_WGSerr_r0,C10_WGSerr_r0,C9_WGSerr_r0,C11_WGSerr_r0,C12_WGSerr_r0,C13_WGSerr_r0,C14_WGSerr_r0,C15_WGSerr_r0,C16_WGSerr_r0,C17_WGSerr_r0
sorted_JSD,0.0404469330573197,0.0774572477818318,0.0713506416217132,0.0529788202576604,0.081154754924456,0.0918114382927434,0.0537234409574381,0.0557222720806722,0.0572045623438433,0.027109800428593,0.103160927934965,0.0419473431960176,0.0364069527258968,0.0561806232232072,0.0931640628233718,0.0141251853033958,0.0623387944475216,0.0659064982862951,0.0412174032417495,0.0541395109372057
