C1_WGSerr_r0,C18_WGSerr_r0,C19_WGSerr_r0,C2_WGSerr_r0,C20_WGSerr_r0,C3_WGSerr_r0,C4_WGSerr_r0,C5_WGSerr_r0,C6_WGSerr_r0,C7_WGSerr_r0,C8_WGSerr_r0,C10_WGSerr_r0,C9_WGSerr_r0,C11_WGSerr_r0,C12_WGSerr_r0,C13_WGSerr_r0,C14_WGSerr_r0,C15_WGSerr_r0,C16_WGSerr_r0,C17_WGSerr_r0
UnW_D,0.0747470340283696,0.123998391990496,0.187312776115555,0.193523941246194,0.114210388226699,0.202419775049817,0.0461924122059235,0.0747470340283696,0.0461924122059235,0.0291302054532096,0.147185052453264,0.0461924122059235,0.0291302054532096,0.237156592515432,0.185186419642174,0,0.134555909988524,0.0747470340283696,0.139007127501316,0.0526607952071376
Weight_D,0.0169745028066103,0.0156607739211834,0.0101251137298622,0.0144803961591852,0.0212851255081143,0.0192106371632111,0.0166694286995698,0.0211027908993518,0.0213943736494919,0.0171279679819797,0.0175103725809029,0.0201551627242553,0.0119614688873997,0.0122440760798215,0.0157736513825931,0.0178359823342038,0.0191989600549605,0.0224201058640652,0.0201862638258463,0.0199736453560234
Bray_D,0.120049320191472,0.133540558676005,0.086726062929965,0.118797617328337,0.162701608070901,0.188693801502589,0.100849374758729,0.137932180970099,0.125978906272851,0.0930641984168995,0.157781015926579,0.123726522583649,0.083247225795565,0.0935081671152071,0.151003129601151,0.0870178116970341,0.139303927981745,0.143847582113033,0.13417299365951,0.130706028436299
JC_D,0.333333333333333,0.428571428571429,0.5,0.5,0.333333333333333,0.6,0.2,0.333333333333333,0.2,0.2,0.428571428571429,0.2,0.2,0.571428571428572,0.555555555555556,0,0.428571428571429,0.333333333333333,0.428571428571429,0.333333333333333
JSD,0.0175603836246946,0.0314244910248543,0.0438499791364637,0.0284047639665372,0.026674257162242,0.0593734348545002,0.0172019849617703,0.0235096176137117,0.0166389187867261,0.0169583675569837,0.0367196411691331,0.012901687030409,0.0103061813593863,0.0386661975360514,0.037331951682652,0.00684036969815904,0.0357638519251836,0.0243902621978522,0.0229107569563456,0.0205826075186513
