C1_WGSerr_r0,C18_WGSerr_r0,C19_WGSerr_r0,C2_WGSerr_r0,C20_WGSerr_r0,C3_WGSerr_r0,C4_WGSerr_r0,C5_WGSerr_r0,C6_WGSerr_r0,C7_WGSerr_r0,C8_WGSerr_r0,C10_WGSerr_r0,C9_WGSerr_r0,C11_WGSerr_r0,C12_WGSerr_r0,C13_WGSerr_r0,C14_WGSerr_r0,C15_WGSerr_r0,C16_WGSerr_r0,C17_WGSerr_r0
sorted_JSD,0.0233673852912047,0.0372078460841279,0.00784470732970214,0.0848138935873194,0.0133049008817091,0.0486899856510615,0.0527666900596758,0.0493224508596255,0.0326419121438401,0.037279796687757,0.0635917706382616,0.0727961101175887,0.0308029366531955,0.0418417328549848,0.0589256419058394,0.0264205370372833,0.0324733746663031,0.0321711277356873,0.0707420668775383,0.0305837007873322
