C1_WGSerr_r0,C2_WGSerr_r0,C3_WGSerr_r0,C4_WGSerr_r0,C5_WGSerr_r0,C6_WGSerr_r0,C7_WGSerr_r0,C8_WGSerr_r0,C9_WGSerr_r0,C10_WGSerr_r0,C11_WGSerr_r0,C12_WGSerr_r0,C13_WGSerr_r0,C14_WGSerr_r0,C15_WGSerr_r0,C16_WGSerr_r0,C17_WGSerr_r0,C18_WGSerr_r0,C19_WGSerr_r0,C20_WGSerr_r0
UnW_D,0,0.10886641857613,0.0585606680381548,0,0.169325547190294,0.109690992848008,0.0903124230109252,0.0757022442649715,0.15695912321384,0.15084480841804,0.0903124230109252,0.0359492609225183,0.0359492609225183,0.0583703983265155,0.0585606680381548,0.0585606680381548,0.11777353586793,0.0857377117356757,0,0
Weight_D,0.018623114358363,0.0190445973208485,0.0237876998109641,0.0301689700266445,0.0239809388283855,0.0203910051542639,0.0183655865998323,0.0280961921689083,0.0194555381758837,0.0223337081743478,0.0351579118490633,0.0347425369040619,0.0159699329219314,0.0255340654864379,0.0230177995044887,0.0287094822167197,0.0283231935355163,0.0230498590979517,0.022867771092577,0.0278880375123495
Bray_D,0.125579114309614,0.167718209218897,0.149792481221243,0.162656807023347,0.168199687073661,0.148878180635077,0.136687621847494,0.204639365577153,0.150877946954813,0.155828198347461,0.202700431626367,0.180340296452753,0.106286331502383,0.159520250698389,0.157408565529148,0.169953461180707,0.169161622125432,0.158421543900066,0.138878110390071,0.156200791221001
JC_D,0,0.4,0.25,0,0.333333333333333,0.285714285714286,0.25,0.333333333333333,0.444444444444444,0.4,0.25,0.142857142857143,0.142857142857143,0.142857142857143,0.25,0.25,0.285714285714286,0.333333333333333,0,0
JSD,0.0169942175118227,0.0402923256314172,0.0250962294850021,0.0158739622095044,0.0331889893112104,0.0376302614119038,0.0221027100380763,0.0388127773773013,0.0606288343116432,0.0288065424439223,0.0351213352133408,0.0242582328850873,0.0155104840986241,0.0191142999520127,0.0267175154808309,0.0290732799849466,0.0369487728825222,0.0262578653243691,0.0144365716904505,0.0194347323316745
