C1_WGSerr_r0,C18_WGSerr_r0,C19_WGSerr_r0,C2_WGSerr_r0,C20_WGSerr_r0,C3_WGSerr_r0,C4_WGSerr_r0,C5_WGSerr_r0,C6_WGSerr_r0,C7_WGSerr_r0,C8_WGSerr_r0,C10_WGSerr_r0,C9_WGSerr_r0,C11_WGSerr_r0,C12_WGSerr_r0,C13_WGSerr_r0,C14_WGSerr_r0,C15_WGSerr_r0,C16_WGSerr_r0,C17_WGSerr_r0
Rank1,0.019361,-0.062896,-0.077821,0.160724,-0.007633,0.038314,0.097341,-0.058888,-0.028233,-0.019869,0.086257,0.131843,0.002606,-0.131206,-0.133816,-0.033509,-0.016089,-0.021495,-0.095909,-0.029513
Rank2,-0.02305,0.038927,0.033781,-0.01487,-0.0636,0.006996,-0.040007,0.03831,-0.00629299999999999,-0.035091,0.019353,-0.010398,-0.038674,0.075948,0.119878,0.025559,0.044531,0.026429,0.060409,-0.048031
Rank3,0.050362,0.10115,0.012178,0.002248,0.081893,-0.039121,-0.075607,0.013701,0.005636,0.087851,-0.00861400000000001,-0.038351,0.027873,0.050373,0.013039,0.037047,0.00670899999999999,0.079362,0.061331,-0.019015
Rank4,-0.026673,-0.036158,0.027194,-0.036103,0.00629200000000001,-0.001997,0.004346,0.020987,0.061826,-0.00980399999999999,-0.00402300000000003,-0.010477,-0.028517,0.062056,0.048655,-0.040031,0.014747,-0.00172600000000001,-0.014171,0.104348
Rank5,-0.012799,0.008232,0.044605,-0.020775,-0.00646499999999999,0.00129299999999999,0.021075,0.008423,-0.017537,0.039094,-0.003818,0.025518,0.039691,0.033583,0.00821300000000001,0.020362,0.025381,-0.019923,0.014443,0.00482100000000001
Rank6,0.039385,0.025359,-0.00114599999999999,0.015399,0.031021,0.046506,0.052011,0.052682,0.02827,-0.000546999999999992,0.00788800000000001,-0.010057,0.067691,-0.008956,0.00984400000000001,0.031725,-0.00379299999999999,0.022347,0.053101,0.037923
