C1_WGSerr_r0,C18_WGSerr_r0,C19_WGSerr_r0,C2_WGSerr_r0,C20_WGSerr_r0,C3_WGSerr_r0,C4_WGSerr_r0,C5_WGSerr_r0,C6_WGSerr_r0,C7_WGSerr_r0,C8_WGSerr_r0,C10_WGSerr_r0,C9_WGSerr_r0,C11_WGSerr_r0,C12_WGSerr_r0,C13_WGSerr_r0,C14_WGSerr_r0,C15_WGSerr_r0,C16_WGSerr_r0,C17_WGSerr_r0
Rank1,-0.006907,-0.038824,-0.0326679999999999,0.00481999999999999,0.118808,-0.034093,-0.016202,-0.028368,-0.041284,-0.025802,0.14621,-0.050933,0.00155899999999998,-0.018327,0.00469799999999998,-0.019889,-0.019426,-0.045545,-0.031857,0.054168
Rank2,0.116659,0.00410100000000002,0.060259,0.028747,-0.035234,0.129114,-0.00903499999999996,0.069728,0.085083,0.00370000000000001,-0.03191,0.00928899999999999,0.080144,0.027954,0.054757,0.01761,-0.017607,0.120571,0.015009,0.062614
Rank3,-0.030614,0.088049,0.012263,0.033248,-0.00515300000000002,-0.016998,0.060322,0.010874,0.00787299999999999,0.013977,-0.017673,0.109842,-0.014733,0.00400599999999998,0.04191,-0.00375900000000001,0.018876,-0.00658300000000001,0.048234,-0.011393
Rank4,-0.014015,0.011309,0.018936,-0.00161900000000001,0.007649,0.00698499999999999,0.030998,0.024748,0.010152,0.055508,-8.29999999999997e-05,0.00501500000000001,-0.013506,0.024838,-0.00443399999999999,0.037024,0.095553,0.010171,0.040345,-0.021784
