C1_WGSerr_r0,C18_WGSerr_r0,C19_WGSerr_r0,C2_WGSerr_r0,C20_WGSerr_r0,C3_WGSerr_r0,C4_WGSerr_r0,C5_WGSerr_r0,C6_WGSerr_r0,C7_WGSerr_r0,C8_WGSerr_r0,C10_WGSerr_r0,C9_WGSerr_r0,C11_WGSerr_r0,C12_WGSerr_r0,C13_WGSerr_r0,C14_WGSerr_r0,C15_WGSerr_r0,C16_WGSerr_r0,C17_WGSerr_r0
UnW_D,0.0747470340283696,0.123998391990496,0.187312776115555,0.0747470340283696,0.0747470340283696,0.0747470340283696,0.0461924122059235,0.0747470340283696,0.0461924122059235,0.0461924122059235,0.0997396192587729,0.0747470340283696,0.0313419242977176,0.253861963248772,0.0997396192587729,0.126803620853439,0.0984447743500998,0.0997396192587729,0.0461924122059235,0.144365372093326
Weight_D,0.0167955020374883,0.0117881144553355,0.012034090533469,0.0110096473966702,0.0145203249541401,0.012655765318921,0.0103099854257746,0.0141588703960561,0.0148180836788922,0.00999845728108926,0.0129054881617372,0.0156384950523762,0.0126213920992448,0.00943866423200132,0.0132240495430391,0.00939842454197251,0.0124930479485197,0.0152074924572838,0.0122187201551074,0.0152035184138663
Bray_D,0.100054098165247,0.10240656389109,0.109334001503383,0.0904666231913014,0.102775660790915,0.116377879708269,0.0748749776018505,0.120113561579622,0.0992194034865895,0.0559961050793371,0.134727399961185,0.103142494068592,0.0671136448729887,0.0639547006442423,0.128472112288242,0.0529371553478036,0.096103861638937,0.118686959576568,0.0797082292237791,0.12853305139238
JC_D,0.333333333333333,0.428571428571429,0.5,0.333333333333333,0.333333333333333,0.333333333333333,0.2,0.333333333333333,0.2,0.2,0.428571428571429,0.333333333333333,0.2,0.4,0.428571428571429,0.4,0.333333333333333,0.428571428571429,0.2,0.428571428571429
JSD,0.0165013640467514,0.0212859403973889,0.0470735511975955,0.0195755139178324,0.0156204119232954,0.0221332407853353,0.0186000050164497,0.0238361720601792,0.015234951868557,0.00958653286106892,0.0304729406443289,0.0163310302089759,0.00867622795179146,0.0268931053234326,0.0293023401057792,0.0224379983522346,0.0251624378117134,0.0250130950916243,0.0125769951544416,0.0276675816635305
