C1_WGSerr_r0,C2_WGSerr_r0,C3_WGSerr_r0,C4_WGSerr_r0,C5_WGSerr_r0,C6_WGSerr_r0,C7_WGSerr_r0,C8_WGSerr_r0,C9_WGSerr_r0,C10_WGSerr_r0,C11_WGSerr_r0,C12_WGSerr_r0,C13_WGSerr_r0,C14_WGSerr_r0,C15_WGSerr_r0,C16_WGSerr_r0,C17_WGSerr_r0,C18_WGSerr_r0,C19_WGSerr_r0,C20_WGSerr_r0
UnW_D,0.073061208589275,0.354024219320371,0.073061208589275,0.33787252973302,0.33787252973302,0.371431017160577,0.2185204566346,0.33787252973302,0.073061208589275,0.278687168569344,0.208564971275047,0.268731683209791,0.225971769115252,0.133227920524019,0.2185204566346,0.33787252973302,0.225971769115252,0.073061208589275,0.31221614254543,0.31221614254543
Weight_D,0.0483159169790154,0.0496960202515862,0.0206157631402372,0.0432108565074608,0.0601424324096837,0.0615962560357668,0.029299061556751,0.0529931332420483,0.0448350993715439,0.040561152864288,0.0530303289434436,0.0586772076856478,0.04396224700394,0.0686689470033949,0.0376113027292839,0.0382328851906613,0.0453963530232147,0.0368533258731798,0.0553575517669438,0.064724721239033
Bray_D,0.267652910510714,0.265545212813977,0.151741222500962,0.26044473318339,0.340147141410516,0.408177480115848,0.184503603374572,0.318504764975037,0.283522164282122,0.293925627349226,0.279838173059323,0.308105439556666,0.252156628380073,0.392413623598096,0.201919186385003,0.272653344524196,0.287713174442185,0.189458068767879,0.349188079145293,0.300321597127543
JC_D,0.166666666666667,0.5,0.166666666666667,0.333333333333333,0.333333333333333,0.5,0.333333333333333,0.333333333333333,0.166666666666667,0.5,0.333333333333333,0.5,0.333333333333333,0.333333333333333,0.333333333333333,0.333333333333333,0.333333333333333,0.166666666666667,0.5,0.5
JSD,0.0853061397210382,0.0852834104506211,0.043108153129022,0.0952315600837931,0.115378709382736,0.168810084124183,0.0648422605238747,0.145743874436783,0.0697654138250374,0.10374839935256,0.0922993097982979,0.109997573472763,0.0609505191491377,0.146637788691661,0.0535624304025003,0.0900617839536579,0.108250106175115,0.0363241134042722,0.137640556077383,0.11997001387517
