C1_WGSerr_r0,C2_WGSerr_r0,C3_WGSerr_r0,C4_WGSerr_r0,C5_WGSerr_r0,C6_WGSerr_r0,C7_WGSerr_r0,C8_WGSerr_r0,C9_WGSerr_r0,C10_WGSerr_r0,C11_WGSerr_r0,C12_WGSerr_r0,C13_WGSerr_r0,C14_WGSerr_r0,C15_WGSerr_r0,C16_WGSerr_r0,C17_WGSerr_r0,C18_WGSerr_r0,C19_WGSerr_r0,C20_WGSerr_r0
sorted_JSD,0.0537336801886032,0.0852834104506211,0.0379391893101156,0.0887671845453548,0.0972571993728253,0.137613750206035,0.0589269363539721,0.0846801473136171,0.0670219112976528,0.10374839935256,0.0772512493415905,0.109997573472763,0.0587812647228482,0.116167948650942,0.0478898046779335,0.0852235743821584,0.0777862546750353,0.0363241134042722,0.124674046091958,0.0938728480261517
