C10_WGSerr_r0,C11_WGSerr_r0,C12_WGSerr_r0,C13_WGSerr_r0,C14_WGSerr_r0,C15_WGSerr_r0,C16_WGSerr_r0,C17_WGSerr_r0,C18_WGSerr_r0,C19_WGSerr_r0,C1_WGSerr_r0,C20_WGSerr_r0,C2_WGSerr_r0,C3_WGSerr_r0,C4_WGSerr_r0,C5_WGSerr_r0,C6_WGSerr_r0,C7_WGSerr_r0,C8_WGSerr_r0,C9_WGSerr_r0
Rank1,-0.229181280579912,-0.277709989212356,-0.308105439556666,-0.165944477940265,-0.324120794170724,-0.149460716685274,-0.147308015345843,-0.150328439443758,-0.189458068767879,-0.342629112927739,-0.178139448211158,-0.131312542677528,-0.179264698673457,-0.00131137767982697,-0.053496107708705,-0.269652619526638,-0.307159592346897,-0.134503603374572,-0.160915185675883,-0.206691812523292
Rank2,-0.064744346769314,0.031910088504675,0.02473408627692,-0.086212150439809,0.00500705064213899,-0.052458469699729,-0.075345329178353,-0.087384734998427,0.027933351804015,0.035594286906258,-0.089513462299556,-0.169009054450015,-0.08628051414052,-0.022372270100117,-0.147704085188551,-0.020494521883878,-0.051017887768951,-0.035079015205812,-0.09755175257505,-0.07683035175883
Rank3,0.0439256273492255,0.047871816153033,0.0833713532797463,0.119108914719946,0.031707170572628,0.079331114286241,-0.028583875752304,-0.02972724945729,0.089445239986997,0.0667576605453512,0.126853262243675,0.100321597127543,0.0655452128139766,-0.063946021214341,-0.056948625474685,0.015906105670191,0.058177480115848,0.015002996332323,0.016056517550087,0.116920314480161
Rank4,0.1,0.047928084554648,0.1,0.033047713660127,0.137406572955957,0.0225880720987626,0.0512372202765002,0.117440423899475,0.00362410302628331,0.1,0.0317700617364578,0.1,0.1,-0.014111553506677,0.0581488183719407,0.0742410357403254,0.2,0.00457962224806101,0.042410420700847,0.0291660701740863
Rank5,0.1,0.1,0.05,0.05,0.1,0.05,0.1,0.1,0.0184553739505838,0.1,0.0590295865305815,0.05,0.05,0.00174122250096198,0.1,0.1,0.05,0.1,0.1,0.0374357796278743
Rank6,0.05,0.05,0.05,0.05,0.05,0.05,0.1,0.05,0.05,0.05,0.05,0.05,0.05,0.1,0.1,0.1,0.05,0.05,0.1,0.1
