C1_WGSerr_r0,C2_WGSerr_r0,C3_WGSerr_r0,C4_WGSerr_r0,C5_WGSerr_r0,C6_WGSerr_r0,C7_WGSerr_r0,C8_WGSerr_r0,C9_WGSerr_r0,C10_WGSerr_r0,C11_WGSerr_r0,C12_WGSerr_r0,C13_WGSerr_r0,C14_WGSerr_r0,C15_WGSerr_r0,C16_WGSerr_r0,C17_WGSerr_r0,C18_WGSerr_r0,C19_WGSerr_r0,C20_WGSerr_r0
GCA_002056065,-0.089513462299556,-0.08628051414052,-0.063946021214341,0.0581488183719407,-0.070494521883878,-0.051017887768951,0.00457962224806101,0.016056517550087,-0.206691812523292,0.1,-0.00212818384696699,0.05,-0.165944477940265,0.05,0.0225880720987626,-0.125345329178353,0.017440423899475,0.00362410302628331,0.05,0.05
GCA_900622695,0.0268532622436746,0.05,-0.072372270100117,-0.056948625474685,0.0242410357403254,0.05,0.05,-0.00758957929915299,0.0169203144801614,0.05,-0.277709989212356,-0.308105439556666,0.019108914719946,-0.018292829427372,0.05,-0.147308015345843,-0.087384734998427,0.0184553739505838,0.0167576605453512,-0.169009054450015
GCA_003586065,0.0317700617364578,0.1,-0.014111553506677,-0.203496107708705,-0.269652619526638,-0.357159592346897,-0.184503603374572,-0.310915185675883,-0.07683035175883,0.0439256273492255,0.05,0.05,-0.086212150439809,-0.374120794170724,-0.199460716685274,0.0512372202765002,-0.200328439443758,-0.189458068767879,-0.342629112927739,0.000321597127543011
GCA_008275005,0.0090295865305815,-0.179264698673457,-0.00131137767982697,0.00229591481144897,0.065906105670191,0.05,0.015002996332323,0.00244824742494998,0.0374357796278743,-0.229181280579912,0.031910088504675,0.02473408627692,0.05,0.055007050642139,-0.00245846969972902,0.021416124247696,0.05,0.027933351804015,0.1,0.05
GCA_001675145,-0.178139448211158,0.0655452128139766,0.051741222500962,0.1,0.15,0.058177480115848,0.014920984794188,0.1,0.129166070174086,-0.064744346769314,0.047928084554648,0.0833713532797463,0.133047713660127,0.137406572955957,0.079331114286241,0.1,0.02027275054271,0.089445239986997,0.035594286906258,-0.131312542677528
GCA_002903105,0.2,0.05,0.1,0.1,0.1,0.25,0.1,0.2,0.1,0.1,0.15,0.1,0.05,0.15,0.05,0.1,0.2,0.05,0.15,0.2
