C1_WGSerr_r0,C18_WGSerr_r0,C19_WGSerr_r0,C2_WGSerr_r0,C20_WGSerr_r0,C3_WGSerr_r0,C4_WGSerr_r0,C5_WGSerr_r0,C6_WGSerr_r0,C7_WGSerr_r0,C8_WGSerr_r0,C10_WGSerr_r0,C9_WGSerr_r0,C11_WGSerr_r0,C12_WGSerr_r0,C13_WGSerr_r0,C14_WGSerr_r0,C15_WGSerr_r0,C16_WGSerr_r0,C17_WGSerr_r0
bench_rank1,0.95,0.9,0.95,0.9,1,0.85,0.8,0.75,0.7,0.65,0.6,0.5,0.55,0.55,0.6,0.65,0.7,0.75,0.8,0.85
bench_rank2,0.05,0.1,0.05,0.1,0,0.15,0.2,0.25,0.3,0.35,0.4,0.5,0.45,0.45,0.4,0.35,0.3,0.25,0.2,0.15
bench_rank3,0,0,0,0,0,0,0,0,0,0,0,0,0,0,0,0,0,0,0,0
predict_rank1,0.883525,0.843623,0.897987,0.837116,0.950985,0.794194,0.759761,0.710607,0.668321,0.630498,0.58248,0.489246,0.525558,0.493528,0.535281,0.586449,0.637315,0.692191,0.737337,0.797524
predict_rank2,0.039801,0.102869,0.053893,0.083353,0.036187,0.129757,0.177442,0.216844,0.257483,0.311395,0.353029,0.44348,0.403685,0.438855,0.402731,0.353738,0.302387,0.256065,0.208003,0.148823
predict_rank3,0.076674,0.053508,0.0481200000000001,0.079531,0.012828,0.0760489999999999,0.062797,0.072549,0.0741959999999999,0.0581069999999999,0.0644910000000001,0.0672740000000001,0.070757,0.067617,0.0619879999999999,0.059813,0.060298,0.051744,0.0546599999999999,0.053653
