C1_WGSerr_r0,C18_WGSerr_r0,C19_WGSerr_r0,C2_WGSerr_r0,C20_WGSerr_r0,C3_WGSerr_r0,C4_WGSerr_r0,C5_WGSerr_r0,C6_WGSerr_r0,C7_WGSerr_r0,C8_WGSerr_r0,C10_WGSerr_r0,C9_WGSerr_r0,C11_WGSerr_r0,C12_WGSerr_r0,C13_WGSerr_r0,C14_WGSerr_r0,C15_WGSerr_r0,C16_WGSerr_r0,C17_WGSerr_r0
sorted_JSD,0.116097096172203,0.0193005512650178,0.0159904737540995,0.112445214289938,0.0128763261598094,0.115833781418931,0.117224009038382,0.109279750820488,0.0984629186125806,0.102860030284499,0.0795688086648461,0.084510879567501,0.0768493013785349,0.0637551123155975,0.0623728564251109,0.0533993080042772,0.0425169605156632,0.0482457201387468,0.0322488224208742,0.0270837370605622
