C1_WGSerr_r0,C18_WGSerr_r0,C19_WGSerr_r0,C2_WGSerr_r0,C20_WGSerr_r0,C3_WGSerr_r0,C4_WGSerr_r0,C5_WGSerr_r0,C6_WGSerr_r0,C7_WGSerr_r0,C8_WGSerr_r0,C10_WGSerr_r0,C9_WGSerr_r0,C11_WGSerr_r0,C12_WGSerr_r0,C13_WGSerr_r0,C14_WGSerr_r0,C15_WGSerr_r0,C16_WGSerr_r0,C17_WGSerr_r0
UnW_D,0.295173915521192,0.188265513693446,0.188265513693446,0.295173915521192,0.216700531543615,0.295173915521192,0.295173915521192,0.295173915521192,0.271121494551494,0.271121494551494,0.188265513693446,0.271121494551494,0.271121494551494,0.271121494551494,0.268688039883457,0.188265513693446,0.188265513693446,0.188265513693446,0.188265513693446,0.188265513693446
Weight_D,0.00750631960312792,0.00512158368985865,0.00526888717359123,0.00715431686391454,0.00414144030937495,0.00760178454983082,0.00524682061475723,0.00662198331269709,0.00634021221561054,0.00614216363906165,0.00447465582499924,0.00852333470043476,0.00610289540214439,0.00674932428219804,0.00951469521589954,0.00707309744333471,0.00638423638390446,0.00645664031021531,0.0068354356640173,0.00473154550832394
Bray_D,0.0733812603085063,0.0472217538325772,0.0465271942118982,0.0755238581632085,0.0428760067070188,0.0744491854169932,0.0594996056172943,0.0677760131875201,0.0634102322344114,0.0545397785845997,0.0457509806331644,0.06032652415635,0.0595391833793489,0.05455760418663,0.0580276997652827,0.0509903832170696,0.0489455925020813,0.0491894267481857,0.0524033713010768,0.046742838838742
JC_D,0.6,0.333333333333333,0.333333333333333,0.6,0.5,0.6,0.6,0.6,0.5,0.5,0.333333333333333,0.5,0.5,0.5,0.5,0.333333333333333,0.333333333333333,0.333333333333333,0.333333333333333,0.333333333333333
JSD,0.0250477022115974,0.0123715193407392,0.01311806675111,0.0255607376375139,0.0128755461646724,0.0260228496445839,0.0199642199772938,0.0225025730055371,0.0187856199933922,0.0181932504305405,0.0094489543538629,0.0191210715520857,0.0170675264427831,0.0146801884901799,0.017531854917347,0.0123846706164643,0.0116134140949472,0.0122699358888092,0.0121341422507855,0.0140207144158094
