C1_WGSerr_r0,C18_WGSerr_r0,C19_WGSerr_r0,C2_WGSerr_r0,C20_WGSerr_r0,C3_WGSerr_r0,C4_WGSerr_r0,C5_WGSerr_r0,C6_WGSerr_r0,C7_WGSerr_r0,C8_WGSerr_r0,C10_WGSerr_r0,C9_WGSerr_r0,C11_WGSerr_r0,C12_WGSerr_r0,C13_WGSerr_r0,C14_WGSerr_r0,C15_WGSerr_r0,C16_WGSerr_r0,C17_WGSerr_r0
Rank1,0.066475,0.056377,0.052013,0.0628840000000001,0.0490149999999999,0.0558059999999999,0.040239,0.039393,0.0316789999999999,0.019502,0.01752,0.010754,0.0244420000000001,0.0564720000000001,0.064719,0.063551,0.062685,0.057809,0.062663,0.052476
Rank2,0.010199,-0.002869,-0.003893,0.016647,-0.036187,0.020243,0.022558,0.033156,0.042517,0.0386049999999999,0.046971,0.05652,0.046315,0.011145,-0.00273099999999998,-0.00373800000000002,-0.00238700000000003,-0.00606499999999999,-0.00800299999999998,0.00117700000000001
