C1_WGSerr_r0,C18_WGSerr_r0,C19_WGSerr_r0,C2_WGSerr_r0,C20_WGSerr_r0,C21_WGSerr_r0,C22_WGSerr_r0,C23_WGSerr_r0,C24_WGSerr_r0,C3_WGSerr_r0,C4_WGSerr_r0,C10_WGSerr_r0,C5_WGSerr_r0,C6_WGSerr_r0,C7_WGSerr_r0,C8_WGSerr_r0,C9_WGSerr_r0,C11_WGSerr_r0,C12_WGSerr_r0,C13_WGSerr_r0,C14_WGSerr_r0,C15_WGSerr_r0,C16_WGSerr_r0,C17_WGSerr_r0
Rank1,0.115964,-0.030319,-0.015378,0.070431,0.014684,-0.013757,0.030732,0.0163599999999999,0.021157,0.14879,0.102058,0.107523,-0.056073,-0.027482,0.102681,0.0658799999999999,0.153622,-0.052727,-0.022223,0.081012,0.083056,0.092737,0.096093,-0.04588
Rank2,-0.045399,0.023098,0.066628,0.042116,-0.023431,0.072188,-0.019298,-0.031435,-0.018814,-0.044274,-0.096039,-0.081761,0.152959,0.004746,-0.049194,0.027469,-0.04451,0.148842,0.00307399999999999,-0.014623,-0.050601,-0.017466,-0.047321,0.022505
Rank3,-0.005634,0.00711000000000001,-0.011777,-0.034987,0.036748,-0.01595,-0.011621,0.050798,-0.002077,-0.014045,0.045835,-0.01266,0.00687400000000001,0.061435,0.000966000000000009,-0.021998,-0.000581999999999999,0.00927700000000001,0.016428,-0.021546,0.02086,-0.01032,-0.037769,0.055142
Rank4,0.004413,0.034849,-0.006504,-0.00780599999999999,0.000212000000000004,-0.003336,0.02709,0.012311,0.034239,0.002221,0.00477900000000001,0.036546,0.009591,0.028788,6.10000000000055e-05,-0.010025,-0.00324899999999999,0.007081,0.029882,0.002124,-0.015899,-0.007857,0.025179,0.027995
