C1_WGSerr_r0,C18_WGSerr_r0,C19_WGSerr_r0,C2_WGSerr_r0,C20_WGSerr_r0,C21_WGSerr_r0,C22_WGSerr_r0,C23_WGSerr_r0,C24_WGSerr_r0,C3_WGSerr_r0,C4_WGSerr_r0,C10_WGSerr_r0,C5_WGSerr_r0,C6_WGSerr_r0,C7_WGSerr_r0,C8_WGSerr_r0,C9_WGSerr_r0,C11_WGSerr_r0,C12_WGSerr_r0,C13_WGSerr_r0,C14_WGSerr_r0,C15_WGSerr_r0,C16_WGSerr_r0,C17_WGSerr_r0
sorted_JSD,0.0861828739003693,0.0419038142700811,0.0220732912756264,0.0438762626495411,0.0164697289393301,0.0341588350530942,0.0112037597079041,0.036417679886547,0.017013506733107,0.0998059254936497,0.0489780975087979,0.028318190365775,0.113457082707469,0.0641245694481713,0.0847328727528855,0.0353874884172611,0.0994977938332467,0.104457036252047,0.046644549017455,0.0790865101655096,0.016387521310697,0.0784119289434786,0.0107660209816906,0.0622939217976553
