C1_WGSerr_r0,C2_WGSerr_r0,C3_WGSerr_r0,C4_WGSerr_r0,C5_WGSerr_r0,C6_WGSerr_r0,C7_WGSerr_r0,C8_WGSerr_r0,C9_WGSerr_r0,C10_WGSerr_r0,C11_WGSerr_r0,C12_WGSerr_r0,C13_WGSerr_r0,C14_WGSerr_r0,C15_WGSerr_r0,C16_WGSerr_r0,C17_WGSerr_r0,C18_WGSerr_r0,C19_WGSerr_r0,C20_WGSerr_r0
UnW_D,0,0.10886641857613,0.0585606680381548,0.0359492609225183,0.127450167893853,0.109690992848008,0.0903124230109252,0.0757022442649715,0.15695912321384,0.15084480841804,0.0903124230109252,0.0359492609225183,0.0359492609225183,0.0583703983265155,0.0585606680381548,0.0585606680381548,0.11777353586793,0.0857377117356757,0,0
Weight_D,0.0186229686468483,0.0190142174215635,0.0237122950216197,0.02948315490112,0.0233337114803588,0.020517871516418,0.0182730300678369,0.0278949547926929,0.0192254944575077,0.022189237237425,0.035168557761171,0.0347438132308654,0.0159078268393202,0.0254946321146862,0.022990562537405,0.0287485549739472,0.0282194253883471,0.023219198613254,0.0226717436586755,0.0276846918915096
Bray_D,0.12525310578016,0.167929720972681,0.149190302935989,0.167219731931448,0.165925515446229,0.148044331319901,0.135289537831911,0.202724692021753,0.151853659159715,0.155812492734766,0.203284415954197,0.181097789338135,0.106546462064814,0.159033895970646,0.157598201418349,0.171413485887696,0.168701346608391,0.159906252872155,0.137147046354413,0.15404453882335
JC_D,0,0.4,0.25,0.142857142857143,0.333333333333333,0.285714285714286,0.25,0.333333333333333,0.444444444444444,0.4,0.25,0.142857142857143,0.142857142857143,0.142857142857143,0.25,0.25,0.285714285714286,0.333333333333333,0,0
JSD,0.0171544375777736,0.0409457967846728,0.025286285155036,0.0194953180602556,0.0329703961233173,0.0376906968009577,0.0218579759873161,0.038477755821298,0.0614508195977199,0.0294446939913741,0.0353981714394847,0.0245979609633174,0.0160914357960929,0.01917943424507,0.0271207649058743,0.0296911683423518,0.0370601245443941,0.0265044426954416,0.0142509124466597,0.0189577045475383
