C1_WGSerr_r0,C18_WGSerr_r0,C19_WGSerr_r0,C2_WGSerr_r0,C20_WGSerr_r0,C3_WGSerr_r0,C4_WGSerr_r0,C5_WGSerr_r0,C6_WGSerr_r0,C7_WGSerr_r0,C8_WGSerr_r0,C10_WGSerr_r0,C9_WGSerr_r0,C11_WGSerr_r0,C12_WGSerr_r0,C13_WGSerr_r0,C14_WGSerr_r0,C15_WGSerr_r0,C16_WGSerr_r0,C17_WGSerr_r0
Rank1,0.019174,-0.061495,-0.076675,0.161736,-0.00682100000000002,0.03801,0.098365,-0.057947,-0.02765,-0.019298,0.087125,0.133335,0.00329999999999997,-0.129814,-0.133707,-0.03288,-0.015165,-0.019987,-0.094805,-0.02927
Rank2,-0.022321,0.039657,0.032945,-0.012865,-0.063537,0.00756900000000002,-0.038977,0.039911,-0.00507099999999999,-0.035412,0.018847,-0.010345,-0.037946,0.075474,0.120219,0.026146,0.045507,0.026587,0.062065,-0.047331
Rank3,0.05035,0.10304,0.012359,0.00240100000000001,0.082446,-0.039812,-0.075202,0.013777,0.00515399999999999,0.087641,-0.007242,-0.036607,0.027246,0.051567,0.013032,0.036251,0.00681600000000002,0.080759,0.0631,-0.019503
Rank4,-0.026415,-0.035887,0.027007,-0.035725,0.00596000000000001,-0.00112999999999999,0.00489200000000001,0.019937,0.061903,-0.00837499999999999,-0.00390000000000001,-0.009461,-0.02899,0.063334,0.048968,-0.039859,0.013833,-0.000858999999999985,-0.013794,0.104179
Rank5,-0.012775,0.009436,0.044393,-0.021022,-0.004385,0.00145799999999999,0.02091,0.007336,-0.017754,0.039002,-0.00376899999999999,0.025507,0.039511,0.033144,0.008941,0.020082,0.025533,-0.019926,0.013873,0.00517400000000001
Rank6,0.03974,0.025222,-0.000165999999999993,0.014863,0.030156,0.046394,0.05195,0.052421,0.028051,-0.000758999999999996,0.00710300000000001,-0.011228,0.065998,-0.008818,0.00971,0.030841,-0.003314,0.022257,0.052767,0.037632
