C1_WGSerr_r0,C18_WGSerr_r0,C19_WGSerr_r0,C2_WGSerr_r0,C20_WGSerr_r0,C3_WGSerr_r0,C4_WGSerr_r0,C5_WGSerr_r0,C6_WGSerr_r0,C7_WGSerr_r0,C8_WGSerr_r0,C10_WGSerr_r0,C9_WGSerr_r0,C11_WGSerr_r0,C12_WGSerr_r0,C13_WGSerr_r0,C14_WGSerr_r0,C15_WGSerr_r0,C16_WGSerr_r0,C17_WGSerr_r0
sorted_JSD,0.023210965019879,0.0371582218157188,0.00769766384601042,0.0846494776948239,0.0136633686517399,0.0491118580953279,0.0564897820431291,0.0515585197767449,0.0334281152135133,0.0373434284317254,0.0670248301029827,0.0723255739407687,0.0351965175190335,0.0419996197588168,0.0594386364722905,0.0261328539144992,0.0325073670209371,0.0324771463041134,0.0668531453323165,0.0305221056822664
