C1_WGSerr_r0,C10_WGSerr_r0,C11_WGSerr_r0,C12_WGSerr_r0,C13_WGSerr_r0,C14_WGSerr_r0,C15_WGSerr_r0,C16_WGSerr_r0,C17_WGSerr_r0,C18_WGSerr_r0,C19_WGSerr_r0,C2_WGSerr_r0,C20_WGSerr_r0,C3_WGSerr_r0,C4_WGSerr_r0,C5_WGSerr_r0,C6_WGSerr_r0,C7_WGSerr_r0,C8_WGSerr_r0,C9_WGSerr_r0
sorted_JSD,0.143822266478664,0.124358692867942,0.143111534997133,0.14899533531427,0.125320361704871,0.140484288685826,0.141221066669063,0.14615950983409,0.117418911630453,0.101597146276444,0.084828752433018,0.1484286669794,0.144907867968596,0.169392522176672,0.084592955434834,0.119620701703311,0.119311634052173,0.120030457990441,0.100572434242972,0.0998951279695278
