C1_WGSerr_r0,C2_WGSerr_r0,C3_WGSerr_r0,C4_WGSerr_r0,C5_WGSerr_r0,C6_WGSerr_r0,C7_WGSerr_r0,C8_WGSerr_r0,C9_WGSerr_r0,C10_WGSerr_r0,C11_WGSerr_r0,C12_WGSerr_r0,C13_WGSerr_r0,C14_WGSerr_r0,C15_WGSerr_r0,C16_WGSerr_r0,C17_WGSerr_r0,C18_WGSerr_r0,C19_WGSerr_r0,C20_WGSerr_r0,C21_WGSerr_r0,C22_WGSerr_r0,C23_WGSerr_r0,C24_WGSerr_r0
sorted_JSD,0.0224705174135311,0.0197326289929702,0.023400076818734,0.019797810890157,0.0211685574156596,0.0200326371436126,0.0220538786381603,0.0194337214828159,0.024278236918245,0.0219751254208816,0.0198944291438702,0.0196795643451316,0.0226172929705905,0.01932631327923,0.0226616274930369,0.0202856716270667,0.0196555325516344,0.0201311828001919,0.0206692107944949,0.0193350553183306,0.0197551847347765,0.019408092814567,0.019531714603342,0.020483602916511
