C10_WGSerr_r0,C11_WGSerr_r0,C12_WGSerr_r0,C13_WGSerr_r0,C14_WGSerr_r0,C15_WGSerr_r0,C16_WGSerr_r0,C17_WGSerr_r0,C18_WGSerr_r0,C19_WGSerr_r0,C1_WGSerr_r0,C20_WGSerr_r0,C21_WGSerr_r0,C22_WGSerr_r0,C23_WGSerr_r0,C24_WGSerr_r0,C2_WGSerr_r0,C3_WGSerr_r0,C4_WGSerr_r0,C5_WGSerr_r0,C6_WGSerr_r0,C7_WGSerr_r0,C8_WGSerr_r0,C9_WGSerr_r0
GCA_900519135,0.0547413597117711,0.0673183496289893,0.0711801398041001,0.226513909855919,0.248090805452041,0.22389603268424,0.249033549238518,0.246222057537677,0.250514102878843,0.655724112511942,0.00643627930538215,0.667150253756807,0.649867627363001,0.6684437371975,0.650134265759157,0.653808428138463,0.00644411987744645,0,0,0.00712668627812641,0.00848790333491322,0.0660803321274507,0.0710837263744849,0.047292110234117
GCA_004803425,0.67353304068537,0,0.252982155745632,0.0599029269672159,0.676349176432275,0.00300314640095966,0.682653033290988,0,0.0681986991364528,0.0621029068213159,0.216392351568886,0.259965612155449,0,0.259209275564888,0,0.0633645225137671,0.653465060100563,0.0518121650082416,0.66431965413654,0.0585753326571837,0.255281625802756,0.219604272949481,0.653997270077775,0
GCA_000771285,0.271725599602859,0.659264734040004,0.675837704450268,0,0,0.0601978732848328,0.0672852839291229,0.680668334362284,0.681287197984704,0,0.0639364858747446,0,0.0686722629203707,0.0723469872376121,0.279450282330872,0.28282704934777,0.0681328980786825,0.242266146275784,0.267405926240323,0.655559669390166,0.66919733332084,0,0,0.247439250132736
GCA_000771105,0,0.273416916331006,0,0.713583163176865,0.075560018115684,0.712902947629967,0.00102813354137112,0.0731096081000389,0,0.282172980666742,0.713234883250987,0.0728841340877439,0.281460109716629,0,0.0704154519099703,0,0.271957921943308,0.705921688715975,0.0682744196231364,0.278738311674523,0.0670331375414906,0.714315394923068,0.274919003547741,0.705268639633147
