C1_WGSerr_r0,C2_WGSerr_r0,C3_WGSerr_r0,C4_WGSerr_r0,C5_WGSerr_r0,C6_WGSerr_r0,C7_WGSerr_r0,C8_WGSerr_r0,C9_WGSerr_r0,C10_WGSerr_r0,C11_WGSerr_r0,C12_WGSerr_r0,C13_WGSerr_r0,C14_WGSerr_r0,C15_WGSerr_r0,C16_WGSerr_r0,C17_WGSerr_r0,C18_WGSerr_r0,C19_WGSerr_r0,C20_WGSerr_r0,C21_WGSerr_r0,C22_WGSerr_r0,C23_WGSerr_r0,C24_WGSerr_r0
UnW_D,0.0472832600442288,0.0472832600442288,0.0472832600442288,0.0472832600442288,0.0472832600442288,0.0472832600442288,0.239017743730829,0.239017743730829,0.0749158789193575,0.0829121739818416,0.0749158789193575,0.0829121739818416,0.239017743730829,0.239017743730829,0.0749158789193575,0.0829121739818416,0.0749158789193575,0.0829121739818416,0.239017743730829,0.239017743730829,0.0749158789193575,0.0829121739818416,0.0749158789193575,0.0829121739818416
Weight_D,0.147559237342908,0.127983274547348,0.11153649949144,0.0866995853794988,0.0902694695687583,0.103786679571078,0.142191851916117,0.121546292981791,0.108856698513383,0.0844109012555353,0.0898003997074488,0.108490115895566,0.128779739066696,0.0866164429204884,0.120054234801638,0.0684923389254718,0.119621919431982,0.122636386231979,0.0847986423898363,0.0952383312955578,0.0815504490694439,0.105256476892592,0.125375840197284,0.13672350177511
Bray_D,0.11682899492483,0.0788992601278471,0.105921688715975,0.0817255803768633,0.088175523851703,0.0790584309509133,0.114315394923068,0.0789162736255155,0.105268639633147,0.095258640288229,0.0826816503710104,0.0788198601959,0.113583163176865,0.076349176432275,0.114576565931253,0.0832098754936577,0.0806683343622841,0.0818013008635472,0.0878970931786841,0.0771158659122561,0.0813277370796296,0.077653012762388,0.0795845480900294,0.0866354774862329
JC_D,0.25,0.25,0.25,0.25,0.25,0.25,0.25,0.25,0.25,0.25,0.25,0.25,0.25,0.25,0.25,0.25,0.25,0.25,0.25,0.25,0.25,0.25,0.25,0.25
JSD,0.0224705174135311,0.0197326289929702,0.023400076818734,0.019797810890157,0.0211685574156596,0.0200326371436126,0.0220538786381603,0.0194337214828159,0.024278236918245,0.0219751254208816,0.0198944291438702,0.0196795643451316,0.0226172929705905,0.01932631327923,0.0226616274930369,0.0202856716270667,0.0196555325516344,0.0201311828001919,0.0206692107944949,0.0193350553183306,0.0197551847347765,0.019408092814567,0.019531714603342,0.020483602916511
