C1_WGSerr_r0,C18_WGSerr_r0,C19_WGSerr_r0,C2_WGSerr_r0,C20_WGSerr_r0,C21_WGSerr_r0,C22_WGSerr_r0,C23_WGSerr_r0,C24_WGSerr_r0,C3_WGSerr_r0,C4_WGSerr_r0,C10_WGSerr_r0,C5_WGSerr_r0,C6_WGSerr_r0,C7_WGSerr_r0,C8_WGSerr_r0,C9_WGSerr_r0,C11_WGSerr_r0,C12_WGSerr_r0,C13_WGSerr_r0,C14_WGSerr_r0,C15_WGSerr_r0,C16_WGSerr_r0,C17_WGSerr_r0
sorted_JSD,0.192972196666931,0.217195039800673,0.324944663045943,0.295520003566097,0.445571382328093,0.300978648986554,0.424875529748787,0.317571281999224,0.326953927876005,0.0832906560235321,0.309520923842081,0.32656171451964,0.0875512522816764,0.198106137482068,0.236758529498222,0.307454826383411,0.0862566143506627,0.0864099200825229,0.225556770998827,0.227255386386513,0.43762408129259,0.190865003310463,0.426494971289892,0.187871756172609
