C1_WGSerr_r0,C18_WGSerr_r0,C19_WGSerr_r0,C2_WGSerr_r0,C20_WGSerr_r0,C21_WGSerr_r0,C22_WGSerr_r0,C23_WGSerr_r0,C24_WGSerr_r0,C3_WGSerr_r0,C4_WGSerr_r0,C10_WGSerr_r0,C5_WGSerr_r0,C6_WGSerr_r0,C7_WGSerr_r0,C8_WGSerr_r0,C9_WGSerr_r0,C11_WGSerr_r0,C12_WGSerr_r0,C13_WGSerr_r0,C14_WGSerr_r0,C15_WGSerr_r0,C16_WGSerr_r0,C17_WGSerr_r0
Rank1,0.216943,0.119374,0.337401,0.340768,0.474895,0.33928,0.419685,0.290838,0.281724,0.190945,0.301878,0.290687,0.127678,0.120967,0.212428,0.339945,0.189866,0.12888,0.11583,0.20832,0.471455,0.216996,0.424032,0.120994
Rank2,0.051962,0.175608,0.139077,0.093297,0.124907,0.088256,0.175306,0.140715,0.179188,-0.110107,0.142449,0.179277,-0.062372,0.118239,0.123839,0.140704,-0.108864,-0.0615,0.178092,0.124405,0.128784,0.054144,0.172003,0.121112
Rank3,0.069103,0.067742,0.048215,0.056513,0.04073,0.052695,0.040821,0.05428,0.05459,0.084022,0.03372,0.049441,0.081707,0.073488,0.063467,0.048925,0.082135,0.080995,0.071341,0.063069,0.035626,0.068315,0.04335,0.073781
Rank4,0.019463,0.022802,0.00304,0.006641,0.003707,0.00664500000000001,0.001557,0.006976,0.015232,0.034927,0.007368,0.013143,0.03711,0.026879,0.01437,0.000525000000000005,0.035146,0.037169,0.024521,0.015072,0.003595,0.021769,0.003681,0.023878
