C1_WGSerr_r0,C18_WGSerr_r0,C19_WGSerr_r0,C2_WGSerr_r0,C20_WGSerr_r0,C21_WGSerr_r0,C22_WGSerr_r0,C23_WGSerr_r0,C24_WGSerr_r0,C3_WGSerr_r0,C4_WGSerr_r0,C10_WGSerr_r0,C5_WGSerr_r0,C6_WGSerr_r0,C7_WGSerr_r0,C8_WGSerr_r0,C9_WGSerr_r0,C11_WGSerr_r0,C12_WGSerr_r0,C13_WGSerr_r0,C14_WGSerr_r0,C15_WGSerr_r0,C16_WGSerr_r0,C17_WGSerr_r0
UnW_D,0.898916108055896,0.899888626096416,0.91111283362499,0.912388550781116,0.916171819162265,0.908053327658563,0.917035135524573,0.904668330974179,0.911366018375915,0.852812056968696,0.907024849019637,0.904248124530906,0.842608070487175,0.904930037442406,0.904312804011181,0.909192401503284,0.848710018471907,0.837446638386656,0.903205142487525,0.898315948648371,0.916337841063422,0.897575607652918,0.909137701287803,0.894621556803874
Weight_D,0.359936159218323,0.374084536285898,0.711043401750646,0.661132579953342,0.867390465477976,0.660464205758887,0.868558227743632,0.659777255989571,0.715095199436625,0.216159219839082,0.665770413872411,0.712149165604581,0.170690678085689,0.327583755776212,0.409929495171854,0.711565416460489,0.216929044616617,0.169293697680018,0.374972397514914,0.404926788286832,0.866622939649474,0.359705978895988,0.866487768210112,0.322757159319125
Bray_D,0.495135108582788,0.450458507041626,0.693192399557583,0.63950936194187,0.846899406786235,0.639532752054149,0.846882293825733,0.63942301501082,0.691856696929763,0.350695113294474,0.636562818818777,0.688243344774803,0.231671650951499,0.40560180670328,0.547023867137822,0.690296046009619,0.353277512292065,0.228324447878299,0.450422032091724,0.536064796311459,0.847609294613903,0.495055135759,0.844692924261398,0.395812680915183
JC_D,0.91304347826087,0.916666666666667,0.931034482758621,0.928571428571429,0.933333333333333,0.928571428571429,0.933333333333333,0.925925925925926,0.928571428571429,0.846153846153846,0.92,0.923076923076923,0.833333333333333,0.92,0.923076923076923,0.925925925925926,0.846153846153846,0.818181818181818,0.92,0.91304347826087,0.935483870967742,0.91304347826087,0.928571428571429,0.909090909090909
JSD,0.249181210811835,0.264610088993807,0.460761115888012,0.423269575754581,0.561069746518559,0.421533704803149,0.557387155914443,0.420752267814953,0.451208748992692,0.120864018562416,0.422593368724323,0.451185654146472,0.0950597258805888,0.230951442264796,0.295435590428151,0.459813086315702,0.122420443567324,0.0920186388310985,0.266776681332293,0.287222120841043,0.56220945756348,0.249534418562884,0.555783800434202,0.223765338875305
