C1_WGSerr_r0,C2_WGSerr_r0,C3_WGSerr_r0,C4_WGSerr_r0,C5_WGSerr_r0,C6_WGSerr_r0,C7_WGSerr_r0,C8_WGSerr_r0,C9_WGSerr_r0,C10_WGSerr_r0,C11_WGSerr_r0,C12_WGSerr_r0,C13_WGSerr_r0,C14_WGSerr_r0,C15_WGSerr_r0,C16_WGSerr_r0,C17_WGSerr_r0,C18_WGSerr_r0,C19_WGSerr_r0,C20_WGSerr_r0,C1_WGSerr_r1,C2_WGSerr_r1,C3_WGSerr_r1,C4_WGSerr_r1,C5_WGSerr_r1,C6_WGSerr_r1,C7_WGSerr_r1,C8_WGSerr_r1,C9_WGSerr_r1,C10_WGSerr_r1,C11_WGSerr_r1,C12_WGSerr_r1,C13_WGSerr_r1,C14_WGSerr_r1,C15_WGSerr_r1,C16_WGSerr_r1,C17_WGSerr_r1,C18_WGSerr_r1,C19_WGSerr_r1,C20_WGSerr_r1,C1_WGSerr_r2,C2_WGSerr_r2,C3_WGSerr_r2,C4_WGSerr_r2,C5_WGSerr_r2,C6_WGSerr_r2,C7_WGSerr_r2,C8_WGSerr_r2,C9_WGSerr_r2,C10_WGSerr_r2,C11_WGSerr_r2,C12_WGSerr_r2,C13_WGSerr_r2,C14_WGSerr_r2,C15_WGSerr_r2,C16_WGSerr_r2,C17_WGSerr_r2,C18_WGSerr_r2,C19_WGSerr_r2,C20_WGSerr_r2
sorted_JSD,0.0998280843896367,0.0650140878732194,0.0393322520688287,0.113459453569869,0.0817570770080963,0.0839067715333302,0.0798263603884268,0.0594791743428941,0.084107517002429,0.0814520544348121,0.0697409214738155,0.103916349539214,0.0760593363918484,0.0773143674098276,0.0758831594180285,0.0615217891788023,0.0372433460647911,0.100198061508155,0.10617946715333,0.107267340648106,0.0988621756224615,0.0634328777406205,0.0417852817644931,0.102848560189854,0.0819855704842416,0.084174501402613,0.080398231845918,0.059701414437495,0.083929397360889,0.0805757161269933,0.0688917215855312,0.105404695246765,0.0763688510653493,0.0759252817071038,0.0725713350264315,0.0637383108495596,0.0375022788030613,0.100349942035618,0.105531022017619,0.107040326172364,0.0988633472252099,0.0636133024491589,0.0405642372559718,0.102743018567655,0.0822641955362765,0.0826675222615963,0.080621961811042,0.0603407750335817,0.0837295932202878,0.0803567572083738,0.0677078939432706,0.10455278154512,0.0760829122554904,0.0735031340026173,0.0744109925779432,0.061422916235348,0.0379783413674158,0.0851463492896325,0.112212388073236,0.108372297501496
