C1_WGSerr_r0,C2_WGSerr_r0,C3_WGSerr_r0,C4_WGSerr_r0,C5_WGSerr_r0,C6_WGSerr_r0,C7_WGSerr_r0,C8_WGSerr_r0,C9_WGSerr_r0,C10_WGSerr_r0,C11_WGSerr_r0,C12_WGSerr_r0,C13_WGSerr_r0,C14_WGSerr_r0,C15_WGSerr_r0,C16_WGSerr_r0,C17_WGSerr_r0,C18_WGSerr_r0,C19_WGSerr_r0,C20_WGSerr_r0,C1_WGSerr_r1,C2_WGSerr_r1,C3_WGSerr_r1,C4_WGSerr_r1,C5_WGSerr_r1,C6_WGSerr_r1,C7_WGSerr_r1,C8_WGSerr_r1,C9_WGSerr_r1,C10_WGSerr_r1,C11_WGSerr_r1,C12_WGSerr_r1,C13_WGSerr_r1,C14_WGSerr_r1,C15_WGSerr_r1,C16_WGSerr_r1,C17_WGSerr_r1,C18_WGSerr_r1,C19_WGSerr_r1,C20_WGSerr_r1,C1_WGSerr_r2,C2_WGSerr_r2,C3_WGSerr_r2,C4_WGSerr_r2,C5_WGSerr_r2,C6_WGSerr_r2,C7_WGSerr_r2,C8_WGSerr_r2,C9_WGSerr_r2,C10_WGSerr_r2,C11_WGSerr_r2,C12_WGSerr_r2,C13_WGSerr_r2,C14_WGSerr_r2,C15_WGSerr_r2,C16_WGSerr_r2,C17_WGSerr_r2,C18_WGSerr_r2,C19_WGSerr_r2,C20_WGSerr_r2
sorted_JSD,0.00364000861874815,0.00287413065771728,0.0659432340583079,0.00139694725978251,0.101538973130515,0.135619916943304,0.132904799005868,0.0846560756501469,0.0386976687751214,0.00256637482917076,0.00127936836936097,0.000700496570594473,0.00158743323284584,0.0753868287814973,0.0670601247818953,7.2169239773445e-05,0.000155045329427321,0.00135177545528065,0.00247209507392927,0,1,1,1,1,1,1,1,1,1,1,1,1,1,1,1,1,1,1,1,1,1,1,1,1,1,1,1,1,1,1,1,1,1,1,1,1,1,1,1,1
