C10_WGSerr_r0,C11_WGSerr_r0,C12_WGSerr_r0,C13_WGSerr_r0,C14_WGSerr_r0,C15_WGSerr_r0,C16_WGSerr_r0,C17_WGSerr_r0,C18_WGSerr_r0,C19_WGSerr_r0,C1_WGSerr_r0,C20_WGSerr_r0,C2_WGSerr_r0,C3_WGSerr_r0,C4_WGSerr_r0,C5_WGSerr_r0,C6_WGSerr_r0,C7_WGSerr_r0,C8_WGSerr_r0,C9_WGSerr_r0
sorted_JSD,0.0963502009696316,0.0344433312748545,0.0964789640500057,0.0514795837276541,0.0375357663714395,0.0617382968899806,0.0559132826336662,0.0220171952162796,0.0329894650608272,0.0433354187401719,0.0273015997894651,0.0455668344321337,0.0771966841049732,0.00269383043148505,0.0464282512748515,0.0448012811640509,0.0477910831171418,0.0289491108298751,0.0605607430437095,0.0238921153569762
