C10_WGSerr_r0,C11_WGSerr_r0,C12_WGSerr_r0,C13_WGSerr_r0,C14_WGSerr_r0,C15_WGSerr_r0,C16_WGSerr_r0,C17_WGSerr_r0,C18_WGSerr_r0,C19_WGSerr_r0,C1_WGSerr_r0,C20_WGSerr_r0,C2_WGSerr_r0,C3_WGSerr_r0,C4_WGSerr_r0,C5_WGSerr_r0,C6_WGSerr_r0,C7_WGSerr_r0,C8_WGSerr_r0,C9_WGSerr_r0
UnW_D,0.341129722665841,0.135503762685772,0.268731683209791,0.225971769115252,0.0601667119347444,0.2185204566346,0.264811321143745,0.152910560525977,0.073061208589275,0.0601667119347444,0.135503762685772,0.22345694989816,0.354024219320371,0,0.264811321143745,0.264811321143745,0.145459248045325,0.145459248045325,0.264811321143745,0
Weight_D,0.0397226121873142,0.0372716268231624,0.0486175245138842,0.0363320834530164,0.0345663811298229,0.0272922851187197,0.0339277967131442,0.0205601109287115,0.0262144987121224,0.0319656565998601,0.0254739025215113,0.0362982989674265,0.036565749496346,0.0102358931323459,0.029707950386808,0.0447047585988823,0.0470497981836056,0.0196076057055271,0.0452155266090362,0.0379976400411211
Bray_D,0.25,0.195661841820044,0.272669429572552,0.221906169895128,0.186156961844473,0.193470027664952,0.217388774826255,0.143965944675659,0.161334047358095,0.198535879134183,0.139920146504887,0.162739252733055,0.213718615480159,0.0676984621956215,0.163198783824423,0.205641871925296,0.255772091330309,0.122992295028134,0.258039954653833,0.191072358051463
JC_D,0.5,0.166666666666667,0.5,0.333333333333333,0.166666666666667,0.333333333333333,0.166666666666667,0.166666666666667,0.166666666666667,0.166666666666667,0.166666666666667,0.333333333333333,0.5,0,0.166666666666667,0.166666666666667,0.166666666666667,0.166666666666667,0.166666666666667,0
JSD,0.0963502009696316,0.0344433312748545,0.0964789640500057,0.0514795837276541,0.0467392006435068,0.0634244698719062,0.0564396978690059,0.0259806283213412,0.0329894650608272,0.0433354187401719,0.0399120903236295,0.0455668344321337,0.0771966841049732,0.00316683606431841,0.0464282512748515,0.064200913769359,0.0477910831171418,0.0296950588835242,0.0633758389224092,0.0248330988306616
