C1_WGSerr_r0,C2_WGSerr_r0,C3_WGSerr_r0,C4_WGSerr_r0,C5_WGSerr_r0,C6_WGSerr_r0,C7_WGSerr_r0,C8_WGSerr_r0,C9_WGSerr_r0,C10_WGSerr_r0,C11_WGSerr_r0,C12_WGSerr_r0,C13_WGSerr_r0,C14_WGSerr_r0,C15_WGSerr_r0,C16_WGSerr_r0,C17_WGSerr_r0,C18_WGSerr_r0,C19_WGSerr_r0,C20_WGSerr_r0
Rank1,-0.080785831630575,-0.163778561877539,-0.035351230007456,-0.064687680929344,-0.149509865342444,-0.180838162505667,-0.045542755293357,-0.094291299908389,-0.185399848483563,-0.162787258499519,-0.195661841820044,-0.243097768877817,-0.133373596044822,-0.043490553126024,-0.093526015757575,-0.096241390795209,-0.020333785984169,-0.157229578294368,-0.146665021143708,-0.077775337200654
Rank2,-0.059134314874313,-0.049940053602621,0.017652767811834,-0.065305161891383,0.01703468451127,-0.074933928824642,-0.077310580212287,-0.163748654745444,0.02148311998002,-0.080606842691672,0.017968731591416,-0.029571660694735,-0.088532573850305,-0.04445900703089,-0.099944011907377,-0.040944669800084,-0.04916011401398,-0.00410446906372702,0.033753488573027,-0.084963915532401
Rank3,0.00917520482327502,0.013718615480159,-0.025660746915151,-0.020737088272656,-0.010980808404752,0.087153184891635,0.00792572339365202,0.0553209858046644,0.0943274904321,-0.00660589880880899,0.049101052159821,0.0726694295725512,0.096402571291184,-0.092666408718448,0.005505450108584,-0.080202714230962,-0.02447204467751,0.033908436659171,-0.051870857990475,0.00572327839144601
Rank4,0.028445122236902,0.1,0.000997781241559997,-0.01246885273104,0.00484880182190001,0.101674654872627,-0.00013895952248999,0.0748511974278691,-0.000967818976623,0.1,0.049903889847636,0.1,0.025503598603944,0.0642854918967578,0.0879645775563683,0.0500421365979795,0.00221954212782402,0.0258372229937139,0.0349315485900425,0.0570159743416086
Rank5,0.0522998194447101,0.05,0.013247895744348,0.0631987838244236,0.0386071874140258,0.0169442515660474,0.0650665716344817,0.0278677714212998,0.0185469446782124,0.1,0.0286881682211709,0.05,0.05,0.0663304769786051,0.05,0.0673466382282756,0.0417464025478356,0.0515883877052098,0.0798508419711141,0.05
Rank6,0.05,0.05,0.029113532124864,0.1,0.1,0.05,0.05,0.1,0.0520101123698538,0.05,0.05,0.05,0.05,0.05,0.05,0.1,0.05,0.05,0.05,0.05
