C10_WGSerr_r0,C11_WGSerr_r0,C12_WGSerr_r0,C13_WGSerr_r0,C14_WGSerr_r0,C15_WGSerr_r0,C16_WGSerr_r0,C17_WGSerr_r0,C18_WGSerr_r0,C19_WGSerr_r0,C1_WGSerr_r0,C20_WGSerr_r0,C2_WGSerr_r0,C3_WGSerr_r0,C4_WGSerr_r0,C5_WGSerr_r0,C6_WGSerr_r0,C7_WGSerr_r0,C8_WGSerr_r0,C9_WGSerr_r0
sorted_JSD,0.103906068802992,0.0769647614273912,0.109127638821991,0.0584764609645949,0.115426464869008,0.0483088394966636,0.0849655033149325,0.0765745665588831,0.036202128900024,0.108506539829103,0.0525665156278413,0.0926145599478438,0.0849955872787029,0.0376025795456817,0.0880560897422404,0.0968159263446691,0.136559992778998,0.0588214901478647,0.0836964693732518,0.0661039962379267
