C1_WGSerr_r0,C2_WGSerr_r0,C3_WGSerr_r0,C4_WGSerr_r0,C5_WGSerr_r0,C6_WGSerr_r0,C7_WGSerr_r0,C8_WGSerr_r0,C9_WGSerr_r0,C10_WGSerr_r0,C11_WGSerr_r0,C12_WGSerr_r0,C13_WGSerr_r0,C14_WGSerr_r0,C15_WGSerr_r0,C16_WGSerr_r0,C17_WGSerr_r0,C18_WGSerr_r0,C19_WGSerr_r0,C20_WGSerr_r0
Rank1,-0.17594223648648,-0.181186602892433,-0.00480420257816,-0.049092640086169,-0.268326634971429,-0.296719360144325,-0.13334062978776,-0.151017692158654,-0.202813409446132,-0.230246665475284,-0.275958816592825,-0.30527218890347,-0.163388724454439,-0.321285401579184,-0.148058975017012,-0.147675550140885,-0.148611851462957,-0.189273054554738,-0.341470062041652,-0.128416456302984
Rank2,-0.08730566555723,-0.08319781358283,-0.022243137142173,-0.150325660170342,-0.017784522405841,-0.062221779623167,-0.035305437528681,-0.098397803186919,-0.077204313055293,-0.064205756210566,0.030078419969249,0.022638441561616,-0.087953030164087,0.00102969851607401,-0.057859221768955,-0.071907481912172,-0.086584808911554,0.022911133551072,0.036859910472091,-0.167458922796682
Rank3,0.125706710020517,0.0643844164752632,-0.059359900445599,-0.055613292598679,0.012445104583394,0.058941139767492,0.010430095926352,0.00632782977650401,0.116157101935875,0.0444784365525314,0.046791105366909,0.0826337473418538,0.118374362265106,0.033288949628874,0.078723150501176,-0.030864944139622,-0.028668913800646,0.088995709240492,0.0671699362121661,0.095875379099666
Rank4,0.0291261620340357,0.1,-0.014915701231731,0.0550315928551902,0.0736660527938765,0.2,0.00821597139008851,0.043087665569069,0.0279359800374342,0.1,0.049089291256667,0.1,0.032967392353421,0.136966753434236,0.0271950462847913,0.050447976192679,0.113865574175156,0.0086936947932377,0.0874402153573943,0.1
Rank5,0.0584150299891575,0.05,0.00132294139766301,0.1,0.1,0.05,0.1,0.1,0.0359246405281169,0.1,0.1,0.05,0.05,0.1,0.05,0.1,0.1,0.0186725169699359,0.1,0.05
Rank6,0.05,0.05,0.1,0.1,0.1,0.05,0.05,0.1,0.1,0.05,0.05,0.05,0.05,0.05,0.05,0.1,0.05,0.05,0.05,0.05
