C10_WGSerr_r0,C11_WGSerr_r0,C12_WGSerr_r0,C13_WGSerr_r0,C14_WGSerr_r0,C15_WGSerr_r0,C16_WGSerr_r0,C17_WGSerr_r0,C18_WGSerr_r0,C19_WGSerr_r0,C1_WGSerr_r0,C20_WGSerr_r0,C2_WGSerr_r0,C3_WGSerr_r0,C4_WGSerr_r0,C5_WGSerr_r0,C6_WGSerr_r0,C7_WGSerr_r0,C8_WGSerr_r0,C9_WGSerr_r0
UnW_D,0.278687168569344,0.208564971275047,0.268731683209791,0.225971769115252,0.133227920524019,0.2185204566346,0.33787252973302,0.225971769115252,0.073061208589275,0.133227920524019,0.073061208589275,0.31221614254543,0.354024219320371,0.073061208589275,0.33787252973302,0.33787252973302,0.371431017160577,0.2185204566346,0.33787252973302,0.073061208589275
Weight_D,0.0406271801874906,0.0525378221325386,0.0580544370127596,0.0438073777320064,0.0679172812339782,0.0379204344499567,0.0379089406005403,0.0450413993939325,0.0365649573333412,0.0542639527720987,0.0476651174928314,0.0642972665463783,0.049504295183381,0.0207743643304547,0.0424298436773824,0.0596314621286421,0.0610571904361641,0.0289141132354823,0.0515747610586364,0.04424419885418
Bray_D,0.294469259408453,0.276869525336158,0.30527218890347,0.251341754618527,0.38799645195031,0.205918196785967,0.269583032053057,0.285196660374511,0.189273054554738,0.341470062041652,0.26324790204371,0.3,0.264384416475263,0.151322941397663,0.25503159285519,0.33611115737727,0.408941139767492,0.18334062978776,0.307930026589585,0.280017722501425
JC_D,0.5,0.333333333333333,0.5,0.333333333333333,0.333333333333333,0.333333333333333,0.333333333333333,0.333333333333333,0.166666666666667,0.333333333333333,0.166666666666667,0.5,0.5,0.166666666666667,0.333333333333333,0.333333333333333,0.5,0.333333333333333,0.333333333333333,0.166666666666667
JSD,0.103906068802992,0.0918779043563072,0.109127638821991,0.0607446662372741,0.145463031594648,0.0537001539955619,0.0895214105413197,0.107802613754234,0.036202128900024,0.121324866214574,0.0845338479191762,0.119606153694413,0.0849955872787029,0.0427310146435367,0.0937134923339142,0.114558203734682,0.167420264640741,0.0646856738712287,0.143515053748728,0.0687309181627822
