C1_WGSerr_r0,C2_WGSerr_r0,C3_WGSerr_r0,C4_WGSerr_r0,C5_WGSerr_r0,C6_WGSerr_r0,C7_WGSerr_r0,C8_WGSerr_r0,C9_WGSerr_r0,C10_WGSerr_r0,C11_WGSerr_r0,C12_WGSerr_r0,C13_WGSerr_r0,C14_WGSerr_r0,C15_WGSerr_r0,C16_WGSerr_r0,C17_WGSerr_r0,C18_WGSerr_r0,C19_WGSerr_r0,C20_WGSerr_r0
GCA_900622695,0.0257067100205166,0.05,-0.072243137142173,-0.055613292598679,0.0236660527938765,0.05,0.05,-0.00691233443093099,0.0161571019358747,0.05,-0.275958816592825,-0.30527218890347,0.018374362265106,-0.016711050371126,0.05,-0.147675550140885,-0.086584808911554,0.0186725169699359,0.0171699362121661,-0.167458922796682
GCA_008275005,0.0084150299891575,-0.181186602892433,-0.00480420257816,-0.000325660170342024,0.062445104583394,0.05,0.010430095926352,0.00160219681308099,0.0359246405281169,-0.230246665475284,0.030078419969249,0.022638441561616,0.05,0.051029698516074,-0.00785922176895504,0.019135055860378,0.05,0.022911133551072,0.0874402153573943,0.05
GCA_001675145,-0.17594223648648,0.0643844164752632,0.051322941397663,0.1,0.15,0.058941139767492,0.014694562471319,0.1,0.127935980037434,-0.064205756210566,0.046791105366909,0.0826337473418538,0.132967392353421,0.136966753434236,0.078723150501176,0.1,0.021331086199354,0.088995709240492,0.036859910472091,-0.128416456302984
GCA_003586065,0.0291261620340357,0.1,-0.014915701231731,-0.199092640086169,-0.268326634971429,-0.346719360144325,-0.18334062978776,-0.301017692158654,-0.077204313055293,0.0444784365525314,0.05,0.05,-0.087953030164087,-0.371285401579184,-0.198058975017012,0.050447976192679,-0.198611851462957,-0.189273054554738,-0.341470062041652,-0.004124620900334
GCA_002056065,-0.08730566555723,-0.08319781358283,-0.059359900445599,0.0550315928551902,-0.067784522405841,-0.062221779623167,0.00821597139008851,0.00632782977650401,-0.202813409446132,0.1,-0.000910708743332989,0.05,-0.163388724454439,0.05,0.0271950462847913,-0.121907481912172,0.0138655741751564,0.0086936947932377,0.05,0.05
GCA_002903105,0.2,0.05,0.1,0.1,0.1,0.25,0.1,0.2,0.1,0.1,0.15,0.1,0.05,0.15,0.05,0.1,0.2,0.05,0.15,0.2
