C11_WGSerr_r1,C11_WGSerr_r0,C13_WGSerr_r1,C1_WGSerr_r1,C2_WGSerr_r0,C9_WGSerr_r2,C14_WGSerr_r1,C11_WGSerr_r2,C20_WGSerr_r0,C6_WGSerr_r2,C12_WGSerr_r2,C19_WGSerr_r2,C17_WGSerr_r0,C15_WGSerr_r0,C12_WGSerr_r0,C12_WGSerr_r1,C7_WGSerr_r1,C3_WGSerr_r2,C9_WGSerr_r0,C10_WGSerr_r0,C13_WGSerr_r0,C17_WGSerr_r1,C20_WGSerr_r1,C1_WGSerr_r2,C10_WGSerr_r2,C5_WGSerr_r0,C19_WGSerr_r1,C2_WGSerr_r2,C16_WGSerr_r2,C8_WGSerr_r0,C14_WGSerr_r0,C19_WGSerr_r0,C3_WGSerr_r0,C13_WGSerr_r2,C15_WGSerr_r1,C14_WGSerr_r2,C7_WGSerr_r0,C9_WGSerr_r1,C8_WGSerr_r1,C5_WGSerr_r2,C4_WGSerr_r1,C17_WGSerr_r2,C18_WGSerr_r1,C4_WGSerr_r2,C6_WGSerr_r0,C3_WGSerr_r1,C16_WGSerr_r0,C10_WGSerr_r1,C4_WGSerr_r0,C16_WGSerr_r1,C20_WGSerr_r2,C15_WGSerr_r2,C1_WGSerr_r0,C8_WGSerr_r2,C18_WGSerr_r2,C7_WGSerr_r2,C6_WGSerr_r1,C2_WGSerr_r1,C18_WGSerr_r0,C5_WGSerr_r1
sorted_JSD,0.0423624175235976,0.0376932739680198,0.0333948831422051,0.0748543350151758,0.0741257058988539,0.0552004986362835,0.0477001087372892,0.0517699000047722,0.0329633153747232,0.0635921060422221,0.0704391538071417,0.0574933393375226,0.0140070570385446,0.0252188890893816,0.0784230256633171,0.0732119780256154,0.064378570864462,0.0378320923193729,0.0527157481144861,0.0340345196672133,0.0358832139465365,0.016788247925755,0.0442008584399632,0.0680299613211788,0.0153122567643484,0.0513625987371184,0.0520701036874588,0.0752540168742086,0.0500072085021244,0.0396194116028234,0.0343765578142786,0.0448297883750809,0.0491865383765666,0.0325000692906049,0.0228067401923506,0.0442921201361423,0.0678344383982261,0.0595631244891423,0.0317990893485443,0.0403561129730549,0.04273201317418,0.00732516494154536,0.0315979470464966,0.0453260533930638,0.0740426110774425,0.031050721767566,0.0519703651318826,0.0240719815894846,0.0475023353934856,0.0511630521706876,0.0347775950440852,0.0218172041128357,0.0658132857069344,0.0405650192712329,0.0351464264915665,0.0652461508117301,0.0642155500992252,0.0680382927681419,0.0291931189914109,0.0513214729042063
