C10_WGSerr_r0,C11_WGSerr_r0,C12_WGSerr_r0,C13_WGSerr_r0,C14_WGSerr_r0,C15_WGSerr_r0,C16_WGSerr_r0,C17_WGSerr_r0,C18_WGSerr_r0,C19_WGSerr_r0,C1_WGSerr_r0,C20_WGSerr_r0,C2_WGSerr_r0,C3_WGSerr_r0,C4_WGSerr_r0,C5_WGSerr_r0,C6_WGSerr_r0,C7_WGSerr_r0,C8_WGSerr_r0,C9_WGSerr_r0
sorted_JSD,0.0372938186162517,0.0368060443146369,0.144198099079361,0.0589715290062693,0.0572010807173455,0.0969958578703358,0.0676565146846109,0.0887813615427636,0.133071170763081,0.0748817616223544,0.0728969978765443,0.0823917404903844,0.166645625927959,0.128258191609855,0.0981191732163638,0.0752669246696229,0.0622739593196738,0.068105981272574,0.16389659003356,0.178537321647968
