C10_WGSerr_r0,C11_WGSerr_r0,C12_WGSerr_r0,C13_WGSerr_r0,C14_WGSerr_r0,C15_WGSerr_r0,C16_WGSerr_r0,C17_WGSerr_r0,C18_WGSerr_r0,C19_WGSerr_r0,C1_WGSerr_r0,C20_WGSerr_r0,C2_WGSerr_r0,C3_WGSerr_r0,C4_WGSerr_r0,C5_WGSerr_r0,C6_WGSerr_r0,C7_WGSerr_r0,C8_WGSerr_r0,C9_WGSerr_r0
GCA_003586065,-0.073929107452517,0.107271381041732,0.1,-0.244886844904168,-0.128790272096396,-0.18988039148094,-0.040028526188395,0.0942635723444239,0.124073839068695,0.05,0.07650955151689,0.053589984380466,0.15,0.042248659962227,-0.236613601315591,-0.047291055423323,-0.1817107630446,-0.274800370651919,0.1,0.15
GCA_008275005,0.150102274375411,-0.325739318590299,-0.289761857021041,0.0298794385773351,-0.223300466447358,-0.060119608519059,0.087784280338653,-0.02658442141661,-0.114456409461237,-0.9,0.13919944605775,-0.248568006066627,0.091692598608956,-0.430936595443217,-0.113386398684409,-0.096290074373526,-0.017837373145412,-0.033664876204101,-0.4,0.1888597302437
GCA_001675145,-0.126173166922894,-0.281532062451432,-0.110238142978959,0.065007406326833,0.00209073854375399,0.1,-0.197755754150258,-0.267679150927814,-0.309617429607457,0.05,-0.31570899757464,0.15,-0.441692598608956,0.03868793548099,0.1,-0.056418870203151,0.049548136190012,0.10846524685602,0.1,-0.485333150950239
GCA_002056065,0.05,0.5,0.3,0.15,0.35,0.15,0.15,0.2,0.3,0.8,0.1,0.05,0.2,0.35,0.25,0.2,0.15,0.2,0.2,0.15
