C10_WGSerr_r0,C11_WGSerr_r0,C12_WGSerr_r0,C13_WGSerr_r0,C14_WGSerr_r0,C15_WGSerr_r0,C16_WGSerr_r0,C17_WGSerr_r0,C18_WGSerr_r0,C19_WGSerr_r0,C1_WGSerr_r0,C20_WGSerr_r0,C2_WGSerr_r0,C3_WGSerr_r0,C4_WGSerr_r0,C5_WGSerr_r0,C6_WGSerr_r0,C7_WGSerr_r0,C8_WGSerr_r0,C9_WGSerr_r0
UnW_D,0.0769907701942391,0.0769907701942391,0.250384640623952,0.0769907701942391,0.0769907701942391,0.531426911583331,0.0769907701942391,0.0769907701942391,0.0769907701942391,0.770962370619956,0.0769907701942391,0.531426911583331,0.250384640623952,0.0769907701942391,0.531426911583331,0.0769907701942391,0.0769907701942391,0.0769907701942391,0.770962370619956,0.250384640623952
Weight_D,0.0468715575879401,0.101169592052636,0.0563608155984331,0.0407925240123022,0.0404999499805076,0.0420567046548366,0.0567207283977129,0.0668520815669927,0.085985218633047,0.106083335863825,0.0819186510557675,0.0573458730832384,0.109907859801299,0.0548323049241105,0.0537948371455965,0.0298051778682248,0.0312560797446385,0.0515051805658825,0.067044501502576,0.125544122973336
Bray_D,0.200102274375411,0.607271381041731,0.4,0.244886844904168,0.352090738543754,0.25,0.237784280338653,0.294263572344424,0.424073839068694,0.9,0.31570899757464,0.251711038912934,0.441692598608956,0.430936595443217,0.35,0.2,0.199548136190012,0.30846524685602,0.4,0.487956849858376
JC_D,0.25,0.25,0.5,0.25,0.25,0.5,0.25,0.25,0.25,0.75,0.25,0.5,0.5,0.25,0.5,0.25,0.25,0.25,0.75,0.5
JSD,0.0373686432718962,0.282510002867317,0.165156885030526,0.0688734475189527,0.150930944451592,0.0969958578703358,0.0711661855862956,0.101754259256845,0.160406650814966,0.525597327017864,0.0728969978765443,0.0823917404903844,0.166645625927959,0.166584595207179,0.140564905348777,0.0752669246696229,0.0622739593196738,0.100661071439927,0.16389659003356,0.178537321647968
