C1_WGSerr_r0,C2_WGSerr_r0,C3_WGSerr_r0,C4_WGSerr_r0,C5_WGSerr_r0,C6_WGSerr_r0,C7_WGSerr_r0,C8_WGSerr_r0,C9_WGSerr_r0,C10_WGSerr_r0,C11_WGSerr_r0,C12_WGSerr_r0,C13_WGSerr_r0,C14_WGSerr_r0,C15_WGSerr_r0,C16_WGSerr_r0,C17_WGSerr_r0,C18_WGSerr_r0,C19_WGSerr_r0,C20_WGSerr_r0,C1_WGSerr_r1,C2_WGSerr_r1,C3_WGSerr_r1,C4_WGSerr_r1,C5_WGSerr_r1,C6_WGSerr_r1,C7_WGSerr_r1,C8_WGSerr_r1,C9_WGSerr_r1,C10_WGSerr_r1,C11_WGSerr_r1,C12_WGSerr_r1,C13_WGSerr_r1,C14_WGSerr_r1,C15_WGSerr_r1,C16_WGSerr_r1,C17_WGSerr_r1,C18_WGSerr_r1,C19_WGSerr_r1,C20_WGSerr_r1,C1_WGSerr_r2,C2_WGSerr_r2,C3_WGSerr_r2,C4_WGSerr_r2,C5_WGSerr_r2,C6_WGSerr_r2,C7_WGSerr_r2,C8_WGSerr_r2,C9_WGSerr_r2,C10_WGSerr_r2,C11_WGSerr_r2,C12_WGSerr_r2,C13_WGSerr_r2,C14_WGSerr_r2,C15_WGSerr_r2,C16_WGSerr_r2,C17_WGSerr_r2,C18_WGSerr_r2,C19_WGSerr_r2,C20_WGSerr_r2
Rank1,-0.31570899757464,-0.441692598608956,-0.430936595443217,-0.236613601315591,-0.096290074373526,-0.1817107630446,-0.274800370651919,-0.4,-0.485333150950239,-0.076173166922894,-0.081532062451432,-0.289761857021041,-0.244886844904168,-0.128790272096396,-0.18988039148094,-0.147755754150258,-0.217679150927814,-0.309617429607457,-0.2,-0.248568006066627,0,0,0,0,0,0,0,0,0,0,0,0,0,0,0,0,0,0,0,0,0,0,0,0,0,0,0,0,0,0,0,0,0,0,0,0,0,0,0,0
Rank2,0.13919944605775,0.091692598608956,0.23868793548099,-0.013386398684409,-0.047291055423323,-0.017837373145412,0.066335123795899,0.2,0.1888597302437,-0.123929107452517,-0.075739318590299,-0.060238142978959,0.065007406326833,-0.023300466447358,-0.060119608519059,-0.090028526188395,-0.07658442141661,-0.064456409461237,0.1,0.053589984380466,0,0,0,0,0,0,0,0,0,0,0,0,0,0,0,0,0,0,0,0,0,0,0,0,0,0,0,0,0,0,0,0,0,0,0,0,0,0,0,0
Rank3,0.07650955151689,0.2,0.042248659962227,0.15,-0.056418870203151,0.049548136190012,0.10846524685602,0.1,0.15,0.150102274375411,0.107271381041732,0.25,0.129879438577335,0.00209073854375399,0.15,0.087784280338653,0.144263572344424,0.224073839068695,0.05,0.15,0,0,0,0,0,0,0,0,0,0,0,0,0,0,0,0,0,0,0,0,0,0,0,0,0,0,0,0,0,0,0,0,0,0,0,0,0,0,0,0
Rank4,0.1,0.15,0.15,0.1,0.2,0.15,0.1,0.1,0.15,0.05,0.05,0.1,0.05,0.15,0.1,0.15,0.15,0.15,0.05,0.05,0,0,0,0,0,0,0,0,0,0,0,0,0,0,0,0,0,0,0,0,0,0,0,0,0,0,0,0,0,0,0,0,0,0,0,0,0,0,0,0
