C1_WGSerr_r0,C18_WGSerr_r0,C19_WGSerr_r0,C2_WGSerr_r0,C20_WGSerr_r0,C3_WGSerr_r0,C4_WGSerr_r0,C5_WGSerr_r0,C6_WGSerr_r0,C7_WGSerr_r0,C8_WGSerr_r0,C10_WGSerr_r0,C9_WGSerr_r0,C11_WGSerr_r0,C12_WGSerr_r0,C13_WGSerr_r0,C14_WGSerr_r0,C15_WGSerr_r0,C16_WGSerr_r0,C17_WGSerr_r0
sorted_JSD,0.0344193414012929,0.0769398844417488,0.0773705742655946,0.0519119282466037,0.0834787263390057,0.106372534481839,0.0602333505105953,0.0635052595430916,0.0465288584598849,0.0318939781790331,0.111826655605336,0.0420561907837515,0.0271970405471156,0.0411460621718332,0.0938686336791427,0.0137418756059079,0.0610939389124067,0.0814668289093339,0.043288919245175,0.073925092055444
