C1_WGSerr_r0,C18_WGSerr_r0,C19_WGSerr_r0,C2_WGSerr_r0,C20_WGSerr_r0,C3_WGSerr_r0,C4_WGSerr_r0,C5_WGSerr_r0,C6_WGSerr_r0,C7_WGSerr_r0,C8_WGSerr_r0,C10_WGSerr_r0,C9_WGSerr_r0,C11_WGSerr_r0,C12_WGSerr_r0,C13_WGSerr_r0,C14_WGSerr_r0,C15_WGSerr_r0,C16_WGSerr_r0,C17_WGSerr_r0
Rank1,-0.00330700000000006,-0.03256,-0.0189879999999999,0.01236,0.132688,-0.024693,-0.00398699999999996,-0.020711,-0.029343,-0.0123599999999999,0.15572,-0.041141,0.00879999999999997,-0.00762099999999999,0.012143,-0.00640500000000011,-0.0135150000000001,-0.034729,-0.023434,0.061083
Rank2,0.119039,0.010234,0.058589,0.033253,-0.027651,0.131552,-0.00489200000000001,0.071874,0.086816,0.00664200000000001,-0.031814,0.014178,0.081376,0.031913,0.060232,0.018246,-0.00765700000000002,0.127045,0.017117,0.068081
Rank3,-0.024628,0.092771,0.012899,0.03729,-0.00354500000000002,-0.012559,0.058113,0.012248,0.010362,0.015723,-0.012774,0.114592,-0.018306,0.00687099999999999,0.04324,0.00558400000000001,0.020242,-0.00415199999999999,0.051777,-0.00600699999999998
Rank4,-0.012452,0.011296,0.020063,0.001642,0.00919,0.00815000000000002,0.031574,0.029969,0.01194,0.055704,0.000165000000000012,0.006533,-0.008876,0.024704,-0.001466,0.036724,0.098683,0.008802,0.043661,-0.018699
