C1_WGSerr_r0,C2_WGSerr_r0,C3_WGSerr_r0,C4_WGSerr_r0,C5_WGSerr_r0,C6_WGSerr_r0,C7_WGSerr_r0,C8_WGSerr_r0,C9_WGSerr_r0,C10_WGSerr_r0,C11_WGSerr_r0,C12_WGSerr_r0,C13_WGSerr_r0,C14_WGSerr_r0,C15_WGSerr_r0,C16_WGSerr_r0,C17_WGSerr_r0,C18_WGSerr_r0,C19_WGSerr_r0,C20_WGSerr_r0
sorted_JSD,0.0983297058049415,0.07488872143845,0.166692532374494,0.0770576700558661,0.0809244136558788,0.047963034162005,0.100414908603682,0.0781950405220651,0.0757519697726452,0.100124482256436,0.117689677623177,0.0841152284509761,0.111262097570326,0.0572707960206393,0.0382152918919832,0.12256688977312,0.141642882930815,0.106453406293085,0.0577490768402243,0.0749301611613866
