C1_WGSerr_r0,C18_WGSerr_r0,C19_WGSerr_r0,C2_WGSerr_r0,C20_WGSerr_r0,C3_WGSerr_r0,C4_WGSerr_r0,C5_WGSerr_r0,C6_WGSerr_r0,C7_WGSerr_r0,C8_WGSerr_r0,C10_WGSerr_r0,C9_WGSerr_r0,C11_WGSerr_r0,C12_WGSerr_r0,C13_WGSerr_r0,C14_WGSerr_r0,C15_WGSerr_r0,C16_WGSerr_r0,C17_WGSerr_r0
Rank1,0.036055,-0.021442,0.135105,-0.00279399999999999,0.021764,0.039527,-0.058058,-0.052241,0.011782,0.052906,-0.013592,0.013101,0.026166,-0.021229,-0.030414,-0.00746599999999997,-0.048017,0.083043,-0.012896,0.024418
Rank2,0.022928,-0.036993,-0.078867,-0.016615,-0.00590300000000002,0.021954,0.086148,0.00109700000000001,-0.00428500000000001,-0.00583400000000001,0.00136500000000001,0.032155,0.032541,0.060436,0.00143099999999999,0.010368,0.00589199999999998,-0.00989500000000001,-0.03586,-0.020756
Rank3,-0.017071,-0.00595400000000001,-0.019461,-0.00731000000000001,-0.00478600000000001,0.029046,0.000247000000000011,0.034795,-0.002604,0.024787,-0.024099,-0.01132,-0.00168000000000001,-0.021351,0.004271,0.025952,0.030494,0.021036,0.00237899999999999,0.03024
Rank4,-0.012678,0.049829,0.029689,0.049012,0.00395599999999999,-0.019674,0.0215,-0.00456699999999999,-0.00623499999999999,-0.019989,0.039364,0.021619,0.021967,-0.01257,0.036892,0.0302,-0.012246,-0.027766,0.034064,-0.017242
Rank5,-0.00204699999999999,0.00813700000000001,-0.009137,0.010064,-0.020889,-0.010629,-0.00489299999999999,-7.29999999999897e-05,0.018625,-0.011277,0.018462,-0.00446099999999999,-0.00795399999999999,0.00392000000000001,0.002792,-0.010412,0.00392500000000001,-0.023242,0.038202,0.006027
Rank6,0.014374,-0.00817,-0.008115,0.014969,0.00458700000000001,-0.00996,0.00107600000000001,0.00332300000000001,0.046354,0.032604,0.002617,0.011164,-0.018325,0.020547,0.020543,-0.00490599999999999,0.010795,-0.014279,0.010672,0.010066
Rank7,0.026925,0.014797,-0.002823,0.031928,0.048201,0.000935000000000005,0.001176,0.01015,-0.00307299999999999,-0.008264,0.003382,-0.00369699999999999,-0.008887,0.038025,0.042064,-0.007375,0.02532,-0.011893,0.00152600000000001,0.00147600000000001
Rank8,0.001171,0.05,0.00237,-0.00772,0.020763,0.01669,0.022443,0.05,0.013929,-0.007709,0.02812,-0.002238,0.00342800000000001,-0.002597,0.00204,0.017216,0.034103,0.030915,0.01941,0.034458
