C1_WGSerr_r0,C18_WGSerr_r0,C19_WGSerr_r0,C2_WGSerr_r0,C20_WGSerr_r0,C3_WGSerr_r0,C4_WGSerr_r0,C5_WGSerr_r0,C6_WGSerr_r0,C7_WGSerr_r0,C8_WGSerr_r0,C10_WGSerr_r0,C9_WGSerr_r0,C11_WGSerr_r0,C12_WGSerr_r0,C13_WGSerr_r0,C14_WGSerr_r0,C15_WGSerr_r0,C16_WGSerr_r0,C17_WGSerr_r0
UnW_D,0.0195539931972103,0.123659998180383,0,0,0,0,0.0468902203329198,0.123659998180383,0.0683690700212774,0,0,0.0210544029700165,0,0.0509619818312895,0.0509619818312895,0.0311873788971782,0.0856130342676322,0,0.0210544029700165,0.0311873788971782
Weight_D,0.01065575106504,0.0177326265375016,0.0169571007935896,0.0130409778102825,0.01399896746187,0.0170188184313331,0.0151907084390465,0.0122297692198539,0.0100050497357178,0.0114968772182933,0.0148339063122242,0.016093585366596,0.0149356590917383,0.0145277356431165,0.0107713822581623,0.0117135551326748,0.0107121745666519,0.0172816097123714,0.013245349604628,0.0156179112748737
Bray_D,0.0932599414710148,0.100351011080134,0.158852400961645,0.0738348511200094,0.0919879708555628,0.109346202159193,0.118505480568524,0.095353499026317,0.0614586819024957,0.0840910120363851,0.0783143838578961,0.100774519367078,0.102509084652161,0.105379116754251,0.106922261734224,0.0787352885563749,0.1039044300402,0.122222899562057,0.0970617488836755,0.106185193644836
JC_D,0.111111111111111,0.125,0,0,0,0,0.2,0.125,0.111111111111111,0,0,0.111111111111111,0,0.2,0.2,0.111111111111111,0.222222222222222,0,0.111111111111111,0.111111111111111
JSD,0.0122482643998977,0.0233592169597025,0.014513124144477,0.00558548682918487,0.00756813268451546,0.00794914263572729,0.0204392353937441,0.0224722591368046,0.0083693480241428,0.00406552592697027,0.0085482291353302,0.00997268790644879,0.00800245294893364,0.0155291065184988,0.0271583666428904,0.00784445773372175,0.0265397857609184,0.0111733963098035,0.011164452259998,0.0145774858330473
