C1_WGSerr_r0,C18_WGSerr_r0,C19_WGSerr_r0,C2_WGSerr_r0,C20_WGSerr_r0,C3_WGSerr_r0,C4_WGSerr_r0,C5_WGSerr_r0,C6_WGSerr_r0,C7_WGSerr_r0,C8_WGSerr_r0,C10_WGSerr_r0,C9_WGSerr_r0,C11_WGSerr_r0,C12_WGSerr_r0,C13_WGSerr_r0,C14_WGSerr_r0,C15_WGSerr_r0,C16_WGSerr_r0,C17_WGSerr_r0
sorted_JSD,0.0558683603098173,0.0329068945149565,0.0550862064929621,0.0670036728583726,0.0409588399104239,0.0297788631457758,0.0600025577860115,0.0304456683495517,0.0769837032248614,0.0667785940746558,0.0276869949838777,0.0328962922463742,0.0644464039039976,0.0423908789899841,0.0682460397761824,0.0418015551848093,0.0401495525074103,0.025996826801679,0.0546661247894778,0.02473835182767
