C10_WGSerr_r0,C11_WGSerr_r0,C12_WGSerr_r0,C13_WGSerr_r0,C14_WGSerr_r0,C15_WGSerr_r0,C16_WGSerr_r0,C17_WGSerr_r0,C18_WGSerr_r0,C19_WGSerr_r0,C1_WGSerr_r0,C20_WGSerr_r0,C2_WGSerr_r0,C3_WGSerr_r0,C4_WGSerr_r0,C5_WGSerr_r0,C6_WGSerr_r0,C7_WGSerr_r0,C8_WGSerr_r0,C9_WGSerr_r0
GCA_008275005,0.00217520594426801,0.05,0.015083831673665,0.05,0.0743454276356287,0.009807925545258,0.041101351784376,0.015870875515969,0.048953141597061,-0.012386414257485,-0.025165782012718,-0.14628586427473,0.041031367840854,0.00805313258784796,0.0799737128247513,0.034702909995207,0.034995185785889,0.0755509289411662,-0.088503154809021,0.034329623210489
GCA_001675145,-0.030986483808372,-0.090027346420973,-0.043079693242114,0.049505284944722,0.047759165297814,0.1,-0.041778214977626,-0.074524346657839,-0.080726180899215,0.05,-0.089037575943305,0.0812953249812301,-0.142122038774321,0.04131274295061,0.1,0.024449548042908,0.070720124670744,0.0660489223238267,0.1,-0.174870877245802
GCA_003586065,-0.021188722135897,0.0757492687894785,0.1,-0.14307768975937,-0.078629411858407,-0.116697816684476,-0.027655483109164,0.0890730902473342,0.0833508091035729,0.05,0.070064402788187,0.014990539293499,0.117639297299751,0.040627292823821,-0.154876368383385,-0.032012196937495,-0.126656390126053,-0.151696913597727,0.0702028659627255,0.13160686539967
GCA_002056065,0.05,-0.035721922368505,-0.072004138431552,0.043572404814648,-0.043475181075036,0.00688989113921801,0.028332346302414,-0.030419619105463,-0.051577769801419,-0.087613585742515,0.0441389551678356,0.05,-0.016548626366284,-0.089993168362279,-0.025097344441366,-0.027140261100621,0.02094107966942,0.010097062332734,-0.081699711153705,0.008934388635643
