C1_WGSerr_r0,C18_WGSerr_r0,C19_WGSerr_r0,C2_WGSerr_r0,C20_WGSerr_r0,C3_WGSerr_r0,C4_WGSerr_r0,C5_WGSerr_r0,C6_WGSerr_r0,C7_WGSerr_r0,C8_WGSerr_r0,C10_WGSerr_r0,C9_WGSerr_r0,C11_WGSerr_r0,C12_WGSerr_r0,C13_WGSerr_r0,C14_WGSerr_r0,C15_WGSerr_r0,C16_WGSerr_r0,C17_WGSerr_r0
bench_rank1,0.95,0.9,0.95,0.9,1,0.85,0.8,0.75,0.7,0.65,0.6,0.5,0.55,0.55,0.6,0.65,0.7,0.75,0.8,0.85
bench_rank2,0.05,0.1,0.05,0.1,0,0.15,0.2,0.25,0.3,0.35,0.4,0.5,0.45,0.45,0.4,0.35,0.3,0.25,0.2,0.15
bench_rank3,0,0,0,0,0,0,0,0,0,0,0,0,0,0,0,0,0,0,0,0
predict_rank1,0.92177,0.884985,0.941667,0.869269,0.998842,0.822844,0.789072,0.74254,0.698431,0.652157,0.600739,0.508508,0.547813,0.512627,0.558211,0.616062,0.665059,0.728254,0.773454,0.837154
predict_rank2,0.033826,0.104872,0.05255,0.079191,0,0.128707,0.177705,0.221503,0.265715,0.31757,0.363761,0.460853,0.417066,0.452505,0.41639,0.365468,0.312813,0.262656,0.214251,0.15121
predict_rank3,0.044404,0.010143,0.00578299999999998,0.05154,0.00115799999999999,0.048449,0.033223,0.035957,0.0358540000000001,0.030273,0.0355,0.0306390000000001,0.035121,0.0348679999999999,0.0253989999999999,0.01847,0.022128,0.00909000000000004,0.0122950000000001,0.011636
