C1_WGSerr_r0,C18_WGSerr_r0,C19_WGSerr_r0,C2_WGSerr_r0,C20_WGSerr_r0,C3_WGSerr_r0,C4_WGSerr_r0,C5_WGSerr_r0,C6_WGSerr_r0,C7_WGSerr_r0,C8_WGSerr_r0,C10_WGSerr_r0,C9_WGSerr_r0,C11_WGSerr_r0,C12_WGSerr_r0,C13_WGSerr_r0,C14_WGSerr_r0,C15_WGSerr_r0,C16_WGSerr_r0,C17_WGSerr_r0
Rank1,0.02823,0.015015,0.00833299999999992,0.0307310000000001,0.00115799999999999,0.027156,0.010928,0.00746000000000002,0.00156899999999993,-0.00215699999999996,-0.000739000000000045,-0.00850799999999996,0.00218700000000005,0.037373,0.041789,0.033938,0.034941,0.021746,0.0265460000000001,0.012846
Rank2,0.016174,-0.00487199999999999,-0.00255,0.020809,0,0.021293,0.022295,0.028497,0.034285,0.03243,0.036239,0.039147,0.032934,-0.00250499999999998,-0.01639,-0.015468,-0.012813,-0.012656,-0.014251,-0.00121000000000002
