C1_WGSerr_r0,C18_WGSerr_r0,C19_WGSerr_r0,C2_WGSerr_r0,C20_WGSerr_r0,C3_WGSerr_r0,C4_WGSerr_r0,C5_WGSerr_r0,C6_WGSerr_r0,C7_WGSerr_r0,C8_WGSerr_r0,C10_WGSerr_r0,C9_WGSerr_r0,C11_WGSerr_r0,C12_WGSerr_r0,C13_WGSerr_r0,C14_WGSerr_r0,C15_WGSerr_r0,C16_WGSerr_r0,C17_WGSerr_r0
sorted_JSD,0.102640330596988,0.00771230213798481,0.00600600146532693,0.0973776977333584,0,0.105316491732046,0.107069488680664,0.101478274508218,0.0868124127343317,0.0917190709437822,0.0752232064740267,0.0731621042674554,0.0686781203643053,0.0535944721129361,0.0490962981010199,0.0394354571920564,0.0312669946123105,0.0286378006985885,0.0208240943878946,0.0137428930888548
