C10_WGSerr_r0,C11_WGSerr_r0,C12_WGSerr_r0,C13_WGSerr_r0,C14_WGSerr_r0,C15_WGSerr_r0,C16_WGSerr_r0,C17_WGSerr_r0,C18_WGSerr_r0,C19_WGSerr_r0,C1_WGSerr_r0,C20_WGSerr_r0,C2_WGSerr_r0,C3_WGSerr_r0,C4_WGSerr_r0,C5_WGSerr_r0,C6_WGSerr_r0,C7_WGSerr_r0,C8_WGSerr_r0,C9_WGSerr_r0
UnW_D,0.309785486372303,0.309785486372303,0.353752038526249,0.312080514905475,0.331999906613195,0.423832051329546,0.353752038526249,0.331999906613195,0.564070311629041,0.753218175662154,0.572834114802433,0.353752038526249,0.402250565229975,0.297006105771838,0.370190524637493,0.423832051329546,0.598014915647813,0.402250565229975,0.423832051329546,0.363706335808317
Weight_D,0.0569218786592502,0.0648809563416568,0.0836293192737858,0.0714095482066859,0.0930045732868341,0.0751407225887508,0.0686151276951944,0.0872932797816368,0.103914371171482,0.0570867243207975,0.0666980020063129,0.0996375268244362,0.068921436360489,0.0525315589215718,0.0644598648037597,0.0687702163470507,0.0881224211678068,0.0694775312384705,0.0586610337141682,0.0667717226760044
Bray_D,0.33007491228242,0.386840416938424,0.523255247078804,0.353587309085102,0.660422014699458,0.487664125725414,0.523593042001722,0.512085774985955,0.564711156016441,0.45,0.379051218760175,0.58824926658845,0.433887450750603,0.343928116053116,0.371248134513266,0.465069127091669,0.55,0.418792268621296,0.307771003666931,0.418613883186567
JC_D,0.5,0.5,0.555555555555556,0.5,0.555555555555556,0.555555555555556,0.555555555555556,0.555555555555556,0.777777777777778,0.777777777777778,0.555555555555556,0.555555555555556,0.555555555555556,0.444444444444444,0.625,0.555555555555556,0.777777777777778,0.555555555555556,0.555555555555556,0.5
JSD,0.130686094406304,0.149356102342037,0.329959821516585,0.154199752146076,0.396816429889985,0.237403667839707,0.257211821173908,0.263660882621325,0.288999213037524,0.2362082404637,0.185062129162251,0.303647821686935,0.231810063640694,0.163102880944924,0.148234242152721,0.314186708052779,0.275567345276325,0.18603889471031,0.112304500286044,0.160678221831691
