C10_WGSerr_r0,C11_WGSerr_r0,C12_WGSerr_r0,C13_WGSerr_r0,C14_WGSerr_r0,C15_WGSerr_r0,C16_WGSerr_r0,C17_WGSerr_r0,C18_WGSerr_r0,C19_WGSerr_r0,C1_WGSerr_r0,C20_WGSerr_r0,C2_WGSerr_r0,C3_WGSerr_r0,C4_WGSerr_r0,C5_WGSerr_r0,C6_WGSerr_r0,C7_WGSerr_r0,C8_WGSerr_r0,C9_WGSerr_r0
sorted_JSD,0.118676547843284,0.149356102342037,0.110652753846313,0.136413019845025,0.13637585961448,0.127784491120798,0.118453025808715,0.105890890902301,0.180158682162402,0.117948335453865,0.100961554567977,0.135519735098593,0.102335229191444,0.0848339845775373,0.148234242152721,0.0847437044263697,0.168970288016803,0.101412014387795,0.0875205060704394,0.131886978768226
