C10_WGSerr_r0,C11_WGSerr_r0,C12_WGSerr_r0,C13_WGSerr_r0,C14_WGSerr_r0,C15_WGSerr_r0,C16_WGSerr_r0,C17_WGSerr_r0,C18_WGSerr_r0,C19_WGSerr_r0,C1_WGSerr_r0,C20_WGSerr_r0,C2_WGSerr_r0,C3_WGSerr_r0,C4_WGSerr_r0,C5_WGSerr_r0,C6_WGSerr_r0,C7_WGSerr_r0,C8_WGSerr_r0,C9_WGSerr_r0
Rank1,-0.110931754775031,-0.203006141337676,-0.240184772294969,-0.319488273280882,-0.242110870258973,-0.174468591238851,-0.159341817614994,-0.319083961522855,-0.400179285882247,-0.230426130212919,-0.078958186065073,-0.21882211318452,-0.041860596486859,-0.121063178996639,-0.371248134513266,-0.206044840909831,-0.251429885363483,-0.31311441988622,-0.184169928030028,-0.214623425371986
Rank2,-0.089304679312941,-0.137768477299885,-0.021737659264373,-0.005776681967016,-0.168311144440485,-0.172479400879453,-0.1349386771687,0.058494102615781,-0.014531870134194,-0.045574119759365,-0.117203963657637,-0.097411479563953,-0.085924690370485,-0.089795131490852,0.00721719236601698,0.012630962293194,-0.140856528719321,0.036859779886522,-0.062775349643148,-0.118915162792325
Rank3,-0.079838478194448,-0.046065798300863,-0.007552969811948,0.00358730908510199,0.0583279795574061,0.00928386639289,-0.057777169967473,0.024547440952143,0.014711156016441,-0.023999750027716,-0.04989868583261,-0.054818803516084,-0.08285700937377,0.00381883239274,0.0640309421472487,-0.00184771165693101,-0.00771358591719601,0.043797565713811,-0.00528506398290002,-0.035075295022256
Rank4,-0.01992508771758,0.0368404169384241,0.023255247078804,0.021677646162797,0.0356231263584013,0.00981992192647141,0.028464622749445,0.00359167237017381,0.15,0.1,-0.032990383204855,0.032803129676106,-0.073245154519489,-0.019533527780712,0.1,-0.007176574524906,0.1,0.000524585551112705,0.013056067649831,0.118613883186567
Rank5,0.1,0.1,-0.003779845707514,0.1,0.0664709087836507,0.0778442037989427,0.123593042001722,0.0324507455847577,0.1,0.05,0.029051218760175,0.0882492665884502,0.033887450750603,-0.013536277784912,0.05,0.002438164798475,0.1,0.0319324887347732,0.0891742740062446,0.1
Rank6,0.1,0.1,0.1,0.1,0.1,0.1,0.1,0.1,0.05,0.05,0.1,0.1,0.1,0.040109283660376,0.05,0.1,0.1,0.1,0.05,0.05
Rank7,0.05,0.1,0.1,0.05,0.1,0.1,0.05,0.05,0.05,0.05,0.1,0.1,0.1,0.1,0.05,0.05,0.05,0.05,0.05,0.05
Rank8,0.05,0.05,0.05,0.05,0.05,0.05,0.05,0.05,0.05,0.05,0.05,0.05,0.05,0.1,0.05,0.05,0.05,0.05,0.05,0.05
