C1_WGSerr_r0,C10_WGSerr_r0,C11_WGSerr_r0,C12_WGSerr_r0,C13_WGSerr_r0,C14_WGSerr_r0,C15_WGSerr_r0,C16_WGSerr_r0,C17_WGSerr_r0,C18_WGSerr_r0,C19_WGSerr_r0,C2_WGSerr_r0,C20_WGSerr_r0,C3_WGSerr_r0,C4_WGSerr_r0,C5_WGSerr_r0,C6_WGSerr_r0,C7_WGSerr_r0,C8_WGSerr_r0,C9_WGSerr_r0
sorted_JSD,0.00305719542053717,0.010779523289536,0.0234626136512342,0.0371567205262317,0.0176822688729964,0.00610521816241263,0.0052102880525802,0.055889656618603,0.000856384929411856,0.0614531235470488,0.041851357308273,0.00281616728093157,0.0331434384344389,0.00554277445161766,0.0364809031224618,0.0120786283905857,0.00595218657395886,0.0370819630357985,0.00717495925700939,0.00618243029284933
