C10_WGSerr_r0,C11_WGSerr_r0,C12_WGSerr_r0,C13_WGSerr_r0,C14_WGSerr_r0,C15_WGSerr_r0,C16_WGSerr_r0,C17_WGSerr_r0,C18_WGSerr_r0,C19_WGSerr_r0,C1_WGSerr_r0,C20_WGSerr_r0,C2_WGSerr_r0,C3_WGSerr_r0,C4_WGSerr_r0,C5_WGSerr_r0,C6_WGSerr_r0,C7_WGSerr_r0,C8_WGSerr_r0,C9_WGSerr_r0
UnW_D,0,0,0,0,0,0,0,0,0,0,0.825085262750226,0,0,0,0,0,0,0,0,0
Weight_D,0.00431363489644988,0.00453274518655034,0.00368220575677046,0.00312128379835191,0.00269854304336001,0.0019933173707653,0.000216525403625165,0.000839733944969515,0.00320517313457442,0.00589103414529184,0.0119934180927571,0,0.0118382088892964,0.00953013217171897,0.00910923897720494,0.00746044488553436,0.00601433357363006,0.00650520279832702,0.00673361682527034,0.00503742428990375
Bray_D,0.01798334245954,0.018896803027686,0.015350943860592,0.013012486408011,0.01125009994019,0.00831004704142302,0.000902684297131015,0.00350081160547849,0.0133622171335379,0.024559446271824,0.05,0,0.049352940078215,0.039730676017516,0.037975991943056,0.031102246364778,0.02507347583114,0.027119886707925,0.028072134120534,0.021000786643742
JC_D,0,0,0,0,0,0,0,0,0,0,0.5,0,0,0,0,0,0,0,0,0
JSD,0.000161761347623321,0.00017973783036493,0.000121990506567974,9.22650595575952e-05,7.45518218278765e-05,4.55391281107063e-05,6.35518531855525e-07,1.21324991959599e-05,0.000263985603782329,0.00211406061323243,0.0176492274645948,0,0.00444698808210055,0.00174904241122699,0.00121788166268751,0.000674096906911674,0.000383755034485249,0.000411894630376158,0.000415713064988618,0.000223810807684538
