C1_WGSerr_r0,C2_WGSerr_r0,C3_WGSerr_r0,C4_WGSerr_r0,C5_WGSerr_r0,C6_WGSerr_r0,C7_WGSerr_r0,C8_WGSerr_r0,C9_WGSerr_r0,C10_WGSerr_r0,C11_WGSerr_r0,C12_WGSerr_r0,C13_WGSerr_r0,C14_WGSerr_r0,C15_WGSerr_r0,C16_WGSerr_r0,C17_WGSerr_r0,C18_WGSerr_r0,C19_WGSerr_r0,C20_WGSerr_r0
Rank1,0.018806,0.160712,0.037768,0.096955,-0.059614,-0.028868,-0.021202,0.085764,0.002475,0.132037,-0.131585,-0.134815,-0.033392,-0.01657,-0.022243,-0.095696,-0.029667,-0.062323,-0.078625,-0.00795400000000002
Rank2,-0.024089,-0.015185,0.00646100000000002,-0.039633,0.037983,-0.00695799999999996,-0.034572,0.019839,-0.039067,-0.010574,0.076072,0.119977,0.025913,0.04453,0.026034,0.060506,-0.048454,0.039313,0.034261,-0.063028
Rank3,0.050286,0.00244,-0.038724,-0.075894,0.01365,0.00520800000000002,0.087665,-0.00843099999999999,0.027928,-0.038253,0.050563,0.013591,0.037357,0.006491,0.078099,0.061275,-0.019152,0.102131,0.012169,0.08162
Rank4,-0.026926,-0.036475,-0.0025,0.004334,0.021139,0.061036,-0.00938699999999999,-0.00420300000000001,-0.028448,-0.010536,0.061596,0.048445,-0.040044,0.014947,-0.000757999999999995,-0.014309,0.104643,-0.036169,0.026919,0.005747
Rank5,-0.013262,-0.020805,0.000432999999999989,0.021201,0.00833100000000001,-0.017417,0.038883,-0.00433399999999999,0.039324,0.025353,0.033099,0.00793800000000001,0.020002,0.025265,-0.020226,0.014716,0.00474200000000001,0.00806900000000001,0.044602,-0.007145
Rank6,0.039005,0.015544,0.045921,0.051553,0.052467,0.028503,-0.00152799999999999,0.00824800000000001,0.068247,-0.010452,-0.008983,0.009619,0.031776,-0.003721,0.022128,0.052938,0.038086,0.02485,-0.000941999999999998,0.030819
