C1_WGSerr_r0,C2_WGSerr_r0,C3_WGSerr_r0,C4_WGSerr_r0,C5_WGSerr_r0,C6_WGSerr_r0,C7_WGSerr_r0,C8_WGSerr_r0,C9_WGSerr_r0,C10_WGSerr_r0,C11_WGSerr_r0,C12_WGSerr_r0,C13_WGSerr_r0,C14_WGSerr_r0,C15_WGSerr_r0,C16_WGSerr_r0,C17_WGSerr_r0,C18_WGSerr_r0,C19_WGSerr_r0,C20_WGSerr_r0
sorted_JSD,0.0234456106126157,0.0849867437656565,0.0481783747506472,0.0530702663497374,0.0491940419962733,0.0326338198599015,0.0369747308031154,0.0672031479905894,0.0344803222022348,0.0695856767090301,0.0418931475151693,0.0585180392077695,0.0263689215973379,0.0330148514074284,0.0323376659303158,0.0672718161680029,0.0305405654879221,0.036944476204002,0.00785903764518016,0.0133289561654999
