C1_WGSerr_r0,C18_WGSerr_r0,C19_WGSerr_r0,C2_WGSerr_r0,C20_WGSerr_r0,C3_WGSerr_r0,C4_WGSerr_r0,C5_WGSerr_r0,C6_WGSerr_r0,C7_WGSerr_r0,C8_WGSerr_r0,C10_WGSerr_r0,C9_WGSerr_r0,C11_WGSerr_r0,C12_WGSerr_r0,C13_WGSerr_r0,C14_WGSerr_r0,C15_WGSerr_r0,C16_WGSerr_r0,C17_WGSerr_r0
UnW_D,0,0.0857377117356757,0,0.10886641857613,0,0.0585606680381548,0,0.169325547190294,0.109690992848008,0.0903124230109252,0.0757022442649715,0.115711919242799,0.15695912321384,0.0903124230109252,0.0359492609225183,0.0359492609225183,0.0583703983265155,0.0585606680381548,0.0585606680381548,0.11777353586793
Weight_D,0.0185539536174548,0.0231314452208416,0.0229454022972858,0.0190220470317099,0.0279065095190441,0.0238412237684306,0.0302500692701999,0.0240226611083498,0.0203372446441552,0.01855198357159,0.0281906599705386,0.0230154604683755,0.0195090769220043,0.035126706606419,0.0348933741047946,0.0160308781104653,0.0256044012563529,0.0229669194014628,0.0287082254327853,0.0283558481741077
Bray_D,0.12538621190279,0.158347617642307,0.139262730320307,0.168389013432482,0.156646041896159,0.149339462400556,0.162965030873291,0.168439526169012,0.148575233240201,0.135954286086729,0.205277286353138,0.151664817410013,0.150361617159099,0.20257537013009,0.180875001345769,0.106561510582256,0.159861725056691,0.156209154343827,0.170046880143594,0.169385404261561
JC_D,0,0.333333333333333,0,0.4,0,0.25,0,0.333333333333333,0.285714285714286,0.25,0.333333333333333,0.333333333333333,0.444444444444444,0.25,0.142857142857143,0.142857142857143,0.142857142857143,0.25,0.25,0.285714285714286
JSD,0.016762453986181,0.0260862675504897,0.0144367782755831,0.0404812932371947,0.0193243176751766,0.0245135974297291,0.0158736932397968,0.0330494072300514,0.0374305847265956,0.0212817851369456,0.0390472384428919,0.0253843039405797,0.0602735939157323,0.0351398343767084,0.0242386697341948,0.0155839135170126,0.0191601551726965,0.0264300174121837,0.0290560562429798,0.0369034721511832
