C1_WGSerr_r0,C18_WGSerr_r0,C19_WGSerr_r0,C2_WGSerr_r0,C20_WGSerr_r0,C3_WGSerr_r0,C4_WGSerr_r0,C5_WGSerr_r0,C6_WGSerr_r0,C7_WGSerr_r0,C8_WGSerr_r0,C10_WGSerr_r0,C9_WGSerr_r0,C11_WGSerr_r0,C12_WGSerr_r0,C13_WGSerr_r0,C14_WGSerr_r0,C15_WGSerr_r0,C16_WGSerr_r0,C17_WGSerr_r0
UnW_D,0,0.0857377117356757,0,0.10886641857613,0,0.0585606680381548,0,0.169325547190294,0.109690992848008,0.0903124230109252,0.0757022442649715,0.115711919242799,0.15695912321384,0.0903124230109252,0.0359492609225183,0.0359492609225183,0.0583703983265155,0.0585606680381548,0.0585606680381548,0.11777353586793
Weight_D,0.0186070793098387,0.0231574944968202,0.0229345040714104,0.0189989749434016,0.0279223791538979,0.0237058541753143,0.0302594652834804,0.0240250324722333,0.0203233442807511,0.018549794273929,0.028158143710712,0.0229586726560416,0.0195150245115933,0.0351418773714855,0.0348790838076728,0.016029701786741,0.0255886014363481,0.0229981531194126,0.0287071349655137,0.0283475165706944
Bray_D,0.125555856229605,0.158630981372783,0.139225714284258,0.168562976303769,0.156664849824746,0.146704957433723,0.163232574901635,0.168451663815177,0.148502402075614,0.135999201756543,0.205002936007327,0.151703135342953,0.149733817590121,0.202632487281569,0.18088441628054,0.106494830886851,0.159813488151839,0.156432788981407,0.170082446684597,0.169534228138349
JC_D,0,0.333333333333333,0,0.4,0,0.25,0,0.333333333333333,0.285714285714286,0.25,0.333333333333333,0.333333333333333,0.444444444444444,0.25,0.142857142857143,0.142857142857143,0.142857142857143,0.25,0.25,0.285714285714286
JSD,0.0168734977183134,0.0261092888889393,0.0144205004563765,0.0404277969216497,0.0192772116049564,0.0234012083658458,0.0158999227585709,0.0329539077360756,0.0374327987988497,0.0212697082610697,0.0389718910861607,0.0254664887180031,0.0597914114725491,0.0351498052183092,0.024239418815351,0.0155592833066036,0.0191453820157544,0.0264336856763356,0.029076462460214,0.0369566551024278
