C1_WGSerr_r0,C2_WGSerr_r0,C3_WGSerr_r0,C4_WGSerr_r0,C5_WGSerr_r0,C6_WGSerr_r0,C7_WGSerr_r0,C8_WGSerr_r0,C9_WGSerr_r0,C10_WGSerr_r0,C11_WGSerr_r0,C12_WGSerr_r0,C13_WGSerr_r0,C14_WGSerr_r0,C15_WGSerr_r0,C16_WGSerr_r0,C17_WGSerr_r0,C18_WGSerr_r0,C19_WGSerr_r0,C20_WGSerr_r0
sorted_JSD,0.023378566328141,0.0850187582905541,0.0530976990695125,0.0529099560289216,0.0491785205864217,0.032545282239797,0.0370661515526939,0.0672196507149027,0.0392089957048155,0.0695442745481278,0.0419674233536069,0.0585198566362594,0.0263843661920394,0.0330554674492044,0.0322924891794589,0.0673312879490557,0.0306040680988016,0.0369624484866888,0.00785803482023207,0.01329819607957
