C1_WGSerr_r0,C2_WGSerr_r0,C3_WGSerr_r0,C4_WGSerr_r0,C5_WGSerr_r0,C6_WGSerr_r0,C7_WGSerr_r0,C8_WGSerr_r0,C9_WGSerr_r0,C10_WGSerr_r0,C11_WGSerr_r0,C12_WGSerr_r0,C13_WGSerr_r0,C14_WGSerr_r0,C15_WGSerr_r0,C16_WGSerr_r0,C17_WGSerr_r0,C18_WGSerr_r0,C19_WGSerr_r0,C20_WGSerr_r0
Rank1,0.019351,0.160943,0.03782,0.096919,-0.059822,-0.028271,-0.021349,0.085891,0.002915,0.132668,-0.13154,-0.135264,-0.033334,-0.016496,-0.022047,-0.09567,-0.029649,-0.062084,-0.078438,-0.00789700000000004
Rank2,-0.023657,-0.015272,0.007414,-0.039819,0.03783,-0.00639999999999996,-0.034595,0.019764,-0.038625,-0.00998299999999999,0.076103,0.119448,0.025882,0.044437,0.026196,0.060544,-0.048288,0.039718,0.034365,-0.062632
Rank3,0.050197,0.002723,-0.038508,-0.075824,0.013584,0.00575000000000001,0.087623,-0.00839700000000002,0.0292,-0.037955,0.050605,0.013667,0.037365,0.00654299999999999,0.078398,0.061297,-0.018932,0.1021,0.012208,0.081674
Rank4,-0.026696,-0.036357,-0.00224300000000002,0.00459999999999999,0.021215,0.061301,-0.009587,-0.00412400000000002,-0.027839,-0.010612,0.061646,0.048418,-0.040045,0.015028,-0.000980999999999996,-0.01424,0.104624,-0.036063,0.026918,0.005693
Rank5,-0.013315,-0.020787,-0.001605,0.021428,0.00815100000000001,-0.01736,0.038935,-0.00431899999999999,0.038086,0.0254,0.033145,0.008032,0.020005,0.025268,-0.020254,0.014739,0.00476,0.008227,0.044569,-0.006987
Rank6,0.039253,0.015519,0.047204,0.051717,0.0524,0.028547,-0.001612,0.008108,0.069252,-0.010526,-0.00894,0.009628,0.031839,-0.003745,0.022065,0.052947,0.037861,0.025105,-0.000990999999999999,0.030705
