C1_WGSerr_r0,C2_WGSerr_r0,C3_WGSerr_r0,C4_WGSerr_r0,C5_WGSerr_r0,C6_WGSerr_r0,C7_WGSerr_r0,C8_WGSerr_r0,C9_WGSerr_r0,C10_WGSerr_r0,C11_WGSerr_r0,C12_WGSerr_r0,C13_WGSerr_r0,C14_WGSerr_r0,C15_WGSerr_r0,C16_WGSerr_r0,C17_WGSerr_r0,C18_WGSerr_r0,C19_WGSerr_r0,C20_WGSerr_r0
sorted_JSD,0.0241100827286876,0.0860949060587642,0.0533846436798405,0.0543801097158334,0.0489001752053092,0.0331508193499226,0.0372888456093635,0.0706884659706672,0.0362043641064701,0.0735520416592315,0.0420221987351373,0.0565333322744006,0.0265126497958397,0.0338380341791082,0.0365000480409165,0.0704588801592,0.0314566369444551,0.0341907581843359,0.00776900100668869,0.0173414099482889
