C1_WGSerr_r0,C2_WGSerr_r0,C3_WGSerr_r0,C4_WGSerr_r0,C5_WGSerr_r0,C6_WGSerr_r0,C7_WGSerr_r0,C8_WGSerr_r0,C9_WGSerr_r0,C10_WGSerr_r0,C11_WGSerr_r0,C12_WGSerr_r0,C13_WGSerr_r0,C14_WGSerr_r0,C15_WGSerr_r0,C16_WGSerr_r0,C17_WGSerr_r0,C18_WGSerr_r0,C19_WGSerr_r0,C20_WGSerr_r0
Rank1,0.019205,0.164336,0.038913,0.099361,-0.056719,-0.026874,-0.018043,0.087795,0.00517799999999996,0.137882,-0.127291,-0.130295,-0.031891,-0.013737,-0.01987,-0.093736,-0.027842,-0.058696,-0.075033,-0.00538300000000003
Rank2,-0.02322,-0.010577,0.008435,-0.036671,0.039802,-0.00440099999999999,-0.034023,0.022374,-0.036479,-0.00900999999999999,0.075567,0.122617,0.028224,0.047591,0.02731,0.063762,-0.046947,0.041082,0.033331,-0.063517
Rank3,0.050281,0.00359999999999999,-0.039475,-0.073802,0.014187,0.006135,0.088477,-0.00790300000000002,0.029003,-0.036914,0.05301,0.011763,0.034757,0.00778599999999999,0.083996,0.062539,-0.01779,0.101987,0.013305,0.081801
Rank4,-0.025768,-0.035416,-0.00397400000000001,0.00594900000000001,0.021453,0.06303,-0.010042,-0.00268900000000002,-0.027584,-0.00909699999999999,0.061906,0.048355,-0.038906,0.014291,-0.000484999999999999,-0.013615,0.10563,-0.03536,0.026629,0.007107
Rank5,-0.010526,-0.020791,-0.000518000000000018,0.021325,0.00877,-0.01714,0.039195,-0.004201,0.039337,0.025643,0.033533,0.008368,0.019819,0.025932,-0.020058,0.013044,0.00563400000000001,0.00829099999999999,0.044915,-0.00671699999999999
Rank6,0.039387,0.014549,0.04749,0.051362,0.052414,0.028779,0.000443000000000006,0.00741900000000001,0.06947,-0.010634,-0.00917,0.009212,0.03102,-0.00316499999999999,0.022059,0.05361,0.038485,0.026145,-4.99999999999806e-06,0.028205
