C1_WGSerr_r0,C18_WGSerr_r0,C19_WGSerr_r0,C2_WGSerr_r0,C20_WGSerr_r0,C3_WGSerr_r0,C4_WGSerr_r0,C5_WGSerr_r0,C6_WGSerr_r0,C7_WGSerr_r0,C8_WGSerr_r0,C10_WGSerr_r0,C9_WGSerr_r0,C11_WGSerr_r0,C12_WGSerr_r0,C13_WGSerr_r0,C14_WGSerr_r0,C15_WGSerr_r0,C16_WGSerr_r0,C17_WGSerr_r0
UnW_D,0.0507280867713721,0.0857377117356757,0,0.10886641857613,0,0.0585606680381548,0,0.169325547190294,0.109690992848008,0.0903124230109252,0.125790943554336,0.115711919242799,0.15695912321384,0.0903124230109252,0.0359492609225183,0.0359492609225183,0.0583703983265155,0.0585606680381548,0.0585606680381548,0.11777353586793
Weight_D,0.0186962400318881,0.0229260264385719,0.0225375901260878,0.0190735272421618,0.0273584388352694,0.0233277039920193,0.0302413220969582,0.0239001924981043,0.0205921877956134,0.0184120652833639,0.0276721116090595,0.0231984162729922,0.0194671183765047,0.0350056225547056,0.0345615022759024,0.0156950043246484,0.0255123641854697,0.0234305319094116,0.0287843015748508,0.0284154524040454
Bray_D,0.130980644970441,0.158235753757131,0.136242895498805,0.168816604655253,0.1542473234673,0.143251538246913,0.163730882039415,0.166824155650083,0.148067312972097,0.13733354225351,0.208355929474483,0.154488087585675,0.150571539569942,0.203074798004565,0.179780864465582,0.10555156246909,0.160280435189426,0.159122934644329,0.170601465394582,0.169741047852874
JC_D,0.142857142857143,0.333333333333333,0,0.4,0,0.25,0,0.333333333333333,0.285714285714286,0.25,0.4,0.333333333333333,0.444444444444444,0.25,0.142857142857143,0.142857142857143,0.142857142857143,0.25,0.25,0.285714285714286
JSD,0.0208711660574756,0.0261278673589587,0.0141018582791648,0.0412340209700602,0.0186621297204404,0.0225188575482969,0.015777502114202,0.033147410458648,0.0375817567676682,0.0221890078457888,0.0422091439317578,0.0269417589593748,0.0599287510153033,0.0359145340950402,0.0240763726611783,0.01575300952009,0.0197922047254842,0.0271944606253269,0.0288917919346937,0.036866145011412
