C11_WGSerr_r1,C11_WGSerr_r0,C13_WGSerr_r1,C1_WGSerr_r1,C2_WGSerr_r0,C9_WGSerr_r2,C14_WGSerr_r1,C11_WGSerr_r2,C20_WGSerr_r0,C6_WGSerr_r2,C12_WGSerr_r2,C19_WGSerr_r2,C17_WGSerr_r0,C15_WGSerr_r0,C12_WGSerr_r0,C12_WGSerr_r1,C7_WGSerr_r1,C3_WGSerr_r2,C9_WGSerr_r0,C10_WGSerr_r0,C13_WGSerr_r0,C17_WGSerr_r1,C20_WGSerr_r1,C1_WGSerr_r2,C10_WGSerr_r2,C5_WGSerr_r0,C19_WGSerr_r1,C2_WGSerr_r2,C16_WGSerr_r2,C8_WGSerr_r0,C14_WGSerr_r0,C19_WGSerr_r0,C3_WGSerr_r0,C13_WGSerr_r2,C15_WGSerr_r1,C14_WGSerr_r2,C7_WGSerr_r0,C9_WGSerr_r1,C8_WGSerr_r1,C5_WGSerr_r2,C4_WGSerr_r1,C17_WGSerr_r2,C18_WGSerr_r1,C4_WGSerr_r2,C6_WGSerr_r0,C3_WGSerr_r1,C16_WGSerr_r0,C10_WGSerr_r1,C4_WGSerr_r0,C16_WGSerr_r1,C20_WGSerr_r2,C15_WGSerr_r2,C1_WGSerr_r0,C8_WGSerr_r2,C18_WGSerr_r2,C7_WGSerr_r2,C6_WGSerr_r1,C2_WGSerr_r1,C18_WGSerr_r0,C5_WGSerr_r1
sorted_JSD,0.0411487099056048,0.0471243305694457,0.016849578715196,0.0535426300832471,0.0477467005650706,0.0396169527130505,0.0614268828885545,0.0416317468465149,0.0773925790670951,0.0460169005684915,0.0957156779190162,0.0746974637227653,0.0603740805440588,0.0733754047888005,0.0838492208067239,0.0828080875156391,0.0413894862181003,0.10634746390871,0.0446932444202126,0.0409173621496547,0.0171336608667112,0.062464790378027,0.0856076536351205,0.0442020129236628,0.0341263880480774,0.0592357307924609,0.0757798315626862,0.0486552253698377,0.0363903694593601,0.0983368722844243,0.0618581909554807,0.077141960278131,0.0993668880262829,0.0113339953634422,0.070113998772492,0.0550671889290796,0.0416405056183163,0.0427566970175225,0.0969494831151835,0.0569141505056348,0.047416147323793,0.0586719179741647,0.0715347805453761,0.0597402911794737,0.049063140260252,0.0996692489699991,0.0308628691101369,0.0407410067417124,0.0564067147954273,0.0444397920421877,0.0863413064700084,0.0804537368998699,0.0398049759542253,0.100580096424809,0.0716632707059568,0.037448780757042,0.0509231705661758,0.0473233096154769,0.0704192275865448,0.0625119182211625
