C10_WGSerr_r0,C11_WGSerr_r0,C12_WGSerr_r0,C13_WGSerr_r0,C14_WGSerr_r0,C15_WGSerr_r0,C16_WGSerr_r0,C17_WGSerr_r0,C18_WGSerr_r0,C19_WGSerr_r0,C1_WGSerr_r0,C20_WGSerr_r0,C2_WGSerr_r0,C3_WGSerr_r0,C4_WGSerr_r0,C5_WGSerr_r0,C6_WGSerr_r0,C7_WGSerr_r0,C8_WGSerr_r0,C9_WGSerr_r0
GCA_900622695,0.0327025362132231,-0.292758669226332,-0.334803152680934,0.026267218832447,-0.069108005052622,0.05,-0.151535557839749,-0.116934278588443,0.0080839830660247,-0.00270826756194299,0.0382341728602209,-0.183701652205967,0.05,-0.07641655186264,-0.09594619642397,0.000485904083617109,0.05,0.05,-0.051353406386798,0.0345284744408323
GCA_001675145,-0.061259896872755,0.0610091506837076,0.1,0.074998845318811,0.109513196638329,0.028976020421168,0.1,-0.004264093197131,0.0367500237585,-0.015209550186204,-0.196080721972456,-0.138422592988178,0.0512288042634256,0.031290418624708,0.1,0.15,0.029890261042254,-0.034269476986366,0.1,0.088325283675544
GCA_008275005,-0.263390884410756,0.039516983075032,0.034803152680934,0.0270862929113117,0.007353808703363,-0.045734019755793,0.007906933020813,0.05,-0.018063309437884,0.0845443078813366,-0.00228043393578529,0.05,-0.230346308088995,-0.027009008597765,-0.02224298367548,0.039206931691562,0.05,-0.022831589259196,-0.028329601473847,0.0047099027156864
GCA_002056065,0.1,-0.00776746453240799,0.05,-0.089795756340682,0.05,0.1,-0.117308668185066,-0.043378790387024,0.1,0.05,-0.139873016951979,0.05,-0.02088249617443,-0.019338217760956,0.0323713529046726,-0.054201093116613,-0.334366814954999,0.0772706212020025,-0.199684276612979,-0.182509058307725
GCA_003586065,0.1,0.05,0.05,-0.088556600721888,-0.24775900028907,-0.183242000665375,0.0609372930040029,-0.085422837827403,-0.176770697386641,-0.26662649013319,0.1,0.022124245194145,0.1,-0.008526640403347,-0.114182172805223,-0.235491742658566,-0.045523446087255,-0.170169554956441,-0.020632715526376,-0.045054602524338
GCA_002903105,0.1,0.15,0.1,0.05,0.15,0.05,0.1,0.2,0.05,0.15,0.2,0.2,0.05,0.1,0.1,0.1,0.25,0.1,0.2,0.1
