C10_WGSerr_r0,C11_WGSerr_r0,C12_WGSerr_r0,C13_WGSerr_r0,C14_WGSerr_r0,C15_WGSerr_r0,C16_WGSerr_r0,C17_WGSerr_r0,C18_WGSerr_r0,C19_WGSerr_r0,C1_WGSerr_r0,C20_WGSerr_r0,C2_WGSerr_r0,C3_WGSerr_r0,C4_WGSerr_r0,C5_WGSerr_r0,C6_WGSerr_r0,C7_WGSerr_r0,C8_WGSerr_r0,C9_WGSerr_r0
UnW_D,0.268731683209791,0.208564971275047,0.533543004353536,0.073061208589275,0.133227920524019,0.278687168569344,0.33787252973302,0.225971769115252,0.133227920524019,0.133227920524019,0.208564971275047,0.31221614254543,0.354024219320371,0.073061208589275,0.33787252973302,0.33787252973302,0.371431017160577,0.2185204566346,0.33787252973302,0.073061208589275
Weight_D,0.0480430843887856,0.0566722391007348,0.0642810323718464,0.0289616037909496,0.0515354751357561,0.0346190017109991,0.0383241045624808,0.0386852812416397,0.0297160368905714,0.0436059970177457,0.0554802913567241,0.0690756296214678,0.0485666873959818,0.0201058608594391,0.0371950660704473,0.0524141335293704,0.0388548462952685,0.0327140505178136,0.0371447766748142,0.0348851722488896
Bray_D,0.330005219324129,0.30052613375874,0.334803152680934,0.17835235706257,0.316867005341692,0.228976020421168,0.268844226024816,0.25,0.194834006824525,0.284544307881337,0.338234172860221,0.322124245194145,0.251228804263425,0.131290418624708,0.232371352904673,0.289692835775179,0.379890261042254,0.227270621202003,0.3,0.227563660832063
JC_D,0.5,0.333333333333333,0.666666666666667,0.166666666666667,0.333333333333333,0.5,0.333333333333333,0.333333333333333,0.333333333333333,0.333333333333333,0.333333333333333,0.5,0.5,0.166666666666667,0.333333333333333,0.333333333333333,0.5,0.333333333333333,0.333333333333333,0.166666666666667
JSD,0.125879182016838,0.0963169451695252,0.132001741690829,0.0306377263793264,0.111487858119196,0.0830089214256118,0.0918551085001042,0.0990438554614792,0.0646362763998304,0.107549864540473,0.126243349297409,0.122893899052247,0.084047984581422,0.039925520112806,0.0833215514335674,0.106613562220019,0.157528366475728,0.0768087093223331,0.127782825995173,0.0547272581481843
