C10_WGSerr_r0,C11_WGSerr_r0,C12_WGSerr_r0,C13_WGSerr_r0,C14_WGSerr_r0,C15_WGSerr_r0,C16_WGSerr_r0,C17_WGSerr_r0,C18_WGSerr_r0,C19_WGSerr_r0,C1_WGSerr_r0,C20_WGSerr_r0,C2_WGSerr_r0,C3_WGSerr_r0,C4_WGSerr_r0,C5_WGSerr_r0,C6_WGSerr_r0,C7_WGSerr_r0,C8_WGSerr_r0,C9_WGSerr_r0
sorted_JSD,0.120485396472352,0.0806533159353042,0.132001741690829,0.0306377263793264,0.0822430439621078,0.0797102740233412,0.0881193522025674,0.0617132429560448,0.0646362763998304,0.0924377769148984,0.0949758289618402,0.10143423196985,0.084047984581422,0.0360395562431725,0.0833215514335674,0.0888118056514817,0.139044872456296,0.0735097032744873,0.0784704278878919,0.0547272581481843
