C10_WGSerr_r0,C11_WGSerr_r0,C12_WGSerr_r0,C13_WGSerr_r0,C14_WGSerr_r0,C15_WGSerr_r0,C16_WGSerr_r0,C17_WGSerr_r0,C18_WGSerr_r0,C19_WGSerr_r0,C1_WGSerr_r0,C20_WGSerr_r0,C2_WGSerr_r0,C3_WGSerr_r0,C4_WGSerr_r0,C5_WGSerr_r0,C6_WGSerr_r0,C7_WGSerr_r0,C8_WGSerr_r0,C9_WGSerr_r0
GCA_900622695,0.0172974637867769,0.642758669226332,0.684803152680934,0.123732781167553,0.169108005052622,0,0.401535557839749,0.316934278588443,0.0919160169339753,0.102708267561943,0.0617658271397791,0.433701652205967,0,0.22641655186264,0.24594619642397,0.0995140959163829,0,0,0.151353406386798,0.0654715255591677
GCA_001675145,0.261259896872755,0.0889908493162924,0,0.175001154681189,0.0404868033616713,0.221023979578832,0,0.254264093197131,0.2132499762415,0.315209550186204,0.546080721972456,0.488422592988178,0.0987711957365744,0.168709581375292,0,0,0.170109738957746,0.334269476986366,0,0.111674716324456
GCA_008275005,0.713390884410756,0.160483016924968,0.315196847319066,0.0229137070886883,0.292646191296637,0.345734019755793,0.242093066979187,0,0.268063309437884,0.0154556921186634,0.0522804339357853,0,0.680346308088995,0.277009008597765,0.37224298367548,0.160793068308438,0,0.222831589259196,0.328329601473847,0.0952900972843136
GCA_002056065,0,0.107767464532408,0,0.339795756340682,0,0,0.317308668185066,0.143378790387024,0,0,0.339873016951979,0,0.22088249617443,0.169338217760956,0.0676286470953274,0.204201093116613,0.584366814954999,0.0227293787979975,0.349684276612979,0.482509058307725
GCA_003586065,0.00805175492971233,0,0,0.338556600721888,0.49775900028907,0.433242000665375,0.0390627069959971,0.285422837827403,0.426770697386641,0.56662649013319,0,0.077875754805855,0,0.158526640403347,0.314182172805223,0.535491742658566,0.245523446087255,0.420169554956441,0.170632715526376,0.245054602524338
