C10_WGSerr_r0,C11_WGSerr_r0,C12_WGSerr_r0,C13_WGSerr_r0,C14_WGSerr_r0,C15_WGSerr_r0,C16_WGSerr_r0,C17_WGSerr_r0,C18_WGSerr_r0,C19_WGSerr_r0,C1_WGSerr_r0,C20_WGSerr_r0,C2_WGSerr_r0,C3_WGSerr_r0,C4_WGSerr_r0,C5_WGSerr_r0,C6_WGSerr_r0,C7_WGSerr_r0,C8_WGSerr_r0,C9_WGSerr_r0
Rank1,-0.263390884410756,-0.292758669226332,-0.334803152680934,-0.089795756340682,-0.19775900028907,-0.133242000665375,-0.151535557839749,-0.066934278588443,-0.176770697386641,-0.26662649013319,-0.196080721972456,-0.138422592988178,-0.230346308088995,-0.027009008597765,-0.02224298367548,-0.235491742658566,-0.334366814954999,-0.120169554956441,-0.049684276612979,-0.182509058307725
Rank2,-0.061259896872755,0.039516983075032,0.034803152680934,-0.088556600721888,-0.042646191296637,-0.095734019755793,-0.067308668185066,-0.085422837827403,-0.018063309437884,-0.015209550186204,-0.139873016951979,-0.183701652205967,-0.02088249617443,-0.02641655186264,-0.114182172805223,-0.00420109311661299,0.00447655391274501,-0.084269476986366,-0.128329601473847,-0.045054602524338
Rank3,0.0827025362132231,0.042232535467592,0.1,0.074998845318811,-0.019108005052622,0.028976020421168,-0.042093066979187,-0.054264093197131,0.0367500237585,0.047291732438057,0.138234172860221,0.122124245194145,0.0512288042634256,-0.019338217760956,-0.09594619642397,-0.010793068308438,0.029890261042254,-0.022831589259196,-0.020632715526376,0.088325283675544
Rank4,0.1,0.0610091506837076,0.1,0.026267218832447,0.109513196638329,0.1,0.0609372930040029,0.056621209612976,0.0080839830660247,0.0845443078813366,0.0477195660642147,0.1,0.1,-0.018709581375292,0.0323713529046726,0.0504859040836171,0.2,0.0772706212020025,-0.00135340638679801,0.0047099027156864
Rank5,0.1,0.1,0.05,0.0270862929113117,0.1,0.05,0.1,0.1,0.1,0.1,0.1,0.05,0.05,-0.008526640403347,0.1,0.1,0.05,0.1,0.1,0.0345284744408323
Rank6,0.05,0.05,0.05,0.05,0.05,0.05,0.1,0.05,0.05,0.05,0.05,0.05,0.05,0.1,0.1,0.1,0.05,0.05,0.1,0.1
