C10_WGSerr_r0,C11_WGSerr_r0,C12_WGSerr_r0,C13_WGSerr_r0,C14_WGSerr_r0,C15_WGSerr_r0,C16_WGSerr_r0,C17_WGSerr_r0,C18_WGSerr_r0,C19_WGSerr_r0,C1_WGSerr_r0,C20_WGSerr_r0,C2_WGSerr_r0,C3_WGSerr_r0,C4_WGSerr_r0,C5_WGSerr_r0,C6_WGSerr_r0,C7_WGSerr_r0,C8_WGSerr_r0,C9_WGSerr_r0
GCA_001675145,-0.188697626657382,-0.203766440453656,-0.238894428240727,-0.249021516488435,-0.263645172068884,-0.25,-0.2,-0.147197057952745,-0.1,-0.05,0.05,0,0.0309965732500706,0.00505675255072299,-0.017948651919356,-0.042333852114552,-0.066717038758077,-0.097749433328682,-0.127887586411184,-0.15463596538641
GCA_002056065,0.188697626657382,0.203766440453656,0.238894428240727,0.249021516488435,0.263645172068884,0.25,0.2,0.15,0.1,0.05,-0.05,0,-0.030996573250071,-0.00505675255072302,0.017948651919356,0.042333852114552,0.066717038758077,0.097749433328682,0.127887586411184,0.15463596538641
