C10_WGSerr_r0,C11_WGSerr_r0,C12_WGSerr_r0,C13_WGSerr_r0,C14_WGSerr_r0,C15_WGSerr_r0,C16_WGSerr_r0,C17_WGSerr_r0,C18_WGSerr_r0,C19_WGSerr_r0,C1_WGSerr_r0,C20_WGSerr_r0,C2_WGSerr_r0,C3_WGSerr_r0,C4_WGSerr_r0,C5_WGSerr_r0,C6_WGSerr_r0,C7_WGSerr_r0,C8_WGSerr_r0,C9_WGSerr_r0
sorted_JSD,0.0185936270056014,0.0231239792187874,0.0362194960330887,0.0464311023114753,0.0694616633747759,0.0956025889470326,0.0748817616223544,0.0550299193649249,0.0359737566501484,0.0176492274645948,0.0176492274645948,0,0.00156052182995571,2.54246127323065e-05,0.000243667595241535,0.00113438233868744,0.00250683018479886,0.00499096780239927,0.00264582234076744,0.00152996584936478
