C1_WGSerr_r0,C2_WGSerr_r0,C3_WGSerr_r0,C4_WGSerr_r0,C5_WGSerr_r0,C6_WGSerr_r0,C7_WGSerr_r0,C8_WGSerr_r0,C9_WGSerr_r0,C10_WGSerr_r0,C11_WGSerr_r0,C12_WGSerr_r0,C13_WGSerr_r0,C14_WGSerr_r0,C15_WGSerr_r0,C16_WGSerr_r0,C17_WGSerr_r0,C18_WGSerr_r0,C19_WGSerr_r0,C20_WGSerr_r0
Rank1,-0.177897789658769,-0.178862623729901,-0.00224880158570201,-0.054836150091126,-0.27108176854475,-0.306454800942769,-0.133836057793177,-0.162124991897356,-0.205569541391221,-0.228720106041834,-0.277508566030912,-0.30747462103344,-0.166703321856176,-0.324374176175261,-0.14911819677538,-0.147256380712719,-0.149651691952536,-0.189737875826319,-0.341022854213895,-0.13259419275624
Rank2,-0.088283371904971,-0.088239371768352,-0.0224638765686,-0.14685411901015,-0.018742397895758,-0.051253707646453,-0.035501004791472,-0.096233926733779,-0.078398883204126,-0.064969969177921,0.031503481667143,0.024709931850344,-0.08608064052006,0.00531365671318099,-0.052871294255801,-0.073826109568988,-0.087223157711904,0.028203161243339,0.03393214008287,-0.168708878898311
Rank3,0.126336301862273,0.0671019954982531,-0.062862695704836,-0.05713741409256,0.015689797494805,0.057708508589222,0.014262919138982,0.016163323528011,0.116725069893398,0.0436900752197555,0.047071898712036,0.0827646891830959,0.118740689646619,0.03196935348734,0.079431799600105,-0.029071650153645,-0.031008416254093,0.089887863653022,0.0672220253832434,0.101303071654552
Rank4,0.0308994343852964,0.1,-0.014120670960604,0.0588276831938361,0.0741343689457033,0.2,0.0050741434456672,0.042195595103124,0.0301311874285817,0.1,0.048933185651732,0.1,0.034043272729616,0.13709116597474,0.0225576914310757,0.0501541404353519,0.117883265918533,0.0034577971305338,0.0898686887477812,0.1
Rank5,0.058945425316171,0.05,0.001696044819742,0.1,0.1,0.05,0.1,0.1,0.0371121672733679,0.1,0.1,0.05,0.05,0.1,0.05,0.1,0.1,0.0181890537994245,0.1,0.05
Rank6,0.05,0.05,0.1,0.1,0.1,0.05,0.05,0.1,0.1,0.05,0.05,0.05,0.05,0.05,0.05,0.1,0.05,0.05,0.05,0.05
