C10_WGSerr_r0,C11_WGSerr_r0,C12_WGSerr_r0,C13_WGSerr_r0,C14_WGSerr_r0,C15_WGSerr_r0,C16_WGSerr_r0,C17_WGSerr_r0,C18_WGSerr_r0,C19_WGSerr_r0,C1_WGSerr_r0,C20_WGSerr_r0,C2_WGSerr_r0,C3_WGSerr_r0,C4_WGSerr_r0,C5_WGSerr_r0,C6_WGSerr_r0,C7_WGSerr_r0,C8_WGSerr_r0,C9_WGSerr_r0
sorted_JSD,0.103681787438907,0.0772319480473032,0.109537143402055,0.0588549042249258,0.115931921705067,0.0478859386325931,0.0849167856110022,0.0778657349135742,0.0364052680338148,0.110285201116103,0.0533356223653004,0.0941350537034257,0.0856737545285291,0.0378561776067183,0.0889073764381398,0.0973830441769001,0.137467120363025,0.0588762533378619,0.0846629820403097,0.0670104860539916
