C10_WGSerr_r0,C11_WGSerr_r0,C12_WGSerr_r0,C13_WGSerr_r0,C14_WGSerr_r0,C15_WGSerr_r0,C16_WGSerr_r0,C17_WGSerr_r0,C18_WGSerr_r0,C19_WGSerr_r0,C1_WGSerr_r0,C20_WGSerr_r0,C2_WGSerr_r0,C3_WGSerr_r0,C4_WGSerr_r0,C5_WGSerr_r0,C6_WGSerr_r0,C7_WGSerr_r0,C8_WGSerr_r0,C9_WGSerr_r0
GCA_001675145,-0.064969969177921,0.047071898712036,0.0827646891830959,0.134043272729616,0.13709116597474,0.079431799600105,0.1,0.018991583745907,0.089887863653022,0.03393214008287,-0.177897789658769,-0.13259419275624,0.0671019954982531,0.051696044819742,0.1,0.15,0.057708508589222,0.014498995208528,0.1,0.130131187428582
GCA_900622695,0.05,-0.277508566030912,-0.30747462103344,0.018740689646619,-0.01803064651266,0.05,-0.147256380712719,-0.087223157711904,0.0181890537994245,0.0172220253832434,0.0263363018622729,-0.168708878898311,0.05,-0.0724638765686,-0.05713741409256,0.0241343689457033,0.05,0.05,-0.00780440489687599,0.0167250698933978
GCA_003586065,0.0436900752197555,0.05,0.05,-0.08608064052006,-0.374374176175261,-0.19911819677538,0.0501541404353519,-0.199651691952536,-0.189737875826319,-0.341022854213895,0.0308994343852964,0.0013030716545519,0.1,-0.014120670960604,-0.204836150091126,-0.27108176854475,-0.356454800942769,-0.183836057793177,-0.312124991897356,-0.078398883204126
GCA_008275005,-0.228720106041834,0.031503481667143,0.024709931850344,0.05,0.055313656713181,-0.00287129425580102,0.020928349846355,0.05,0.028203161243339,0.0898686887477812,0.00894542531617101,0.05,-0.178862623729901,-0.00224880158570201,0.00314588098984997,0.065689797494805,0.05,0.014262919138982,0.00376607326622097,0.0371121672733679
GCA_002056065,0.1,-0.001066814348268,0.05,-0.166703321856176,0.05,0.0225576914310757,-0.123826109568988,0.0178832659185334,0.0034577971305338,0.05,-0.088283371904971,0.05,-0.088239371768352,-0.062862695704836,0.0588276831938361,-0.068742397895758,-0.051253707646453,0.0050741434456672,0.016163323528011,-0.205569541391221
GCA_002903105,0.1,0.15,0.1,0.05,0.15,0.05,0.1,0.2,0.05,0.15,0.2,0.2,0.05,0.1,0.1,0.1,0.25,0.1,0.2,0.1
