C1_WGSerr_r0,C2_WGSerr_r0,C3_WGSerr_r0,C4_WGSerr_r0,C5_WGSerr_r0,C6_WGSerr_r0,C7_WGSerr_r0,C8_WGSerr_r0,C9_WGSerr_r0,C10_WGSerr_r0,C11_WGSerr_r0,C12_WGSerr_r0,C13_WGSerr_r0,C14_WGSerr_r0,C15_WGSerr_r0,C16_WGSerr_r0,C17_WGSerr_r0,C18_WGSerr_r0,C19_WGSerr_r0,C20_WGSerr_r0
UnW_D,0.073061208589275,0.354024219320371,0.073061208589275,0.33787252973302,0.33787252973302,0.371431017160577,0.2185204566346,0.33787252973302,0.073061208589275,0.278687168569344,0.208564971275047,0.268731683209791,0.225971769115252,0.133227920524019,0.2185204566346,0.33787252973302,0.225971769115252,0.073061208589275,0.133227920524019,0.31221614254543
Weight_D,0.0481924218504715,0.0500513021847123,0.0206651075301652,0.0434451934848789,0.0601996241664456,0.0614691359433869,0.0291322826759833,0.0532337005096747,0.0449957052794451,0.0405328519096442,0.0528980038500058,0.0585506423305254,0.0441342601853276,0.0686585330849727,0.0376191715820244,0.0380357913058854,0.0452541697267776,0.0369368121655569,0.054007151709949,0.0649764152473929
Bray_D,0.26618116156374,0.267101995498253,0.151696044819742,0.261973564183686,0.339824166440508,0.407708508589222,0.183836057793177,0.319929396794232,0.283968424595347,0.293690075219755,0.278575380379179,0.30747462103344,0.252783962376235,0.392404822687921,0.201989491031181,0.271082490281707,0.28687484966444,0.189737875826319,0.341022854213895,0.301303071654552
JC_D,0.166666666666667,0.5,0.166666666666667,0.333333333333333,0.333333333333333,0.5,0.333333333333333,0.333333333333333,0.166666666666667,0.5,0.333333333333333,0.5,0.333333333333333,0.333333333333333,0.333333333333333,0.333333333333333,0.333333333333333,0.166666666666667,0.333333333333333,0.5
JSD,0.0850441992178443,0.0856737545285291,0.0430274109751102,0.0956232805788595,0.11538922517943,0.168640909342072,0.0647491935274733,0.146003395876722,0.0700193892521121,0.103681787438907,0.0921624311227059,0.109537143402055,0.0612388257854121,0.146396513251896,0.0535288597807779,0.0896589426718141,0.108135279156128,0.0364052680338148,0.123097230380844,0.120032575777281
