C1_WGSerr_r0,C10_WGSerr_r0,C11_WGSerr_r0,C12_WGSerr_r0,C13_WGSerr_r0,C14_WGSerr_r0,C15_WGSerr_r0,C16_WGSerr_r0,C17_WGSerr_r0,C18_WGSerr_r0,C19_WGSerr_r0,C2_WGSerr_r0,C20_WGSerr_r0,C3_WGSerr_r0,C4_WGSerr_r0,C5_WGSerr_r0,C6_WGSerr_r0,C7_WGSerr_r0,C8_WGSerr_r0,C9_WGSerr_r0
sorted_JSD,0.143255731113264,0.124305472127436,0.142722023591709,0.151894697721783,0.121312499958284,0.14142086756368,0.141279635019207,0.148411403556278,0.117435380222719,0.100274872664704,0.0905157588678056,0.146534714854885,0.149361225062783,0.167102410261478,0.123828558065046,0.118173902275905,0.120307998248436,0.120097728450762,0.104718393324122,0.101262326117362
