C1_WGSerr_r0,C2_WGSerr_r0,C3_WGSerr_r0,C4_WGSerr_r0,C5_WGSerr_r0,C6_WGSerr_r0,C7_WGSerr_r0,C8_WGSerr_r0,C9_WGSerr_r0,C10_WGSerr_r0,C11_WGSerr_r0,C12_WGSerr_r0,C13_WGSerr_r0,C14_WGSerr_r0,C15_WGSerr_r0,C16_WGSerr_r0,C17_WGSerr_r0,C18_WGSerr_r0,C19_WGSerr_r0,C20_WGSerr_r0
Rank1,0.043521,0.18375,0.054608,0.122368,-0.028517,-0.000182000000000015,0.011023,0.108779,0.025455,0.155393,-0.090506,-0.092066,-0.00893899999999997,0.014908,0.006992,-0.066175,-0.004633,-0.030113,-0.042506,0.024408
Rank2,-0.005135,0.00985200000000003,0.019427,-0.018759,0.050453,0.016703,-0.014138,0.031527,-0.017586,0.00314300000000001,0.083042,0.133784,0.037166,0.059696,0.039246,0.073525,-0.025507,0.053057,0.049632,-0.041356
Rank3,0.062757,0.012693,-0.022224,-0.054704,0.025594,0.018008,0.089344,0.00157199999999999,0.039227,-0.022546,0.052388,0.015639,0.042204,0.019545,0.093857,0.067903,-0.00379299999999999,0.104552,0.024357,0.092856
Rank4,-0.013253,-0.021342,0.00720799999999999,0.013821,0.027325,0.076596,-0.00211699999999999,0.01205,-0.016326,-0.000460000000000002,0.068921,0.037332,-0.023875,0.019699,0.008412,-0.00247,0.111773,-0.024129,0.033823,0.016556
Rank5,0.00175699999999999,-0.019188,0.00927999999999998,0.024438,0.00138199999999999,-0.02008,0.033061,0.00651900000000001,0.042367,0.025454,0.041394,0.002181,-0.006577,0.030641,-0.014978,0.017577,0.014184,0.016145,0.042364,-0.010121
Rank6,-0.014552,-0.014118,0.045331,0.035655,0.038243,-0.011473,-0.00535099999999999,0.014874,0.042828,-0.017231,-0.005137,0.011313,0.026015,-0.013193,-0.009199,0.044376,-0.014168,-0.016783,-0.007563,-0.00304599999999999
