C1_WGSerr_r0,C18_WGSerr_r0,C19_WGSerr_r0,C2_WGSerr_r0,C20_WGSerr_r0,C3_WGSerr_r0,C4_WGSerr_r0,C5_WGSerr_r0,C6_WGSerr_r0,C7_WGSerr_r0,C8_WGSerr_r0,C10_WGSerr_r0,C9_WGSerr_r0,C11_WGSerr_r0,C12_WGSerr_r0,C13_WGSerr_r0,C14_WGSerr_r0,C15_WGSerr_r0,C16_WGSerr_r0,C17_WGSerr_r0
sorted_JSD,0.0333860806125459,0.0340227236085494,0.0183053043148705,0.0989703872475978,0.0137751959106782,0.0569154052371567,0.0591784311541113,0.0506707929619831,0.0468092067966747,0.05167402957456,0.0900854219176019,0.0979016551002382,0.0552877744467725,0.0582013754031446,0.0644097550381144,0.0369680173408009,0.0423074905188089,0.0439524632457251,0.0752785888085227,0.0374813701754931
