C1_WGSerr_r0,C18_WGSerr_r0,C19_WGSerr_r0,C2_WGSerr_r0,C20_WGSerr_r0,C3_WGSerr_r0,C4_WGSerr_r0,C5_WGSerr_r0,C6_WGSerr_r0,C7_WGSerr_r0,C8_WGSerr_r0,C10_WGSerr_r0,C9_WGSerr_r0,C11_WGSerr_r0,C12_WGSerr_r0,C13_WGSerr_r0,C14_WGSerr_r0,C15_WGSerr_r0,C16_WGSerr_r0,C17_WGSerr_r0
UnW_D,0.13285357008334,0.155963194818284,0.103876782012997,0.163886293515304,0.103876782012997,0.13285357008334,0.151036304882604,0.139937212938116,0.220893070558848,0.13285357008334,0.190214932228863,0.190214932228863,0.271958890869306,0.177087802380092,0.13285357008334,0.166663619667697,0.151036304882604,0.151190971407455,0.151190971407455,0.151036304882604
Weight_D,0.0268963023934867,0.0284004060681855,0.0262294092661751,0.032578799358502,0.0314847875356087,0.0318139310732949,0.0384635336197489,0.0310505349030268,0.0309961400531862,0.0279716078860092,0.0386122778573501,0.0365852329898098,0.0243631700843076,0.0388793925347187,0.042473822380531,0.0184030117167062,0.0350490487223583,0.030998938060908,0.0353950817924441,0.0312203508179547
Bray_D,0.161258022592401,0.177800170688822,0.156135879098083,0.203814934274493,0.180791248627575,0.167428719950417,0.197169400388408,0.162625016419875,0.19105423379735,0.156765177200277,0.230096053652073,0.184953609808285,0.186565499115989,0.220721591008886,0.202812140487552,0.132403271739515,0.182103611487723,0.189997020833,0.191999699081839,0.187037979045478
JC_D,0.25,0.333333333333333,0.142857142857143,0.4,0.142857142857143,0.25,0.25,0.25,0.444444444444444,0.25,0.4,0.4,0.545454545454545,0.333333333333333,0.25,0.333333333333333,0.25,0.333333333333333,0.333333333333333,0.25
JSD,0.0441278369798027,0.0445621166603311,0.0341236223257322,0.0628203958413767,0.0409098651844749,0.0393145224078687,0.0429709656927395,0.0432909379872121,0.0660162046542874,0.0409341279148558,0.0620758973404398,0.0528879524504785,0.0836462619096029,0.0552311495637978,0.0457792461901055,0.0405997635711132,0.0425025529879873,0.0490870070606365,0.048962725895862,0.0475692881784453
