C1_WGSerr_r0,C2_WGSerr_r0,C3_WGSerr_r0,C4_WGSerr_r0,C5_WGSerr_r0,C6_WGSerr_r0,C7_WGSerr_r0,C8_WGSerr_r0,C9_WGSerr_r0,C10_WGSerr_r0,C11_WGSerr_r0,C12_WGSerr_r0,C13_WGSerr_r0,C14_WGSerr_r0,C15_WGSerr_r0,C16_WGSerr_r0,C17_WGSerr_r0,C18_WGSerr_r0,C19_WGSerr_r0,C20_WGSerr_r0
sorted_JSD,0.0979972698750798,0.0395974711944743,0.101680021745863,0.0760389892514236,0.0773246225258199,0.047066673659649,0.0556287462434447,0.0802665521630573,0.119844259796874,0.0671547958560304,0.117689677623177,0.084875443041535,0.0382980377047501,0.0613617740503329,0.0390044159359776,0.0789269868724954,0.0644254836508836,0.0604899300152102,0.0583317687039956,0.0751030150798322
