C1_WGSerr_r0,C10_WGSerr_r0,C11_WGSerr_r0,C12_WGSerr_r0,C13_WGSerr_r0,C14_WGSerr_r0,C15_WGSerr_r0,C16_WGSerr_r0,C17_WGSerr_r0,C18_WGSerr_r0,C19_WGSerr_r0,C2_WGSerr_r0,C20_WGSerr_r0,C3_WGSerr_r0,C4_WGSerr_r0,C5_WGSerr_r0,C6_WGSerr_r0,C7_WGSerr_r0,C8_WGSerr_r0,C9_WGSerr_r0
sorted_JSD,0.116284454721675,0.0661522150746211,0.0774609988947404,0.132319752132013,0.0868271397871125,0.0784300004267141,0.0809615935478367,0.0815081753829827,0.102348253050875,0.137401868714903,0.0902240736968278,0.0789680101807998,0.0297870922879555,0.107958028057857,0.102496908508932,0.0874462349142292,0.00314952956270204,0.0940653954726758,0.0615555100326138,0.132558151757434
