C1_WGSerr_r0,C18_WGSerr_r0,C19_WGSerr_r0,C2_WGSerr_r0,C20_WGSerr_r0,C3_WGSerr_r0,C4_WGSerr_r0,C5_WGSerr_r0,C6_WGSerr_r0,C7_WGSerr_r0,C8_WGSerr_r0,C10_WGSerr_r0,C9_WGSerr_r0,C11_WGSerr_r0,C12_WGSerr_r0,C13_WGSerr_r0,C14_WGSerr_r0,C15_WGSerr_r0,C16_WGSerr_r0,C17_WGSerr_r0
Rank1,0.25,0.3,0.45,0.2,-0.024288,0.2,0.3,0.024496,-0.053464,0.3,0.25,0.2,0.25,0.25,0.015901,0.046224,-0.086729,0.25,-0.039077,0.25
Rank2,0.2,0.15,0.15,0.15,0.00228699999999998,0.15,0.3,0.025037,-0.006471,0.15,0.2,0.2,0.2,0.2,-0.011135,-0.04679,-0.00673000000000001,0.15,-0.035795,0.2
Rank3,0.1,0.15,0.1,0.15,0.011739,0.15,0.1,0.055819,0.021277,0.15,0.15,0.15,0.15,0.1,-0.00883100000000001,-0.033673,-0.00495700000000002,0.15,0.014339,0.15
Rank4,0.1,0.15,0.1,0.15,0.029108,0.1,0.1,0.006012,0.020123,0.1,0.15,0.15,0.15,0.1,0.022593,0.038847,-0.00384999999999999,0.1,0.03181,0.1
Rank5,0.1,0.1,0.05,0.1,0.022084,0.1,0.05,0.032784,0.066744,0.1,0.1,0.1,0.1,0.1,0.027172,-0.00309599999999999,0.017698,0.1,0.07369,0.1
Rank6,0.1,0.05,0.05,0.1,0.053291,0.1,0.05,0.0354,0.070422,0.1,0.05,0.1,0.05,0.1,0.03032,0.011185,0.021649,0.1,0.039026,0.1
Rank7,0.1,0.05,0.05,0.1,0.062492,0.1,0.05,-0.011344,0.028849,0.05,0.05,0.05,0.05,0.1,0.052261,0.027765,0.075304,0.1,-0.000355000000000001,0.05
Rank8,0.05,0.05,0.05,0.05,0.016659,0.1,0.05,0.012777,0.029546,0.05,0.05,0.05,0.05,0.05,0.01182,0.032445,0.03574,0.05,0.012575,0.05
