C1_WGSerr_r0,C18_WGSerr_r0,C19_WGSerr_r0,C2_WGSerr_r0,C20_WGSerr_r0,C3_WGSerr_r0,C4_WGSerr_r0,C5_WGSerr_r0,C6_WGSerr_r0,C7_WGSerr_r0,C8_WGSerr_r0,C10_WGSerr_r0,C9_WGSerr_r0,C11_WGSerr_r0,C12_WGSerr_r0,C13_WGSerr_r0,C14_WGSerr_r0,C15_WGSerr_r0,C16_WGSerr_r0,C17_WGSerr_r0
UnW_D,1,1,1,1,0.416337223878008,1,1,0.29302193648865,0.385138238379443,1,1,1,1,1,0.276548387240021,0.23891783955356,0.279833743578277,1,0.182160371147232,1
Weight_D,0.100211386773916,0.130713592291016,0.0841847027806842,0.108839608453847,0.0322309196043194,0.114161897258377,0.119061002702015,0.022999883539723,0.0382064064913776,0.108994961946068,0.114919293636203,0.120245526793559,0.101412231802849,0.126809508956757,0.0276175201267545,0.0217371576405501,0.0242095566112523,0.114605850974803,0.0313954875077616,0.126989021586564
Bray_D,1,1,1,1,0.259772187585931,1,1,0.207715157738663,0.277916723585945,1,1,1,1,1,0.283424885685424,0.173714955997447,0.2065225696958,1,0.221454825450042,1
JC_D,1,1,1,1,0.588235294117647,1,1,0.466666666666667,0.588235294117647,1,1,1,1,1,0.428571428571429,0.416666666666667,0.416666666666667,1,0.333333333333333,1
JSD,0,0,0,0,0.110700475027826,0,0,0.0736648907811441,0.116710007445716,0,0,0,0,0,0.118110339948713,0.0510477311136988,0.064537859861184,0,0.0489908523852947,0
