C1_WGSerr_r0,C2_WGSerr_r0,C3_WGSerr_r0,C4_WGSerr_r0,C5_WGSerr_r0,C6_WGSerr_r0,C7_WGSerr_r0,C8_WGSerr_r0,C9_WGSerr_r0,C10_WGSerr_r0,C11_WGSerr_r0,C12_WGSerr_r0,C13_WGSerr_r0,C14_WGSerr_r0,C15_WGSerr_r0,C16_WGSerr_r0,C17_WGSerr_r0,C18_WGSerr_r0,C19_WGSerr_r0,C20_WGSerr_r0,C21_WGSerr_r0,C22_WGSerr_r0,C23_WGSerr_r0,C24_WGSerr_r0,C1_WGSerr_r1,C2_WGSerr_r1,C3_WGSerr_r1,C4_WGSerr_r1,C5_WGSerr_r1,C6_WGSerr_r1,C7_WGSerr_r1,C8_WGSerr_r1,C9_WGSerr_r1,C10_WGSerr_r1,C11_WGSerr_r1,C12_WGSerr_r1,C13_WGSerr_r1,C14_WGSerr_r1,C15_WGSerr_r1,C16_WGSerr_r1,C17_WGSerr_r1,C18_WGSerr_r1,C19_WGSerr_r1,C20_WGSerr_r1,C21_WGSerr_r1,C22_WGSerr_r1,C23_WGSerr_r1,C24_WGSerr_r1,C1_WGSerr_r2,C2_WGSerr_r2,C3_WGSerr_r2,C4_WGSerr_r2,C5_WGSerr_r2,C6_WGSerr_r2,C7_WGSerr_r2,C8_WGSerr_r2,C9_WGSerr_r2,C10_WGSerr_r2,C11_WGSerr_r2,C12_WGSerr_r2,C13_WGSerr_r2,C14_WGSerr_r2,C15_WGSerr_r2,C16_WGSerr_r2,C17_WGSerr_r2,C18_WGSerr_r2,C19_WGSerr_r2,C20_WGSerr_r2,C21_WGSerr_r2,C22_WGSerr_r2,C23_WGSerr_r2,C24_WGSerr_r2
sorted_JSD,0.0269324952285645,0.0247836114808238,0.0296376947433436,0.0251823587701606,0.0273081353724614,0.0252855421001859,0.0211459779527041,0.0194419069347825,0.0300632513540494,0.0256995129282832,0.0162291836852761,0.0252327287187226,0.0237735106758349,0.0201930489108824,0.0304664654107815,0.0263817175368974,0.0215341929615285,0.021687335767409,0.0176562093611797,0.0223089130207273,0.0144546105656249,0.0182227427943878,0.010880868371341,0.00860908648945188,0.0270321290238831,0.0250977730815275,0.0296760675752069,0.0251257163939746,0.0274334732384402,0.025506698886668,0.0211269129735696,0.0194596348427389,0.0300636515738877,0.0258991507049553,0.0162982218737502,0.0253546190672699,0.0239792274714594,0.0205347333042082,0.0301608792587512,0.0261689587023663,0.0215085025629904,0.0217484098038891,0.0175979563857235,0.0226344152531628,0.014382175835739,0.0182943997055079,0.0106692211948047,0.00828156025108734,0.0272099182363212,0.0249154138673568,0.0297677407899774,0.0250868725149673,0.0272458104792536,0.0253645654857932,0.0212155000954727,0.0194318275935238,0.0301917415908713,0.0259211459576016,0.0165283824823679,0.0253017302211575,0.0240986455913209,0.020263292113804,0.0305428550591253,0.0266318732961868,0.0214709719454581,0.0216475828638291,0.0181348531442705,0.0219796537645075,0.0143602955142931,0.0182334023544963,0.0105291874325052,0.00869929327935204
