C1_WGSerr_r0,C18_WGSerr_r0,C19_WGSerr_r0,C2_WGSerr_r0,C20_WGSerr_r0,C3_WGSerr_r0,C4_WGSerr_r0,C5_WGSerr_r0,C6_WGSerr_r0,C7_WGSerr_r0,C8_WGSerr_r0,C10_WGSerr_r0,C9_WGSerr_r0,C11_WGSerr_r0,C12_WGSerr_r0,C13_WGSerr_r0,C14_WGSerr_r0,C15_WGSerr_r0,C16_WGSerr_r0,C17_WGSerr_r0
sorted_JSD,0.0695734452855709,0.0825751549982304,0.119055004225643,0.0802944956387803,0.10684473310565,0.106173479644159,0.0371782480639031,0.0821718245986797,0.0675391005533924,0.0307496305993133,0.119205063964788,0.040210995307351,0.0604126635519757,0.089338184443644,0.0957626103681688,0.0274988331109594,0.0624542913749688,0.0657721408052738,0.0518116322576091,0.0811009677382594
