C1_WGSerr_r0,C2_WGSerr_r0,C3_WGSerr_r0,C4_WGSerr_r0,C5_WGSerr_r0,C6_WGSerr_r0,C7_WGSerr_r0,C8_WGSerr_r0,C9_WGSerr_r0,C10_WGSerr_r0,C11_WGSerr_r0,C12_WGSerr_r0,C13_WGSerr_r0,C14_WGSerr_r0,C15_WGSerr_r0,C16_WGSerr_r0,C17_WGSerr_r0,C18_WGSerr_r0,C19_WGSerr_r0,C20_WGSerr_r0
sorted_JSD,0.098437605029507,0.0766253467144149,0.164724633855112,0.117710445375487,0.14120249701261,0.122070212086503,0.0957908172449965,0.140760050221856,0.120453284561701,0.100830426608511,0.117450223594348,0.0823708365966897,0.105085178104188,0.119703735016491,0.0387667480926084,0.0785167016798708,0.141714928855157,0.0605281651484291,0.0594402393983803,0.0751159934949667
