C1_WGSerr_r0,C2_WGSerr_r0,C3_WGSerr_r0,C4_WGSerr_r0,C5_WGSerr_r0,C6_WGSerr_r0,C7_WGSerr_r0,C8_WGSerr_r0,C9_WGSerr_r0,C10_WGSerr_r0,C11_WGSerr_r0,C12_WGSerr_r0,C13_WGSerr_r0,C14_WGSerr_r0,C15_WGSerr_r0,C16_WGSerr_r0,C17_WGSerr_r0,C18_WGSerr_r0,C19_WGSerr_r0,C20_WGSerr_r0
sorted_JSD,0.0831544406751906,0.0880845643208149,0.0361937369845337,0.0849600731386873,0.0945888478126659,0.133522020022328,0.0727340655684589,0.0765221011421429,0.0651640605390962,0.094338879778167,0.0778027160265085,0.127576748905801,0.0518137967769669,0.0830732909141339,0.08149333865975,0.084637721581876,0.0639671154728374,0.067653026190199,0.112301873761999,0.101715495876443
