C10_WGSerr_r0,C11_WGSerr_r0,C12_WGSerr_r0,C13_WGSerr_r0,C14_WGSerr_r0,C15_WGSerr_r0,C16_WGSerr_r0,C17_WGSerr_r0,C18_WGSerr_r0,C19_WGSerr_r0,C1_WGSerr_r0,C20_WGSerr_r0,C2_WGSerr_r0,C3_WGSerr_r0,C4_WGSerr_r0,C5_WGSerr_r0,C6_WGSerr_r0,C7_WGSerr_r0,C8_WGSerr_r0,C9_WGSerr_r0
Rank1,-0.265084125304242,-0.273498854639392,-0.305631365537849,-0.123634006717956,-0.207977926974911,-0.141379568271848,-0.139421725596443,-0.066358001982643,-0.191447686353889,-0.281451256636117,-0.181821598515126,-0.136943268010858,-0.237700470058165,-0.045055443963097,-0.035566487815097,-0.263920504218521,-0.299302726722207,-0.127617456913438,-0.053804641229589,-0.21729868829702
Rank2,-0.036952465050643,0.013742608025717,0.00563136553784899,-0.105541333441725,-0.047516564733376,-0.102184006974089,-0.048409773428092,-0.092190796428658,-0.022792283248441,-0.019616445752955,-0.121085645770613,-0.185710532392288,-0.033419535500402,-0.020699141274514,-0.124853417413635,0.00746274975150701,-0.00706279036267599,-0.07560672097768,-0.097046498987461,-0.052980611903655
Rank3,0.0672944663661082,0.0519047915705834,0.1,0.087562327921712,-0.00345893663404001,0.043563575245937,-0.063087267496352,-0.060886330892725,0.050021439203379,0.0510677023890725,0.118249290234296,0.122653800403146,0.0711200055585667,-0.01708119100663,-0.083518620127193,-0.009349757008521,0.014189042526002,-0.022401063592239,-0.04194124451014,0.103521307717387
Rank4,0.0847421239887772,0.0578514550430918,0.1,0.041613012237969,0.108953428342327,0.1,0.0509187665208863,0.069435129304026,0.0178478696062945,0.1,0.0346579540514432,0.1,0.1,-0.00858486676390902,0.043938525355925,0.0658075114755341,0.2,0.0756252414833569,-0.00720761527281,0.0139498918216402
Rank5,0.1,0.1,0.05,0.05,0.1,0.05,0.1,0.1,0.1,0.1,0.1,0.05,0.05,-0.00857935699185,0.1,0.1,0.05,0.1,0.1,0.0528081006616476
Rank6,0.05,0.05,0.05,0.05,0.05,0.05,0.1,0.05,0.05,0.05,0.05,0.05,0.05,0.1,0.1,0.1,0.05,0.05,0.1,0.1
