C1_WGSerr_r0,C2_WGSerr_r0,C3_WGSerr_r0,C4_WGSerr_r0,C5_WGSerr_r0,C6_WGSerr_r0,C7_WGSerr_r0,C8_WGSerr_r0,C9_WGSerr_r0,C10_WGSerr_r0,C11_WGSerr_r0,C12_WGSerr_r0,C13_WGSerr_r0,C14_WGSerr_r0,C15_WGSerr_r0,C16_WGSerr_r0,C17_WGSerr_r0,C18_WGSerr_r0,C19_WGSerr_r0,C20_WGSerr_r0
GCA_008275005,-0.0153420459485568,-0.237700470058165,-0.045055443963097,-0.035566487815097,0.040650242991479,0.05,-0.022401063592239,-0.053804641229589,0.0139498918216402,-0.265084125304242,0.013742608025717,0.00563136553784899,0.05,0.00248343526662398,-0.052184006974089,-0.013087267496352,0.05,-0.022792283248441,0.1,0.05
GCA_001675145,-0.181821598515126,0.0711200055585667,0.041415133236091,0.1,0.15,0.014189042526002,-0.02560672097768,0.1,0.103521307717387,-0.036952465050643,0.0578514550430918,0.1,0.087562327921712,0.108953428342327,0.043563575245937,0.1,-0.010886330892725,0.050021439203379,-0.019616445752955,-0.136943268010858
GCA_900622695,0.0182492902342957,0.05,-0.070699141274514,-0.083518620127193,0.0158075114755341,0.05,0.05,-0.05720761527281,0.0528081006616476,0.0172944663661082,-0.273498854639392,-0.305631365537849,0.041613012237969,-0.05345893663404,0.05,-0.139421725596443,-0.116358001982643,0.0178478696062945,0.0010677023890725,-0.185710532392288
GCA_001901465,-0.321085645770613,-0.233419535500402,-0.15857935699185,-0.056061474644075,-0.192537250248493,-0.549302726722207,-0.0243747585166431,-0.297046498987461,-0.51729868829702,0,-0.0980952084294166,0,-0.373634006717956,0,0,-0.298409773428092,-0.130564870695974,0,0,0
GCA_003586065,0.1,0.1,-0.01708119100663,-0.124853417413635,-0.263920504218521,-0.057062790362676,-0.177617456913438,-0.04194124451014,-0.052980611903655,0.0847421239887772,0.05,0.05,-0.105541333441725,-0.257977926974911,-0.191379568271848,0.0509187665208863,-0.092190796428658,-0.191447686353889,-0.281451256636117,0.0226538004031458
GCA_002056065,0.2,0.2,0.15,0.1,0.15,0.25,0.1,0.15,0.3,0.1,0.1,0.05,0.25,0.05,0.1,0.2,0.1,0.1,0.05,0.05
GCA_002903105,0.2,0.05,0.1,0.1,0.1,0.25,0.1,0.2,0.1,0.1,0.15,0.1,0.05,0.15,0.05,0.1,0.2,0.05,0.15,0.2
