C1_WGSerr_r0,C2_WGSerr_r0,C3_WGSerr_r0,C4_WGSerr_r0,C5_WGSerr_r0,C6_WGSerr_r0,C7_WGSerr_r0,C8_WGSerr_r0,C9_WGSerr_r0,C10_WGSerr_r0,C11_WGSerr_r0,C12_WGSerr_r0,C13_WGSerr_r0,C14_WGSerr_r0,C15_WGSerr_r0,C16_WGSerr_r0,C17_WGSerr_r0,C18_WGSerr_r0,C19_WGSerr_r0,C20_WGSerr_r0
UnW_D,0.325226619806783,0.452412063953688,0.206745969917843,0.438289484320593,0.438289484320593,0.490433642838572,0.333931414064747,0.438289484320593,0.206745969917843,0.128047694967221,0.325226619806783,0.512797554781613,0.363248198691668,0.128047694967221,0.26785113369545,0.438289484320593,0.363248198691668,0.128047694967221,0.300076419621757,0.300076419621757
Weight_D,0.0805096971017819,0.072087598424225,0.038392654750505,0.0450990954941721,0.0752018894883056,0.0762553975836634,0.0350699287652867,0.0606094052089196,0.0843109233876446,0.0416020399594824,0.0624692515798525,0.0576612570946765,0.0705704583968146,0.0511460794989069,0.0379114616262699,0.06250133536662,0.053134032983467,0.0342513823334538,0.0467970518140523,0.0690853860586344
Bray_D,0.518249290234296,0.471120005558567,0.291415133236091,0.3,0.456457754467013,0.612673914785158,0.25,0.45,0.570279300200675,0.302036590354885,0.371594063068809,0.305631365537849,0.479175340159681,0.311436863608951,0.243563575245937,0.450918766520887,0.35,0.216447419759432,0.301067702389072,0.322653800403146
JC_D,0.571428571428572,0.714285714285714,0.428571428571429,0.571428571428572,0.571428571428572,0.714285714285714,0.571428571428572,0.571428571428572,0.428571428571429,0.333333333333333,0.571428571428572,0.666666666666667,0.571428571428572,0.333333333333333,0.5,0.571428571428572,0.571428571428572,0.333333333333333,0.5,0.5
JSD,0.294977110317262,0.23765147171164,0.147355264276348,0.135911964773819,0.227331621611186,0.401830297368729,0.107426666084754,0.264511894631326,0.333799500012327,0.103637757341885,0.161051011728383,0.127576748905801,0.261780551979967,0.111062522914878,0.084819140411138,0.254231817647139,0.177563461468287,0.067653026190199,0.12699420271745,0.123056906567854
