C1_WGSerr_r0,C18_WGSerr_r0,C19_WGSerr_r0,C2_WGSerr_r0,C20_WGSerr_r0,C3_WGSerr_r0,C4_WGSerr_r0,C5_WGSerr_r0,C6_WGSerr_r0,C7_WGSerr_r0,C8_WGSerr_r0,C10_WGSerr_r0,C9_WGSerr_r0,C11_WGSerr_r0,C12_WGSerr_r0,C13_WGSerr_r0,C14_WGSerr_r0,C15_WGSerr_r0,C16_WGSerr_r0,C17_WGSerr_r0
UnW_D,0,0.0388226836213017,0,0.0210544029700165,0,0.0210544029700165,0.0658736727466404,0,0.0210544029700165,0.0167213804262028,0,0,0.0507950689595718,0.0210544029700165,0.0658736727466404,0,0,0,0.0683690700212774,0.102488847901293
Weight_D,0.00513160753745311,0.00523081012437543,0.00492091875688559,0.00795087092490069,0.00636310027705234,0.00642397278616468,0.00336066173972519,0.00531263299105716,0.0062458485760098,0.00485727935204079,0.00679096678315494,0.00457548521378428,0.00574140028541473,0.00555722329018754,0.0043505312279856,0.00297258016152864,0.00511215349272891,0.00436782678616574,0.00490644411234722,0.00714455018909077
Bray_D,0.0460832290794822,0.0458070779368036,0.0368570728068914,0.064488921982767,0.0418999240820408,0.0450313842969692,0.0483153353016981,0.03402312554936,0.0514120040577843,0.0493082878213583,0.0357524529234317,0.037665170353491,0.0489110415907732,0.0412938931494026,0.0587970678144585,0.0269599208662865,0.0368439003512425,0.0330952343291175,0.0393432353907307,0.0460748850701314
JC_D,0,0.111111111111111,0,0.111111111111111,0,0.111111111111111,0.2,0,0.111111111111111,0.111111111111111,0,0,0.111111111111111,0.111111111111111,0.2,0,0,0,0.111111111111111,0.222222222222222
JSD,0.000959387664285226,0.00987617431116102,0.00221836600869887,0.00891434002746427,0.00294842114764433,0.00629608799163333,0.00929489720299615,0.00479786219260836,0.00742625024159506,0.00494166545501095,0.00415083864980987,0.000533162922257586,0.00524843383879021,0.00562893454401689,0.0104184196913741,0.000314041137316346,0.00467157546647763,0.00110312220223379,0.00499211797647696,0.0219410807831286
