C1_WGSerr_r0,C18_WGSerr_r0,C19_WGSerr_r0,C2_WGSerr_r0,C20_WGSerr_r0,C3_WGSerr_r0,C4_WGSerr_r0,C5_WGSerr_r0,C6_WGSerr_r0,C7_WGSerr_r0,C8_WGSerr_r0,C10_WGSerr_r0,C9_WGSerr_r0,C11_WGSerr_r0,C12_WGSerr_r0,C13_WGSerr_r0,C14_WGSerr_r0,C15_WGSerr_r0,C16_WGSerr_r0,C17_WGSerr_r0
Rank1,0.044859,0.013054,0.00423599999999996,-0.013534,0.00311500000000001,-0.000182999999999989,0.00646399999999997,-0.002162,-0.014286,0.040535,0.002244,0.003113,-0.010748,0.00723599999999999,0.019787,0.010024,0.00698299999999999,0.005191,0.00976600000000002,0.00775400000000001
Rank2,-0.00242399999999998,-0.000459999999999988,0.00894499999999998,-0.007461,0.00361800000000001,0.00326699999999999,0.036951,-0.00464300000000001,0.00897500000000001,-0.002555,-0.00265599999999999,0.034249,-0.012752,0.045739,-0.00675300000000001,0.00267999999999999,0.006517,0.00664799999999999,-0.006324,0.00539600000000001
Rank3,-0.005575,0.00214,0.006262,0.002775,0.00434399999999999,0.046505,0.00279800000000001,-0.010912,0.011679,0.00795099999999999,-0.00336,0.00975599999999999,0.008462,0.000256000000000006,0.007877,0.00409999999999999,0.009517,0.011897,-0.000477000000000005,0.000642999999999977
Rank4,0.00263500000000001,0.00329399999999999,0.039561,0.038583,0.011216,-0.00340399999999999,0.002958,-0.000452999999999995,0.003218,-0.013106,0.015587,0.01039,0.037645,0.000422000000000006,0.039959,0.017143,-0.01181,-0.00556499999999999,0.003996,-0.003813
Rank5,0.006784,-0.01146,-0.002281,0.00318900000000001,-0.012833,0.000587000000000004,-0.004166,0.00287100000000001,0.00784400000000002,0.00365799999999999,0.003882,0.001267,0.002234,0.00158900000000001,0.001238,0.00251700000000001,-0.001984,-0.00385799999999999,0.038913,-0.000743999999999995
Rank6,0.00998,-0.001198,0.001042,0.005149,0.00326900000000001,0.00265900000000001,0.00218,0.007384,0.035947,0.009627,0.003937,0.00133500000000002,0.003187,0.002625,0.00448900000000001,0.00537,-4.69999999999915e-05,-0.00292199999999999,0.003807,0.00328600000000001
Rank7,0.013225,0.010673,0.003579,0.011322,0.04254,0.004126,0.005811,0.004618,-0.00378899999999999,0.000238000000000002,0.005308,0.006082,0.005095,0.00271700000000001,0.00605,-0.001346,0.00149100000000001,0.011979,-0.003552,0.006219
Rank8,0.00332900000000001,0.034635,0.00535000000000001,0.009156,0.000527,0.00917000000000001,0.00938000000000001,0.03396,0.000530000000000003,0.007829,0.032478,0.006404,0.006095,0.007453,-0.004318,0.009395,0.033704,0.016801,0.000362000000000008,0.038335
