C1_WGSerr_r0,C18_WGSerr_r0,C19_WGSerr_r0,C2_WGSerr_r0,C20_WGSerr_r0,C3_WGSerr_r0,C4_WGSerr_r0,C5_WGSerr_r0,C6_WGSerr_r0,C7_WGSerr_r0,C8_WGSerr_r0,C10_WGSerr_r0,C9_WGSerr_r0,C11_WGSerr_r0,C12_WGSerr_r0,C13_WGSerr_r0,C14_WGSerr_r0,C15_WGSerr_r0,C16_WGSerr_r0,C17_WGSerr_r0
Rank1,0.026096,-0.000210000000000043,0.051444,0.0445160000000001,0.17449,0.01086,0.038936,0.010161,0.014796,0.0384680000000001,0.199922,-0.00313099999999999,0.042994,0.035578,0.045614,0.048103,0.020116,0.00421500000000002,0.011698,0.086187
Rank2,0.138243,0.02954,0.023043,0.054768,-0.005936,0.149721,0.020738,0.092432,0.103628,0.024082,-0.007658,0.035091,0.093463,0.049576,0.079746,0.031125,0.023997,0.142685,0.038096,0.089562
Rank3,-0.00500099999999998,0.108448,0.007908,0.052537,0.00628499999999999,0.00251899999999999,0.060523,0.024963,0.016502,0.025541,-0.002484,0.119668,-0.00493399999999999,0.02058,0.055205,0.018777,0.02885,0.012379,0.067566,0.00887500000000002
Rank4,-0.00122199999999999,0.018721,0.016987,0.012898,-0.041431,0.015349,0.022105,0.033366,0.020858,0.018986,0.00410700000000001,-0.033847,0.00670099999999998,-0.026275,0.006928,-0.028519,0.069491,0.012086,0.048698,-0.000384999999999996
