C1_WGSerr_r0,C18_WGSerr_r0,C19_WGSerr_r0,C2_WGSerr_r0,C20_WGSerr_r0,C3_WGSerr_r0,C4_WGSerr_r0,C5_WGSerr_r0,C6_WGSerr_r0,C7_WGSerr_r0,C8_WGSerr_r0,C10_WGSerr_r0,C9_WGSerr_r0,C11_WGSerr_r0,C12_WGSerr_r0,C13_WGSerr_r0,C14_WGSerr_r0,C15_WGSerr_r0,C16_WGSerr_r0,C17_WGSerr_r0
sorted_JSD,0.0718371890999594,0.101795030967086,0.0984577047066579,0.0799118404907759,0.117205123387136,0.131508802607872,0.0649593115169229,0.0831501029601928,0.0769569915119093,0.0350145190122524,0.138655310295929,0.0438346448992097,0.0525096769593037,0.0737008297320325,0.117555029613607,0.023772010322825,0.0679640069862194,0.0993620166310492,0.0622457400891608,0.0981791099480405
