C10_WGSerr_r0,C11_WGSerr_r0,C12_WGSerr_r0,C13_WGSerr_r0,C14_WGSerr_r0,C15_WGSerr_r0,C16_WGSerr_r0,C17_WGSerr_r0,C18_WGSerr_r0,C19_WGSerr_r0,C1_WGSerr_r0,C20_WGSerr_r0,C2_WGSerr_r0,C3_WGSerr_r0,C4_WGSerr_r0,C5_WGSerr_r0,C6_WGSerr_r0,C7_WGSerr_r0,C8_WGSerr_r0,C9_WGSerr_r0
sorted_JSD,0.0178288626212451,0.0269989626442282,0.0361374782658056,0.0247148433322143,0.0112119059671626,0.03836762628258,0.00272447136733751,0.0108587259706657,0.0128644952491085,0.0359989725730255,0.00950224822628141,0.0294956172947785,0.0261208669778977,0.00595456359236096,0.0476666345754782,0.0017649436216292,0.0104659327355724,0.021638594913656,0.0500178698159077,0.0364262101686479
