C10_WGSerr_r0,C11_WGSerr_r0,C12_WGSerr_r0,C13_WGSerr_r0,C14_WGSerr_r0,C15_WGSerr_r0,C16_WGSerr_r0,C17_WGSerr_r0,C18_WGSerr_r0,C19_WGSerr_r0,C1_WGSerr_r0,C20_WGSerr_r0,C2_WGSerr_r0,C3_WGSerr_r0,C4_WGSerr_r0,C5_WGSerr_r0,C6_WGSerr_r0,C7_WGSerr_r0,C8_WGSerr_r0,C9_WGSerr_r0
GCA_001675145,0.329718861065488,0.389272772684343,0.291926230320475,0.150366442242365,0.1022078979227,0,0.340736384045233,0.372978352336588,0.379278552102883,0,0.437106569654894,0.0678464628034209,0.539984245446176,0.108308721044527,0,0.174926955539989,0.0789797750625501,0.083862241994934,0,0.622453593185834
GCA_008275005,0.299533997831787,0,0.335157346363395,0,0.0752684236059581,0.341239089058235,0.160293776453712,0.335005834213675,0.201446136292227,0.115739071490194,0.376594147662496,0.747899892175192,0.210095107775028,0.342318887836047,0.0696359352805613,0.266071268396703,0.216224734765661,0.0245401269142041,0.6882763199819,0.217487707294381
GCA_002056065,0,0.536144863179981,0.37291642331613,0.10685926294562,0.394914363295625,0.1433853822464,0.121885676669569,0.230852496484506,0.352443373476646,0.884260928509806,0.0561289106352521,0,0.216912693491568,0.440551668664004,0.276334445887383,0.227666648824363,0.129072105811811,0.190382458197668,0.28262135605218,0.141010108485655
GCA_003586065,0.370747141102725,0.0745823641356753,0,0.742774294812015,0.427609315175717,0.515375528695366,0.377084162831486,0.0611633169652319,0.0668319381282444,0,0.130170372047358,0.184253645021387,0.033007953287228,0.108820722455422,0.654029618832056,0.331335127238945,0.575723384359978,0.701215172893194,0.0291023239659209,0.0190485910341302
