C1_WGSerr_r0,C2_WGSerr_r0,C3_WGSerr_r0,C4_WGSerr_r0,C5_WGSerr_r0,C6_WGSerr_r0,C7_WGSerr_r0,C8_WGSerr_r0,C9_WGSerr_r0,C10_WGSerr_r0,C11_WGSerr_r0,C12_WGSerr_r0,C13_WGSerr_r0,C14_WGSerr_r0,C15_WGSerr_r0,C16_WGSerr_r0,C17_WGSerr_r0,C18_WGSerr_r0,C19_WGSerr_r0,C20_WGSerr_r0,C1_WGSerr_r1,C2_WGSerr_r1,C3_WGSerr_r1,C4_WGSerr_r1,C5_WGSerr_r1,C6_WGSerr_r1,C7_WGSerr_r1,C8_WGSerr_r1,C9_WGSerr_r1,C10_WGSerr_r1,C11_WGSerr_r1,C12_WGSerr_r1,C13_WGSerr_r1,C14_WGSerr_r1,C15_WGSerr_r1,C16_WGSerr_r1,C17_WGSerr_r1,C18_WGSerr_r1,C19_WGSerr_r1,C20_WGSerr_r1,C1_WGSerr_r2,C2_WGSerr_r2,C3_WGSerr_r2,C4_WGSerr_r2,C5_WGSerr_r2,C6_WGSerr_r2,C7_WGSerr_r2,C8_WGSerr_r2,C9_WGSerr_r2,C10_WGSerr_r2,C11_WGSerr_r2,C12_WGSerr_r2,C13_WGSerr_r2,C14_WGSerr_r2,C15_WGSerr_r2,C16_WGSerr_r2,C17_WGSerr_r2,C18_WGSerr_r2,C19_WGSerr_r2,C20_WGSerr_r2
Rank1,-0.00670799999999999,0.00511100000000003,-0.034143,-0.0164879999999999,-0.028682,-0.041718,-0.025971,0.147368,0.00198999999999999,-0.050818,-0.018662,0.00441699999999995,-0.0198940000000001,-0.019728,-0.046198,-0.032382,0.0542509999999999,-0.038885,-0.033622,0.118151,0,0,0,0,0,0,0,0,0,0,0,0,0,0,0,0,0,0,0,0,0,0,0,0,0,0,0,0,0,0,0,0,0,0,0,0,0,0,0,0
Rank2,0.116402,0.02852,0.129077,-0.00889000000000001,0.069816,0.085639,0.00381800000000002,-0.032021,0.080178,0.009461,0.027851,0.054612,0.017825,-0.018315,0.120138,0.015095,0.062183,0.00470100000000001,0.060504,-0.035591,0,0,0,0,0,0,0,0,0,0,0,0,0,0,0,0,0,0,0,0,0,0,0,0,0,0,0,0,0,0,0,0,0,0,0,0,0,0,0,0
Rank3,-0.030735,0.03313,-0.017058,0.060569,0.010791,0.00981699999999999,0.014181,-0.017776,-0.014557,0.110374,0.003745,0.042024,-0.00348200000000001,0.018889,-0.00672700000000001,0.047806,-0.011619,0.088079,0.012226,-0.00514400000000001,0,0,0,0,0,0,0,0,0,0,0,0,0,0,0,0,0,0,0,0,0,0,0,0,0,0,0,0,0,0,0,0,0,0,0,0,0,0,0,0
Rank4,-0.013974,-0.001363,0.00730799999999998,0.031028,0.024986,0.014276,0.055853,-0.000218999999999997,-0.013592,0.005021,0.024807,-0.00469699999999999,0.03691,0.095406,0.010154,0.040247,-0.022036,0.011712,0.018936,0.007334,0,0,0,0,0,0,0,0,0,0,0,0,0,0,0,0,0,0,0,0,0,0,0,0,0,0,0,0,0,0,0,0,0,0,0,0,0,0,0,0
