C1_WGSerr_r0,C18_WGSerr_r0,C19_WGSerr_r0,C2_WGSerr_r0,C20_WGSerr_r0,C3_WGSerr_r0,C4_WGSerr_r0,C5_WGSerr_r0,C6_WGSerr_r0,C7_WGSerr_r0,C8_WGSerr_r0,C10_WGSerr_r0,C9_WGSerr_r0,C11_WGSerr_r0,C12_WGSerr_r0,C13_WGSerr_r0,C14_WGSerr_r0,C15_WGSerr_r0,C16_WGSerr_r0,C17_WGSerr_r0
sorted_JSD,0.0344950778429361,0.0757785595451749,0.0808475176324476,0.0478117947683478,0.0813705890211602,0.101374750321959,0.0563888895264873,0.063411122148119,0.048092479088067,0.0262536386669904,0.108393898442915,0.0374125410315829,0.0324767230511441,0.0412501726332765,0.0849235977407136,0.00871461046396005,0.0553632518195155,0.0729982468994694,0.0378481607197586,0.0694086336807486
