C1_WGSerr_r0,C18_WGSerr_r0,C19_WGSerr_r0,C2_WGSerr_r0,C20_WGSerr_r0,C3_WGSerr_r0,C4_WGSerr_r0,C5_WGSerr_r0,C6_WGSerr_r0,C7_WGSerr_r0,C8_WGSerr_r0,C10_WGSerr_r0,C9_WGSerr_r0,C11_WGSerr_r0,C12_WGSerr_r0,C13_WGSerr_r0,C14_WGSerr_r0,C15_WGSerr_r0,C16_WGSerr_r0,C17_WGSerr_r0
UnW_D,0.0747470340283696,0.123998391990496,0.187312776115555,0.0747470340283696,0.0747470340283696,0.0747470340283696,0.0461924122059235,0.0747470340283696,0.0747470340283696,0.0461924122059235,0.0997396192587729,0.0747470340283696,0.0313419242977176,0.253861963248772,0.0997396192587729,0.126803620853439,0.0984447743500998,0.0997396192587729,0.0461924122059235,0.144365372093326
Weight_D,0.016726250821256,0.0118094103253611,0.0121139531900051,0.0110249994468804,0.0144579299584678,0.0127032473464641,0.0103836738441578,0.014193518958349,0.0151188187475977,0.0100872064288713,0.0130419347752231,0.015730041511596,0.0126038137363067,0.00946492897256198,0.0132703365652429,0.00943549839748279,0.0125238459081749,0.0152271549824293,0.0121731121282832,0.0151130103175271
Bray_D,0.0998683824488199,0.10279021523299,0.109739685161042,0.090837437024466,0.102486669666879,0.116784234115611,0.0750647065651454,0.120335367032895,0.108182076425507,0.0564674120673407,0.135607946106783,0.10340037087504,0.0675027359760154,0.0639319274366941,0.128659816341023,0.0529761393773675,0.0966037920599092,0.118701157625085,0.0801023070496755,0.12892254751405
JC_D,0.333333333333333,0.428571428571429,0.5,0.333333333333333,0.333333333333333,0.333333333333333,0.2,0.333333333333333,0.333333333333333,0.2,0.428571428571429,0.333333333333333,0.2,0.4,0.428571428571429,0.4,0.333333333333333,0.428571428571429,0.2,0.428571428571429
JSD,0.0164844354914414,0.0212126561532659,0.0470050404041343,0.0195530061854566,0.0156718813114028,0.0222862749290115,0.0185939022537534,0.0239012519741194,0.0206396067736513,0.00970082403681793,0.0306199014242638,0.0163229111403557,0.00871915690219631,0.0268983658352112,0.0293027180152371,0.0224837909235721,0.0252110095919917,0.0249107497094337,0.0125444085556081,0.0277928486037745
