C1_WGSerr_r0,C18_WGSerr_r0,C19_WGSerr_r0,C2_WGSerr_r0,C20_WGSerr_r0,C3_WGSerr_r0,C4_WGSerr_r0,C5_WGSerr_r0,C6_WGSerr_r0,C7_WGSerr_r0,C8_WGSerr_r0,C10_WGSerr_r0,C9_WGSerr_r0,C11_WGSerr_r0,C12_WGSerr_r0,C13_WGSerr_r0,C14_WGSerr_r0,C15_WGSerr_r0,C16_WGSerr_r0,C17_WGSerr_r0
sorted_JSD,0.0767513436963423,0.0477174673333285,0.0705262402665984,0.067122873172611,0.0472838393245956,0.0306989333758181,0.051664873475208,0.0591402950784889,0.0626126090863597,0.0651606972915927,0.0469201879171613,0.0373866552720835,0.0725878608400256,0.0461062244877841,0.0370577912430129,0.0613886916670018,0.0464446945324813,0.0274512900951984,0.0481234336979341,0.0267747576329569
