C1_WGSerr_r0,C18_WGSerr_r0,C19_WGSerr_r0,C2_WGSerr_r0,C20_WGSerr_r0,C3_WGSerr_r0,C4_WGSerr_r0,C5_WGSerr_r0,C6_WGSerr_r0,C7_WGSerr_r0,C8_WGSerr_r0,C10_WGSerr_r0,C9_WGSerr_r0,C11_WGSerr_r0,C12_WGSerr_r0,C13_WGSerr_r0,C14_WGSerr_r0,C15_WGSerr_r0,C16_WGSerr_r0,C17_WGSerr_r0
Rank1,-0.00796000000000002,0.017899,0.162238,-0.048195,-0.049462,0.056417,-0.061251,0.005467,-0.043624,0.081067,-0.00460300000000002,0.011931,-0.00431999999999999,0.027374,0.016906,0.039308,0.026877,0.034114,-0.000872999999999985,-0.082168
Rank2,0.038194,-0.015372,-0.016829,0.010441,-0.00565599999999999,0.01578,0.121423,-0.041095,0.00900999999999999,-0.026657,-0.016249,0.051281,0.029082,0.058756,-0.032528,-0.050976,-0.054355,0.017688,-0.026154,0.031696
Rank3,-0.037841,-0.00851000000000002,-0.046074,0.010603,0.016975,0.018826,-0.03294,0.033538,0.024264,-0.017804,-0.032589,0.00244899999999998,0.015227,-0.029466,0.011323,-0.029504,0.019557,0.022177,-0.020648,0.02385
Rank4,-0.014982,0.021859,0.013435,0.022685,0.01783,-0.031148,0.014578,-0.00190499999999999,-0.019708,0.017156,0.065162,0.012302,0.058058,-0.023106,0.019788,0.039004,-0.025391,-0.027142,0.014487,-0.013002
Rank5,-0.003174,0.017579,-0.020378,0.004568,-0.007175,-0.001835,-0.006864,0.001961,0.01162,0.018893,0.028538,-0.00848699999999999,0.028476,-0.018955,-0.016917,0.00103500000000001,-0.010453,-0.021792,0.046596,0.00791599999999999
Rank6,0.019183,-0.021275,-0.013529,0.034328,-0.00103399999999999,0.000192000000000012,0.012369,0.00819600000000001,0.045618,0.042027,-0.016503,-0.00147499999999999,-0.018119,0.000723000000000001,0.019504,0.00841900000000001,0.011954,-0.00780499999999999,0.020665,0.02735
Rank7,0.050982,-0.008219,-0.009258,0.044988,0.061426,0.002149,0.016465,-0.011222,0.02203,-0.004964,0.000776000000000006,-0.025847,-0.012771,0.051764,0.039308,0.017265,0.049372,0.008105,0.004416,0.002713
Rank8,0.010137,0.037227,-0.003717,-0.000898999999999997,0.018781,0.015614,0.027961,0.039161,0.032144,0.000564000000000002,0.028562,0.014405,0.001741,0.004554,0.009076,0.024941,0.03933,0.025332,0.012526,0.035784
