C1_WGSerr_r0,C18_WGSerr_r0,C19_WGSerr_r0,C2_WGSerr_r0,C20_WGSerr_r0,C3_WGSerr_r0,C4_WGSerr_r0,C5_WGSerr_r0,C6_WGSerr_r0,C7_WGSerr_r0,C8_WGSerr_r0,C10_WGSerr_r0,C9_WGSerr_r0,C11_WGSerr_r0,C12_WGSerr_r0,C13_WGSerr_r0,C14_WGSerr_r0,C15_WGSerr_r0,C16_WGSerr_r0,C17_WGSerr_r0
sorted_JSD,0.0975047474007866,0.008967906944269,0.00151888372208366,0.0962183994069998,0,0.105419821970618,0.107168736616133,0.100451442585033,0.0865719814513292,0.0898089115904818,0.0790325384048981,0.0658586482538766,0.0623503196574031,0.0549795511722971,0.049670605737755,0.0406020348813576,0.0330141238854297,0.0307206949605794,0.0252959180646434,0.0217593301758242
