C1_WGSerr_r0,C18_WGSerr_r0,C19_WGSerr_r0,C2_WGSerr_r0,C20_WGSerr_r0,C3_WGSerr_r0,C4_WGSerr_r0,C5_WGSerr_r0,C6_WGSerr_r0,C7_WGSerr_r0,C8_WGSerr_r0,C10_WGSerr_r0,C9_WGSerr_r0,C11_WGSerr_r0,C12_WGSerr_r0,C13_WGSerr_r0,C14_WGSerr_r0,C15_WGSerr_r0,C16_WGSerr_r0,C17_WGSerr_r0
sorted_JSD,0.0596966330948921,0.0369065270878577,0.0549995316387059,0.0672508485372219,0.0408806373982582,0.0298810439710379,0.0599594906159319,0.0305340777475496,0.0768180508198461,0.0710670346236998,0.0318468671722529,0.0292186631377365,0.0648398881754233,0.0424761408593836,0.068508179598616,0.041798571878157,0.0398975037914712,0.0262243806380381,0.0549097794206695,0.0243477582753132
