C1_WGSerr_r0,C18_WGSerr_r0,C19_WGSerr_r0,C2_WGSerr_r0,C20_WGSerr_r0,C3_WGSerr_r0,C4_WGSerr_r0,C5_WGSerr_r0,C6_WGSerr_r0,C7_WGSerr_r0,C8_WGSerr_r0,C10_WGSerr_r0,C9_WGSerr_r0,C11_WGSerr_r0,C12_WGSerr_r0,C13_WGSerr_r0,C14_WGSerr_r0,C15_WGSerr_r0,C16_WGSerr_r0,C17_WGSerr_r0
sorted_JSD,0.055612749479558,0.0185248055449121,0.0433538960052336,0.0559306470776763,0.0287820486023629,0.0298886137658862,0.0393550853376909,0.0642415524205918,0.0582569806594551,0.0513440138115543,0.0427056386918916,0.0218155750564755,0.0491498145667544,0.0362617787898778,0.0510190086252593,0.0199461991645913,0.0418887810452658,0.032912478997545,0.0547088920832198,0.0170132672921364
