C10_WGSerr_r0,C11_WGSerr_r0,C12_WGSerr_r0,C13_WGSerr_r0,C14_WGSerr_r0,C15_WGSerr_r0,C16_WGSerr_r0,C17_WGSerr_r0,C18_WGSerr_r0,C19_WGSerr_r0,C1_WGSerr_r0,C20_WGSerr_r0,C2_WGSerr_r0,C3_WGSerr_r0,C4_WGSerr_r0,C5_WGSerr_r0,C6_WGSerr_r0,C7_WGSerr_r0,C8_WGSerr_r0,C9_WGSerr_r0
UnW_D,0.0769907701942391,0.195668027172504,0.173393870429713,0.195668027172504,0,0.454436141389092,0,0,0,0.693971600425717,0,0.0769907701942391,0,0,0.454436141389092,0,0,0,0.454436141389092,0
Weight_D,0.0103435882419636,0.0258609609324731,0.0194111611753398,0.0265069058488441,0.0214003939199865,0.026535687945553,0.015548183660839,0.0213661604246789,0.024687319489879,0.0192054534049837,0.0238773035531739,0.0310093636541609,0.036775001305831,0.0161527207588907,0.0362401664585413,0.00999834328114473,0.0258990813508722,0.0305579616222906,0.03729919605308,0.0433331118030019
Bray_D,0.052154488935489,0.125796187348261,0.115052447375062,0.143029700167891,0.122088602425701,0.116716054111087,0.069408435600922,0.104938386980075,0.132276493960872,0.1,0.114162085737592,0.146205622316713,0.158705022931079,0.0899715059708545,0.179933099519438,0.059175165975467,0.126650703065684,0.151652533481005,0.170089296398099,0.174852227356407
JC_D,0.25,0.25,0.25,0.25,0,0.25,0,0,0,0.5,0,0.25,0,0,0.25,0,0,0,0.25,0
JSD,0.017866361905078,0.0271178893124692,0.0375265843600106,0.0247544332289397,0.0111370507114209,0.0384579876748475,0.0028603676480333,0.0123963340627821,0.0129802027886879,0.035975837647964,0.00964420424218925,0.029193957236466,0.027052193772171,0.005847092822384,0.0475907613796444,0.0017694634287638,0.0105118786043282,0.0216734671419014,0.0496305098726771,0.0371979678360912
