C1_WGSerr_r0,C2_WGSerr_r0,C3_WGSerr_r0,C4_WGSerr_r0,C5_WGSerr_r0,C6_WGSerr_r0,C7_WGSerr_r0,C8_WGSerr_r0,C9_WGSerr_r0,C10_WGSerr_r0,C11_WGSerr_r0,C12_WGSerr_r0,C13_WGSerr_r0,C14_WGSerr_r0,C15_WGSerr_r0,C16_WGSerr_r0,C17_WGSerr_r0,C18_WGSerr_r0,C19_WGSerr_r0,C20_WGSerr_r0
Rank1,-0.177104092961989,-0.1792177622344,-0.00328600663637202,-0.056340646788578,-0.272532049764041,-0.30465146886548,-0.134273279242961,-0.161898250139963,-0.204972387450453,-0.228786008850026,-0.277120397893699,-0.306964567900187,-0.167351959734896,-0.325283576674836,-0.149713854311767,-0.147283315813811,-0.148701928111624,-0.190620967948809,-0.340522200198668,-0.132939955339899
Rank2,-0.087399668788483,-0.088953291124971,-0.022557308924487,-0.145804824267207,-0.017370611058933,-0.053061825248859,-0.035996807089832,-0.095026608949378,-0.079199704425634,-0.065335674312427,0.0303673874917,0.024025448561648,-0.086350897504511,0.00555112635478799,-0.052594235526157,-0.071927309241591,-0.087061173718365,0.02806988170844,0.032680038801043,-0.169010943805894
Rank3,0.12510192008766,0.0681710533593718,-0.06103961126716,-0.05687253059974,0.015582044847428,0.057713294114339,0.013812888766817,0.014781950526656,0.116574685360614,0.0441216831624531,0.046809991726043,0.0829391193385393,0.118642171205549,0.033011374132414,0.079249975669762,-0.030441854676458,-0.031648904894771,0.089755507868931,0.067584588406683,0.101950899145793
Rank4,0.0305374149190232,0.1,-0.014709794393439,0.0590180016555263,0.0743206159755458,0.2,0.00645719756597631,0.042142908562685,0.0311225845964559,0.1,0.049943018675956,0.1,0.035060686033858,0.136721076187634,0.0230581141681622,0.0496524797318603,0.11741200672476,0.00439369957970751,0.1,0.1
Rank5,0.0588644267437881,0.05,0.00159272122145898,0.1,0.1,0.05,0.1,0.1,0.0364748219190172,0.1,0.1,0.05,0.05,0.1,0.05,0.1,0.1,0.0184018787917309,0.1,0.05
Rank6,0.05,0.05,0.1,0.1,0.1,0.05,0.05,0.1,0.1,0.05,0.05,0.05,0.05,0.05,0.05,0.1,0.05,0.05,0.05,0.05
