C1_WGSerr_r0,C2_WGSerr_r0,C3_WGSerr_r0,C4_WGSerr_r0,C5_WGSerr_r0,C6_WGSerr_r0,C7_WGSerr_r0,C8_WGSerr_r0,C9_WGSerr_r0,C10_WGSerr_r0,C11_WGSerr_r0,C12_WGSerr_r0,C13_WGSerr_r0,C14_WGSerr_r0,C15_WGSerr_r0,C16_WGSerr_r0,C17_WGSerr_r0,C18_WGSerr_r0,C19_WGSerr_r0,C20_WGSerr_r0
UnW_D,0.073061208589275,0.354024219320371,0.073061208589275,0.33787252973302,0.33787252973302,0.371431017160577,0.2185204566346,0.33787252973302,0.073061208589275,0.278687168569344,0.208564971275047,0.268731683209791,0.225971769115252,0.133227920524019,0.2185204566346,0.33787252973302,0.225971769115252,0.073061208589275,0.31221614254543,0.31221614254543
Weight_D,0.0479886923131872,0.0503237586245564,0.0207514778819267,0.0436677884455584,0.0603034777350433,0.0613538660103354,0.0291177497084166,0.0532629596385389,0.0451391567042005,0.0406318808578785,0.0527124001698871,0.0584301312528936,0.0443600749126415,0.0686532401263291,0.0376504755747651,0.037828307702277,0.0450869893880604,0.0370444153830634,0.0548043870301173,0.0651135043187479
Bray_D,0.264503761750472,0.268171053359371,0.151592721221459,0.263213177388319,0.339902660822974,0.407713294114339,0.184273279242961,0.319755341577278,0.284172091876087,0.294121683162453,0.277177379217743,0.306964567900187,0.253702857239407,0.392272202542422,0.202308089837924,0.269210625055402,0.285763101829989,0.190620967948809,0.347084134627,0.301950899145793
JC_D,0.166666666666667,0.5,0.166666666666667,0.333333333333333,0.333333333333333,0.5,0.333333333333333,0.333333333333333,0.166666666666667,0.5,0.333333333333333,0.5,0.333333333333333,0.333333333333333,0.333333333333333,0.333333333333333,0.333333333333333,0.166666666666667,0.5,0.5
JSD,0.0847589739054843,0.0859443860993255,0.0428994646412541,0.0958777580721804,0.11547168018725,0.168375215421162,0.0648076843617954,0.145923486438941,0.0702529064170047,0.103783114241139,0.0920359424644468,0.109563815311161,0.0615600326570407,0.146192607202647,0.053618419321936,0.0893303954688492,0.107949007490886,0.0365130359640664,0.137264756670519,0.120094816464724
