C1_WGSerr_r0,C2_WGSerr_r0,C3_WGSerr_r0,C4_WGSerr_r0,C5_WGSerr_r0,C6_WGSerr_r0,C7_WGSerr_r0,C8_WGSerr_r0,C9_WGSerr_r0,C10_WGSerr_r0,C11_WGSerr_r0,C12_WGSerr_r0,C13_WGSerr_r0,C14_WGSerr_r0,C15_WGSerr_r0,C16_WGSerr_r0,C17_WGSerr_r0,C18_WGSerr_r0,C19_WGSerr_r0,C20_WGSerr_r0
GCA_003586065,0.0305374149190232,0.1,-0.014709794393439,-0.206340646788578,-0.272532049764041,-0.35465146886548,-0.184273279242961,-0.311898250139963,-0.079199704425634,0.0441216831624531,0.05,0.05,-0.086350897504511,-0.375283576674836,-0.199713854311767,0.0496524797318603,-0.198701928111624,-0.190620967948809,-0.340522200198668,0.0019508991457932
GCA_002056065,-0.087399668788483,-0.088953291124971,-0.06103961126716,0.0590180016555263,-0.067370611058933,-0.053061825248859,0.00645719756597631,0.014781950526656,-0.204972387450453,0.1,-5.69813240439976e-05,0.05,-0.167351959734896,0.05,0.0230581141681622,-0.121927309241591,0.0174120067247596,0.00439369957970751,0.05,0.05
GCA_001675145,-0.177104092961989,0.0681710533593718,0.051592721221459,0.1,0.15,0.057713294114339,0.014003192910168,0.1,0.131122584596456,-0.065335674312427,0.046809991726043,0.0829391193385393,0.135060686033858,0.136721076187634,0.079249975669762,0.1,0.018351095105229,0.089755507868931,0.032680038801043,-0.132939955339899
GCA_008275005,0.0088644267437881,-0.1792177622344,-0.00328600663637202,0.00419517573279299,0.065582044847428,0.05,0.013812888766817,0.004973391050622,0.0364748219190172,-0.228786008850026,0.0303673874917,0.024025448561648,0.05,0.055551126354788,-0.00259423552615701,0.019558145323542,0.05,0.02806988170844,0.1,0.05
GCA_900622695,0.0251019200876603,0.05,-0.072557308924487,-0.05687253059974,0.0243206159755458,0.05,0.05,-0.007857091437315,0.016574685360614,0.05,-0.277120397893699,-0.306964567900187,0.018642171205549,-0.016988625867586,0.05,-0.147283315813811,-0.087061173718365,0.0184018787917309,0.017584588406683,-0.169010943805894
GCA_002903105,0.2,0.05,0.1,0.1,0.1,0.25,0.1,0.2,0.1,0.1,0.15,0.1,0.05,0.15,0.05,0.1,0.2,0.05,0.15,0.2
