C10_WGSerr_r0,C11_WGSerr_r0,C12_WGSerr_r0,C13_WGSerr_r0,C14_WGSerr_r0,C15_WGSerr_r0,C16_WGSerr_r0,C17_WGSerr_r0,C18_WGSerr_r0,C19_WGSerr_r0,C1_WGSerr_r0,C20_WGSerr_r0,C2_WGSerr_r0,C3_WGSerr_r0,C4_WGSerr_r0,C5_WGSerr_r0,C6_WGSerr_r0,C7_WGSerr_r0,C8_WGSerr_r0,C9_WGSerr_r0
sorted_JSD,0.103783114241139,0.0772178454483605,0.109563815311161,0.0589984923578395,0.115799111762466,0.0479429369890363,0.0847503446130956,0.0776496278520244,0.0365130359640664,0.124398588516615,0.0527527901691077,0.0943295145268305,0.0859443860993255,0.0377303517766064,0.0888681042802814,0.0975849073795623,0.137259204376029,0.058941441266828,0.0844912991776635,0.0669812717947198
