C1_WGSerr_r0,C18_WGSerr_r0,C19_WGSerr_r0,C2_WGSerr_r0,C20_WGSerr_r0,C3_WGSerr_r0,C4_WGSerr_r0,C5_WGSerr_r0,C6_WGSerr_r0,C7_WGSerr_r0,C8_WGSerr_r0,C10_WGSerr_r0,C9_WGSerr_r0,C11_WGSerr_r0,C12_WGSerr_r0,C13_WGSerr_r0,C14_WGSerr_r0,C15_WGSerr_r0,C16_WGSerr_r0,C17_WGSerr_r0
UnW_D,0.0195539931972103,0.123659998180383,0,0,0,0,0.0468902203329198,0.123659998180383,0.0683690700212774,0,0,0.0210544029700165,0,0.0509619818312895,0.0509619818312895,0.0311873788971782,0.0856130342676322,0,0.0210544029700165,0.0311873788971782
Weight_D,0.0106539378734621,0.0175127547146815,0.0169330586411491,0.0130816251739689,0.01403591056161,0.0170447791447395,0.0151553290216721,0.0122631614757946,0.0100455384560278,0.0114416223028928,0.0148457658016295,0.0160969488271244,0.0150030792592644,0.0145508046512801,0.010779018102509,0.0116963385613315,0.0107294740215472,0.0172783813093678,0.0132411882037222,0.015606492359251
Bray_D,0.0931699174395762,0.100276883818072,0.158680728270452,0.0741175147415608,0.0920901538770579,0.109401611207971,0.118524643788108,0.0954028983404705,0.0616486362943776,0.0837949154949581,0.0784348107791236,0.100826033514179,0.102549864146582,0.105458945675818,0.106934111428528,0.0787448315179578,0.103709489601784,0.122205599837338,0.0970344995628431,0.105669642834168
JC_D,0.111111111111111,0.125,0,0,0,0,0.2,0.125,0.111111111111111,0,0,0.111111111111111,0,0.2,0.2,0.111111111111111,0.222222222222222,0,0.111111111111111,0.111111111111111
JSD,0.0122433686171038,0.0233462464706697,0.0144916559468012,0.00559413620580716,0.00756924596669488,0.0079499969913107,0.0204701705834736,0.0224665149962639,0.00840468931424007,0.00403658601751835,0.00855247269081482,0.00998431961254374,0.00801002405456129,0.0155442947707181,0.0272456248681056,0.00784718020376374,0.0265415260748853,0.0111907940354363,0.0111599564717172,0.0143438387534508
