C1_WGSerr_r0,C10_WGSerr_r0,C11_WGSerr_r0,C12_WGSerr_r0,C13_WGSerr_r0,C14_WGSerr_r0,C15_WGSerr_r0,C16_WGSerr_r0,C17_WGSerr_r0,C18_WGSerr_r0,C19_WGSerr_r0,C2_WGSerr_r0,C20_WGSerr_r0,C3_WGSerr_r0,C4_WGSerr_r0,C5_WGSerr_r0,C6_WGSerr_r0,C7_WGSerr_r0,C8_WGSerr_r0,C9_WGSerr_r0
sorted_JSD,0.00458535489926001,0.0764255033143905,0.0557146911126282,0.0922062305572215,0.0784355587367591,0.149115277316581,0.0964253447397363,0.000700747708756408,0.0679231465792812,0.00485241982613296,0.00809428514406696,0.0748219052042414,0.0254169400178912,0.0516630229782846,0.0641085445055368,0.0543463474163868,0.138571349427507,0.0408122726995292,0.0397787730859147,0.0602950522994151
