C1_WGSerr_r0,C18_WGSerr_r0,C19_WGSerr_r0,C2_WGSerr_r0,C20_WGSerr_r0,C3_WGSerr_r0,C4_WGSerr_r0,C5_WGSerr_r0,C6_WGSerr_r0,C7_WGSerr_r0,C8_WGSerr_r0,C10_WGSerr_r0,C9_WGSerr_r0,C11_WGSerr_r0,C12_WGSerr_r0,C13_WGSerr_r0,C14_WGSerr_r0,C15_WGSerr_r0,C16_WGSerr_r0,C17_WGSerr_r0
UnW_D,0.157440497323005,0,0,0.157440497323005,0,0.157440497323005,0.157440497323005,0.157440497323005,0.122838445303553,0.122838445303553,0.122838445303553,0.122838445303553,0.122838445303553,0.122838445303553,0.119311755769234,0,0,0,0,0
Weight_D,0.00627403085002569,0.00138977959397097,0.000682019757500638,0.00703210567281328,0,0.00688257922309223,0.00582598619109612,0.00729601349167275,0.00744010196512739,0.00734558867635588,0.00710864920351962,0.0086632593035078,0.00648946867614278,0.0065025323488086,0.00862876895369192,0.00535347765479034,0.00480926185588574,0.00360931193864298,0.00405041337463661,0.00104838122735465
Bray_D,0.046216,0.00941726852500628,0.00539984365574778,0.0510549542802281,0.000638407303859834,0.0479661451936551,0.0311529677564406,0.0351937408457719,0.0288159921033606,0.0293892233829757,0.027396769543515,0.0358084007098796,0.0280591820024836,0.0276722537476314,0.0367144777856156,0.0249962516980944,0.0240296028782372,0.0171844051698854,0.0204538903340667,0.00870693949014141
JC_D,0.5,0,0,0.5,0,0.5,0.5,0.5,0.333333333333333,0.333333333333333,0.333333333333333,0.333333333333333,0.333333333333333,0.333333333333333,0.333333333333333,0,0,0,0,0
JSD,0.0171237893440443,4.54634734386122e-05,2.07200709634811e-05,0.0182262052214615,0,0.0169472259189644,0.0106397935788818,0.0125971763983526,0.00831690311429532,0.00831145303757289,0.00640987286927753,0.00868381741140514,0.00752572249818661,0.00563609643509659,0.00587288480130101,0.000269896264615461,0.000234935142409411,0.000148033872270098,0.000216067299337315,1.85072361035075e-05
