C1_WGSerr_r0,C18_WGSerr_r0,C19_WGSerr_r0,C2_WGSerr_r0,C20_WGSerr_r0,C3_WGSerr_r0,C4_WGSerr_r0,C5_WGSerr_r0,C6_WGSerr_r0,C7_WGSerr_r0,C8_WGSerr_r0,C10_WGSerr_r0,C9_WGSerr_r0,C11_WGSerr_r0,C12_WGSerr_r0,C13_WGSerr_r0,C14_WGSerr_r0,C15_WGSerr_r0,C16_WGSerr_r0,C17_WGSerr_r0
Rank1,0.028179,0.0139159999999999,0.00822599999999996,0.030747,0.00127599999999994,0.02713,0.00987400000000005,0.00668500000000005,0.000656999999999908,-0.00334999999999996,-0.000844999999999985,-0.00892499999999996,0.00207100000000005,0.036852,0.0413709999999999,0.034309,0.0341469999999999,0.021497,0.0264110000000001,0.014848
Rank2,0.016185,-0.004833,-0.002543,0.020874,0,0.021365,0.022693,0.028625,0.034141,0.0324349999999999,0.036175,0.038633,0.032853,-0.00259399999999999,-0.016066,-0.015206,-0.013414,-0.012721,-0.014248,-0.00245799999999999
