C1_WGSerr_r0,C18_WGSerr_r0,C19_WGSerr_r0,C2_WGSerr_r0,C20_WGSerr_r0,C3_WGSerr_r0,C4_WGSerr_r0,C5_WGSerr_r0,C6_WGSerr_r0,C7_WGSerr_r0,C8_WGSerr_r0,C10_WGSerr_r0,C9_WGSerr_r0,C11_WGSerr_r0,C12_WGSerr_r0,C13_WGSerr_r0,C14_WGSerr_r0,C15_WGSerr_r0,C16_WGSerr_r0,C17_WGSerr_r0
sorted_JSD,0.102631654025702,0.00785724131006845,0.00609792735888413,0.0972078373833261,0,0.105227794438776,0.10695140811907,0.101283705530586,0.0868651543841575,0.0922753930431619,0.0753216427626574,0.0731700529085964,0.0689266327822152,0.0537589942619876,0.048847759598272,0.0394611588000967,0.0315001668711945,0.0286305115008409,0.0208652231769809,0.0141034040185511
