C10_WGSerr_r0,C11_WGSerr_r0,C12_WGSerr_r0,C13_WGSerr_r0,C14_WGSerr_r0,C15_WGSerr_r0,C16_WGSerr_r0,C17_WGSerr_r0,C18_WGSerr_r0,C19_WGSerr_r0,C1_WGSerr_r0,C20_WGSerr_r0,C2_WGSerr_r0,C3_WGSerr_r0,C4_WGSerr_r0,C5_WGSerr_r0,C6_WGSerr_r0,C7_WGSerr_r0,C8_WGSerr_r0,C9_WGSerr_r0
sorted_JSD,0.0178637388847183,0.0270980196035438,0.0361573715457643,0.0247820562747839,0.0111844850946597,0.03845791966349,0.00285530056938659,0.0108923397919336,0.0129661963772874,0.0359752947619165,0.0096389135065736,0.029224407309253,0.0265410991074479,0.00585621974122238,0.0476598594488231,0.00177450119925073,0.0105332666082451,0.0217793074076247,0.0497021930374063,0.0370556623954014
