C10_WGSerr_r0,C11_WGSerr_r0,C12_WGSerr_r0,C13_WGSerr_r0,C14_WGSerr_r0,C15_WGSerr_r0,C16_WGSerr_r0,C17_WGSerr_r0,C18_WGSerr_r0,C19_WGSerr_r0,C1_WGSerr_r0,C20_WGSerr_r0,C2_WGSerr_r0,C3_WGSerr_r0,C4_WGSerr_r0,C5_WGSerr_r0,C6_WGSerr_r0,C7_WGSerr_r0,C8_WGSerr_r0,C9_WGSerr_r0
GCA_001675145,0.312210403059697,0.451531124712215,0.162933443667211,0.572690272191752,0.322538875348511,0.4263544240337,0.359669160395942,0.57166884429421,0.701512990459857,0,0,0.426582829565445,0.243746804777381,0.323027458149454,0.0384927025925561,0.100379593664778,0.298362744993049,0.1056524287637,0.431914404342615,0.189762817897646
GCA_003018655,0,0,0.171023149045649,0.146623381045176,0,0.0236333267538963,0.0313164716755912,0,0,0,0.318401348065906,0.116387668182177,0.2351163567633,0.0589676346613675,0,0.188434945034031,0.547437348802075,0.118564582398234,0.160607205958102,0.45352956093478
GCA_001901465,0,0,0.440827984300565,0,0.493554049898543,0.139687667470543,0.205310915237272,0.124372485706788,0.163650934034354,0.196218446341838,0.149599938512554,0.201908428468915,0.233767331298746,0.112270134453813,0,0.45433378300401,0.154199906204876,0.10245794917956,0.00665120165651162,0
GCA_003586065,0.280658005084561,0.145328646696336,0.0993601457484544,0.123159116289419,0.0874057408500599,0.0881726370112335,0.119345341210267,0.0948265760660092,0,0,0.1307078030762,0.23879656766264,0,0.115397170798803,0.657840078781046,0.106590689737428,0,0,0.265401933023696,0
GCA_002903105,0.229481657583093,0.0624512785653872,0,0,0.0635302061443319,0.322151944730627,0,0.142354181447852,0.134836075505788,0.671964753321935,0.0706240137989174,0,0.0658329229541656,0.239414664276317,0,0.150260988559754,0,0.0686960457846852,0.135425255019076,0.318083714345017
GCA_008275005,0.17764993427265,0.340688950026062,0.12585527723812,0.157527230473653,0.0329711277585549,0,0.284358111480927,0.0667779124851415,0,0.131816800336227,0.330666896546422,0.0163245061208224,0.221536584206408,0.150922937660246,0.303667218626398,0,0,0.60462899387382,0,0.0386239068225581
