C10_WGSerr_r0,C11_WGSerr_r0,C12_WGSerr_r0,C13_WGSerr_r0,C14_WGSerr_r0,C15_WGSerr_r0,C16_WGSerr_r0,C17_WGSerr_r0,C18_WGSerr_r0,C19_WGSerr_r0,C1_WGSerr_r0,C20_WGSerr_r0,C2_WGSerr_r0,C3_WGSerr_r0,C4_WGSerr_r0,C5_WGSerr_r0,C6_WGSerr_r0,C7_WGSerr_r0,C8_WGSerr_r0,C9_WGSerr_r0
sorted_JSD,0.118344349758167,0.14953380723096,0.110842441012757,0.137196871405336,0.138153174122799,0.127298591503704,0.115581890507451,0.106391990456995,0.18037615557994,0.117665239559994,0.101050892904256,0.132424339282035,0.102311119455026,0.084927937229716,0.145296964187663,0.0844886183152926,0.169479297292929,0.0997914874782108,0.101963693923906,0.127091728648996
