C10_WGSerr_r0,C11_WGSerr_r0,C12_WGSerr_r0,C13_WGSerr_r0,C14_WGSerr_r0,C15_WGSerr_r0,C16_WGSerr_r0,C17_WGSerr_r0,C18_WGSerr_r0,C19_WGSerr_r0,C1_WGSerr_r0,C20_WGSerr_r0,C2_WGSerr_r0,C3_WGSerr_r0,C4_WGSerr_r0,C5_WGSerr_r0,C6_WGSerr_r0,C7_WGSerr_r0,C8_WGSerr_r0,C9_WGSerr_r0
UnW_D,0.309785486372303,0.309785486372303,0.353752038526249,0.312080514905475,0.331999906613195,0.423832051329546,0.353752038526249,0.331999906613195,0.564070311629041,0.753218175662154,0.572834114802433,0.353752038526249,0.402250565229975,0.297006105771838,0.370190524637493,0.423832051329546,0.598014915647813,0.402250565229975,0.386679444723562,0.363706335808317
Weight_D,0.0555925556168993,0.0647959697246292,0.0839388174625981,0.071669728623043,0.0938316734143359,0.0755296086275312,0.0683864528220762,0.0877096379597182,0.10413630260462,0.0573681231636031,0.0667680104664336,0.0990616474666487,0.06891169799197,0.0520962885287595,0.062464144027087,0.0681332827756192,0.0881101619399739,0.0689511781664238,0.0588049681820063,0.0658006613756431
Bray_D,0.32235006572735,0.387548721434613,0.524784577013426,0.353376618954824,0.666092925247053,0.48819403623487,0.518683528324409,0.512819242486139,0.565163924494212,0.45,0.379375986201082,0.583675493879177,0.434167077045835,0.341032365338633,0.361507297407444,0.461565054965969,0.55,0.412739371817081,0.30164508935356,0.411376093177442
JC_D,0.5,0.5,0.555555555555556,0.5,0.555555555555556,0.555555555555556,0.555555555555556,0.555555555555556,0.777777777777778,0.777777777777778,0.555555555555556,0.555555555555556,0.555555555555556,0.444444444444444,0.625,0.555555555555556,0.777777777777778,0.555555555555556,0.5,0.5
JSD,0.129416632347871,0.14953380723096,0.330742693041198,0.154467070590848,0.398259155570295,0.23672619897708,0.253443612466154,0.263747237696161,0.288930707594704,0.236108311773639,0.185075063599494,0.299989256538703,0.231227897923847,0.162917120352924,0.145296964187663,0.313557111374792,0.274892454090209,0.185385142664241,0.10878772745156,0.155891531986282
