C10_WGSerr_r0,C11_WGSerr_r0,C12_WGSerr_r0,C13_WGSerr_r0,C14_WGSerr_r0,C15_WGSerr_r0,C16_WGSerr_r0,C17_WGSerr_r0,C18_WGSerr_r0,C19_WGSerr_r0,C1_WGSerr_r0,C20_WGSerr_r0,C2_WGSerr_r0,C3_WGSerr_r0,C4_WGSerr_r0,C5_WGSerr_r0,C6_WGSerr_r0,C7_WGSerr_r0,C8_WGSerr_r0,C9_WGSerr_r0
Rank1,-0.112210403059697,-0.201531124712215,-0.240827984300565,-0.322690272191752,-0.243554049898543,-0.1763544240337,-0.159669160395942,-0.32166884429421,-0.401512990459857,-0.221964753321935,-0.080666896546422,-0.226582829565445,-0.043746804777381,-0.123027458149454,-0.357840078781046,-0.20433378300401,-0.247437348802075,-0.30462899387382,-0.181914404342615,-0.20352956093478
Rank2,-0.080658005084561,-0.140688950026062,-0.021023149045649,-0.007527230473653,-0.172538875348511,-0.172151944730627,-0.134358111480927,0.057645818552148,-0.013650934034354,-0.046218446341838,-0.118401348065906,-0.08879656766264,-0.0851163567633,-0.089414664276317,-0.00366721862639802,0.011565054965969,-0.148362744993049,0.031435417601766,-0.065401933023696,-0.118083714345017
Rank3,-0.079481657583093,-0.045328646696336,-0.012933443667211,0.003376618954824,0.0625942591499401,0.010312332529457,-0.055310915237272,0.025627514293212,0.015163924494212,-0.031816800336227,-0.049599938512554,-0.051908428468915,-0.083767331298746,-0.000922937660246009,0.0615072974074439,-0.000260988559754011,-0.00419990620487601,0.0443475712363,-0.010607205958102,-0.039762817897646
Rank4,-0.02764993427265,0.0375487214346128,0.02414472276188,0.026840883710581,0.0364697938556681,0.0118273629887665,0.030654658789733,0.00517342393399081,0.15,0.1,-0.0307078030762,0.033612331817823,-0.071536584206408,-0.015397170798803,0.1,-0.00659068973742799,0.1,-0.00245794917955999,0.014574744980924,0.111376093177442
Rank5,0.1,0.1,0.000639854251545599,0.1,0.0670288722414451,0.0763666732461037,0.118683528324409,0.0332220875148585,0.1,0.05,0.0293759862010826,0.0836754938791776,0.0341670770458344,-0.012270134453813,0.05,-0.000379593664777994,0.1,0.0313039542153148,0.1,0.1
Rank6,0.1,0.1,0.1,0.1,0.1,0.1,0.1,0.1,0.05,0.05,0.1,0.1,0.1,0.0410323653386325,0.05,0.1,0.1,0.1,0.05,0.05
Rank7,0.05,0.1,0.1,0.05,0.1,0.1,0.05,0.05,0.05,0.05,0.1,0.1,0.1,0.1,0.05,0.05,0.05,0.05,0.05,0.05
Rank8,0.05,0.05,0.05,0.05,0.05,0.05,0.05,0.05,0.05,0.05,0.05,0.05,0.05,0.1,0.05,0.05,0.05,0.05,0.05,0.05
