C10_WGSerr_r0,C11_WGSerr_r0,C12_WGSerr_r0,C13_WGSerr_r0,C14_WGSerr_r0,C15_WGSerr_r0,C16_WGSerr_r0,C17_WGSerr_r0,C18_WGSerr_r0,C19_WGSerr_r0,C1_WGSerr_r0,C20_WGSerr_r0,C2_WGSerr_r0,C3_WGSerr_r0,C4_WGSerr_r0,C5_WGSerr_r0,C6_WGSerr_r0,C7_WGSerr_r0,C8_WGSerr_r0,C9_WGSerr_r0
UnW_D,0.0769907701942391,0.195668027172504,0.173393870429713,0.195668027172504,0,0.454436141389092,0,0,0,0.693971600425717,0,0.0769907701942391,0,0,0.454436141389092,0,0,0,0.454436141389092,0
Weight_D,0.0102495597867733,0.0258184300908749,0.0193906616269464,0.0265330948698868,0.0214228591443098,0.026526493653779,0.0154789239733217,0.0213003776745123,0.0246277031623163,0.0191947220168711,0.0238160038595377,0.0310821943024583,0.0366471267739833,0.0161946780815194,0.0362629314033439,0.0100109005093557,0.0259082997433639,0.0305761683960708,0.0373357953449864,0.0431424780605818
Bray_D,0.0518395098021875,0.125626115617525,0.115074151547075,0.143194846736451,0.122323581055656,0.116649155268982,0.0691907815500645,0.104663381804876,0.132079805637664,0.1,0.114055783784578,0.146508569377962,0.158196093681304,0.090240838682829,0.180140579633154,0.05924537573283,0.126665485171801,0.151718390177925,0.170357120519426,0.174148911666939
JC_D,0.25,0.25,0.25,0.25,0,0.25,0,0,0,0.5,0,0.25,0,0,0.25,0,0,0,0.25,0
JSD,0.0178579570440827,0.0270719730667418,0.0375307107556579,0.024777515449396,0.0111964302292355,0.038453218613761,0.00283948769624355,0.0123498284335106,0.0129355019617413,0.0359751570072126,0.00961716227703537,0.0292532135978703,0.0268842465873149,0.00587756646805268,0.0476432119076225,0.00177377897734337,0.0105297717406254,0.0216982657245204,0.0497548448147178,0.0369405778124828
