C10_WGSerr_r0,C11_WGSerr_r0,C12_WGSerr_r0,C13_WGSerr_r0,C14_WGSerr_r0,C15_WGSerr_r0,C16_WGSerr_r0,C17_WGSerr_r0,C18_WGSerr_r0,C19_WGSerr_r0,C1_WGSerr_r0,C20_WGSerr_r0,C2_WGSerr_r0,C3_WGSerr_r0,C4_WGSerr_r0,C5_WGSerr_r0,C6_WGSerr_r0,C7_WGSerr_r0,C8_WGSerr_r0,C9_WGSerr_r0
Rank1,-0.021227714500467,-0.035746582384338,-0.022241807353972,-0.143194846736451,-0.078628734374129,-0.116649155268982,-0.027702156001905,-0.024186360727647,-0.080362552576086,-0.087805844579683,-0.088655706948364,-0.146508569377962,-0.141653998007519,-0.090240838682829,-0.15487205784493,-0.032045721040453,-0.126665485171801,-0.151718390177925,-0.088431361378595,-0.174148911666939
Rank2,-0.030611795301721,-0.089879533233187,-0.034925848452925,0.049487338093377,-0.043694846681527,0.00982101256171197,-0.04148862554816,-0.034298642779341,-0.051717253061578,-0.012194155420317,-0.025400076836214,0.015016067705369,0.033457904326215,0.00809243976492197,-0.025268521788224,0.03475539221125,0.0348852639516,0.010075876643587,-0.081925759140831,0.03379854003718
Rank3,0.001839509802187,0.0756261156175256,-0.042832344193103,0.043707508643074,0.04767488911737,0.00682814270727,0.040828270212406,-0.030477021077229,0.04881282655623,0.05,0.069932561280132,0.0814925016725932,-0.00923622803847798,0.040703251517305,0.0801405796331537,-0.027199654692377,0.020942866646442,0.0661239244272041,0.070357120519426,0.008944759738021
Rank4,0.05,0.05,0.1,0.05,0.0746486919382865,0.1,0.028362511337658,0.0889620245842175,0.0832669790814336,0.05,0.0441232225044466,0.05,0.117432321719782,0.041445147400602,0.1,0.02448998352158,0.070837354573759,0.0755185891071345,0.1,0.131405611891738
