C10_WGSerr_r0,C11_WGSerr_r0,C12_WGSerr_r0,C13_WGSerr_r0,C14_WGSerr_r0,C15_WGSerr_r0,C16_WGSerr_r0,C17_WGSerr_r0,C18_WGSerr_r0,C19_WGSerr_r0,C1_WGSerr_r0,C20_WGSerr_r0,C2_WGSerr_r0,C3_WGSerr_r0,C4_WGSerr_r0,C5_WGSerr_r0,C6_WGSerr_r0,C7_WGSerr_r0,C8_WGSerr_r0,C9_WGSerr_r0
sorted_JSD,0.0178579570440827,0.0270719730667418,0.0361549673505126,0.024777515449396,0.0111964302292355,0.038453218613761,0.00283948769624355,0.0108806460827375,0.0129355019617413,0.0359751570072126,0.00961716227703537,0.0292532135978703,0.0264666756434519,0.00587756646805268,0.0476432119076225,0.00177377897734337,0.0105297717406254,0.0216982657245204,0.0497548448147178,0.0369405778124828
