C1_WGSerr_r0,C2_WGSerr_r0,C3_WGSerr_r0,C4_WGSerr_r0,C5_WGSerr_r0,C6_WGSerr_r0,C7_WGSerr_r0,C8_WGSerr_r0,C9_WGSerr_r0,C10_WGSerr_r0,C11_WGSerr_r0,C12_WGSerr_r0,C13_WGSerr_r0,C14_WGSerr_r0,C15_WGSerr_r0,C16_WGSerr_r0,C17_WGSerr_r0,C18_WGSerr_r0,C19_WGSerr_r0,C20_WGSerr_r0,C1_WGSerr_r1,C2_WGSerr_r1,C3_WGSerr_r1,C4_WGSerr_r1,C5_WGSerr_r1,C6_WGSerr_r1,C7_WGSerr_r1,C8_WGSerr_r1,C9_WGSerr_r1,C10_WGSerr_r1,C11_WGSerr_r1,C12_WGSerr_r1,C13_WGSerr_r1,C14_WGSerr_r1,C15_WGSerr_r1,C16_WGSerr_r1,C17_WGSerr_r1,C18_WGSerr_r1,C19_WGSerr_r1,C20_WGSerr_r1,C1_WGSerr_r2,C2_WGSerr_r2,C3_WGSerr_r2,C4_WGSerr_r2,C5_WGSerr_r2,C6_WGSerr_r2,C7_WGSerr_r2,C8_WGSerr_r2,C9_WGSerr_r2,C10_WGSerr_r2,C11_WGSerr_r2,C12_WGSerr_r2,C13_WGSerr_r2,C14_WGSerr_r2,C15_WGSerr_r2,C16_WGSerr_r2,C17_WGSerr_r2,C18_WGSerr_r2,C19_WGSerr_r2,C20_WGSerr_r2
sorted_JSD,0.0996367153913941,0.1015057113937,0.0819580002393064,0.129516762714729,0.080855662992776,0.138303135973927,0.0829863413205598,0.0602852553879289,0.109094524085376,0.117886627378499,0.105187369502691,0.10193379481119,0.131690385498482,0.121171408615624,0.113993423422829,0.0999213769701565,0.0960974019952962,0.174665139255918,0.103099724782387,0.110221908204031,0.098781566581088,0.102027357364491,0.0837184348065234,0.131414439372793,0.0816099765015815,0.136475878014136,0.0822027845339512,0.0607131065562847,0.11031960040215,0.118183273329425,0.105535747273169,0.104032394097577,0.131007518308221,0.122463504561493,0.111590971714958,0.0978741325363097,0.0941056824208607,0.17415528958137,0.120453061869059,0.111735738180565,0.100268708465982,0.101284748496409,0.081574455871113,0.132146525305628,0.0814322628653419,0.1373560359044,0.0831082639521148,0.0609331258980413,0.111213379372536,0.118359899849182,0.106896319005021,0.102764925521395,0.132559514394774,0.122757080203356,0.111348883278231,0.101700857098275,0.0966022964609381,0.174778365081589,0.119515405625259,0.112321244729196
