C1_WGSerr_r0,C18_WGSerr_r0,C19_WGSerr_r0,C2_WGSerr_r0,C20_WGSerr_r0,C3_WGSerr_r0,C4_WGSerr_r0,C5_WGSerr_r0,C6_WGSerr_r0,C7_WGSerr_r0,C8_WGSerr_r0,C10_WGSerr_r0,C9_WGSerr_r0,C11_WGSerr_r0,C12_WGSerr_r0,C13_WGSerr_r0,C14_WGSerr_r0,C15_WGSerr_r0,C16_WGSerr_r0,C17_WGSerr_r0
Rank1,0.0283949999999999,0.016724,0.00876500000000002,0.0308350000000001,0.001753,0.027996,0.0102590000000001,0.00703600000000004,0.00246999999999997,-0.00209999999999999,-0.00134900000000004,-0.00890099999999994,0.00102000000000002,0.0370360000000001,0.0422389999999999,0.035101,0.0345559999999999,0.022056,0.0259550000000001,0.01342
Rank2,0.0163,-0.00510899999999999,-0.002892,0.020683,0,0.020954,0.022563,0.02854,0.034539,0.0323599999999999,0.036452,0.039064,0.032644,-0.00273999999999996,-0.017913,-0.015191,-0.013395,-0.012838,-0.014447,-0.00145000000000001
