C1_WGSerr_r0,C18_WGSerr_r0,C19_WGSerr_r0,C2_WGSerr_r0,C20_WGSerr_r0,C3_WGSerr_r0,C4_WGSerr_r0,C5_WGSerr_r0,C6_WGSerr_r0,C7_WGSerr_r0,C8_WGSerr_r0,C10_WGSerr_r0,C9_WGSerr_r0,C11_WGSerr_r0,C12_WGSerr_r0,C13_WGSerr_r0,C14_WGSerr_r0,C15_WGSerr_r0,C16_WGSerr_r0,C17_WGSerr_r0
bench_rank1,0.95,0.9,0.95,0.9,1,0.85,0.8,0.75,0.7,0.65,0.6,0.5,0.55,0.55,0.6,0.65,0.7,0.75,0.8,0.85
bench_rank2,0.05,0.1,0.05,0.1,0,0.15,0.2,0.25,0.3,0.35,0.4,0.5,0.45,0.45,0.4,0.35,0.3,0.25,0.2,0.15
bench_rank3,0,0,0,0,0,0,0,0,0,0,0,0,0,0,0,0,0,0,0,0
predict_rank1,0.921605,0.883276,0.941235,0.869165,0.998247,0.822004,0.789741,0.742964,0.69753,0.6521,0.601349,0.508901,0.54898,0.512964,0.557761,0.614899,0.665444,0.727944,0.774045,0.83658
predict_rank2,0.0337,0.105109,0.052892,0.079317,0,0.129046,0.177437,0.22146,0.265461,0.31764,0.363548,0.460936,0.417356,0.45274,0.417913,0.365191,0.313395,0.262838,0.214447,0.15145
predict_rank3,0.044695,0.0116149999999999,0.00587300000000002,0.0515180000000001,0.001753,0.04895,0.0328220000000001,0.0355760000000001,0.0370090000000001,0.03026,0.035103,0.0301630000000001,0.0336639999999999,0.0342960000000001,0.0243259999999998,0.0199100000000001,0.021161,0.00921799999999995,0.0115080000000001,0.01197
