C1_WGSerr_r0,C18_WGSerr_r0,C19_WGSerr_r0,C2_WGSerr_r0,C20_WGSerr_r0,C3_WGSerr_r0,C4_WGSerr_r0,C5_WGSerr_r0,C6_WGSerr_r0,C7_WGSerr_r0,C8_WGSerr_r0,C10_WGSerr_r0,C9_WGSerr_r0,C11_WGSerr_r0,C12_WGSerr_r0,C13_WGSerr_r0,C14_WGSerr_r0,C15_WGSerr_r0,C16_WGSerr_r0,C17_WGSerr_r0
UnW_D,0.157440497323005,0,0,0.157440497323005,0,0.157440497323005,0.157440497323005,0.157440497323005,0.122838445303553,0.122838445303553,0.122838445303553,0.122838445303553,0.122838445303553,0.122838445303553,0.119311755769234,0,0,0,0,0
Weight_D,0.00625324981215519,0.00152176992064092,0.000768650933878509,0.00700758495211934,0,0.00680660630558644,0.00581111063872716,0.00730134506474853,0.00740910943466061,0.00728030440457973,0.00716558022644555,0.00870027813370121,0.00658011738927102,0.00651330385630433,0.00913645440814576,0.00542334169773086,0.00483817362060016,0.0036659998560647,0.00406423040891282,0.000787924221330189
Bray_D,0.046288,0.0109802679058633,0.00584566579761471,0.0510534906836897,0.000877268926213829,0.0482290334928709,0.0313627479798317,0.0354708663244294,0.0300837983200048,0.0290091104401289,0.0276218338734044,0.0359525368125625,0.0274631047559238,0.0277284443982242,0.0386387019387606,0.0253988455070224,0.0242318854641534,0.0175277855636629,0.0203179092498235,0.00747976640191546
JC_D,0.5,0,0,0.5,0,0.5,0.5,0.5,0.333333333333333,0.333333333333333,0.333333333333333,0.333333333333333,0.333333333333333,0.333333333333333,0.333333333333333,0,0,0,0,0
JSD,0.0171325910211797,5.43816253248939e-05,2.62318893939225e-05,0.0182526169139475,0,0.0169577043529854,0.0106930546545405,0.012695410247173,0.00841563756285096,0.00849937705352545,0.00629887309018255,0.00864425371215846,0.00756228405139315,0.00556000320219131,0.00632531611397991,0.000276938974477395,0.000237743263085581,0.000152675203566806,0.000217522112741373,1.04843278963294e-05
