C1_WGSerr_r0,C18_WGSerr_r0,C19_WGSerr_r0,C2_WGSerr_r0,C20_WGSerr_r0,C3_WGSerr_r0,C4_WGSerr_r0,C5_WGSerr_r0,C6_WGSerr_r0,C7_WGSerr_r0,C8_WGSerr_r0,C10_WGSerr_r0,C9_WGSerr_r0,C11_WGSerr_r0,C12_WGSerr_r0,C13_WGSerr_r0,C14_WGSerr_r0,C15_WGSerr_r0,C16_WGSerr_r0,C17_WGSerr_r0
sorted_JSD,0.102740866269617,0.00758790189962045,0.00599256121694019,0.0975152641654756,0,0.105594108829389,0.107023185091803,0.101408373312399,0.0868370611774547,0.0917921240543925,0.0753598824276177,0.0731213300196229,0.0690066924339723,0.0535947233977949,0.0529989072469671,0.0393573707915582,0.031363590837056,0.0287163278696973,0.0208925804945067,0.0137223767490967
