C1_WGSerr_r0,C18_WGSerr_r0,C19_WGSerr_r0,C2_WGSerr_r0,C20_WGSerr_r0,C3_WGSerr_r0,C4_WGSerr_r0,C5_WGSerr_r0,C6_WGSerr_r0,C7_WGSerr_r0,C8_WGSerr_r0,C10_WGSerr_r0,C9_WGSerr_r0,C11_WGSerr_r0,C12_WGSerr_r0,C13_WGSerr_r0,C14_WGSerr_r0,C15_WGSerr_r0,C16_WGSerr_r0,C17_WGSerr_r0
sorted_JSD,0.0551252432117584,0.0334184926891192,0.0591620165122142,0.0638361415628479,0.0364315667258418,0.0303359882707825,0.0522532343279317,0.0372160339663682,0.0681073429511675,0.0684272694274353,0.0320364591067175,0.0248864814001757,0.0649498637003228,0.0430429163524427,0.0729238694691143,0.0419400319234153,0.0495405549289098,0.0256701789410517,0.0578336833839803,0.0251078109690804
