C10_WGSerr_r0,C11_WGSerr_r0,C12_WGSerr_r0,C13_WGSerr_r0,C14_WGSerr_r0,C15_WGSerr_r0,C16_WGSerr_r0,C17_WGSerr_r0,C18_WGSerr_r0,C19_WGSerr_r0,C1_WGSerr_r0,C20_WGSerr_r0,C2_WGSerr_r0,C3_WGSerr_r0,C4_WGSerr_r0,C5_WGSerr_r0,C6_WGSerr_r0,C7_WGSerr_r0,C8_WGSerr_r0,C9_WGSerr_r0
UnW_D,0.301554559376925,0.421816345540335,0.551696096648522,0.303849587910098,0.529943964735468,0.416099722318585,0.381013510356645,0.301554559376925,0.416099722318585,0.753218175662154,0.718224374820796,0.522788451578055,0.402250565229975,0.289273776760876,0.58668989748988,0.402250565229975,0.485038127178715,0.700054848075001,0.437244366071332,0.498710303891594
Weight_D,0.0515333572989147,0.073588319507432,0.0913962532339585,0.0424732530935816,0.0941936170172766,0.0576571589516019,0.071114465186281,0.0683718276826382,0.0624351259715652,0.0620670397538784,0.0789775533110073,0.0819320849866582,0.0647500926913212,0.0400265543590432,0.105754619941449,0.105789040258989,0.0803633740735017,0.10389343849179,0.069287326325993,0.0677257279431206
Bray_D,0.387063324009946,0.453917178205103,0.6,0.3,0.708979649893425,0.473006235138776,0.548399726517931,0.466982291765948,0.40076112034426,0.51691054856916,0.45,0.6,0.398743640408657,0.319357739065202,0.6,0.66960451452995,0.518984905788561,0.531483808457664,0.55,0.45
JC_D,0.5,0.625,0.666666666666667,0.5,0.666666666666667,0.555555555555556,0.666666666666667,0.5,0.555555555555556,0.777777777777778,0.666666666666667,0.625,0.555555555555556,0.444444444444444,0.777777777777778,0.555555555555556,0.666666666666667,0.625,0.666666666666667,0.625
JSD,0.151635915193553,0.200940501161466,0.330270710653063,0.12064217701549,0.432833013033461,0.192510128298108,0.297978781486125,0.183761510069384,0.196074130498417,0.238149089415151,0.195265651857647,0.277446685365086,0.217468395990379,0.134257529675394,0.283324012117182,0.421611053834555,0.232121146597584,0.225128448818691,0.311477007452795,0.191842712895222
