C10_WGSerr_r0,C11_WGSerr_r0,C12_WGSerr_r0,C13_WGSerr_r0,C14_WGSerr_r0,C15_WGSerr_r0,C16_WGSerr_r0,C17_WGSerr_r0,C18_WGSerr_r0,C19_WGSerr_r0,C1_WGSerr_r0,C20_WGSerr_r0,C2_WGSerr_r0,C3_WGSerr_r0,C4_WGSerr_r0,C5_WGSerr_r0,C6_WGSerr_r0,C7_WGSerr_r0,C8_WGSerr_r0,C9_WGSerr_r0
GCA_008275005,0.3323297583725,0.530906438878143,0.18946048688058,0.289522377108102,0.0813296084550852,0,0.461413688942136,0.202779378307823,0,0.0330894514308396,0.425006140055448,0.167660943902175,0.254045282209063,0.197145513018143,0.852565012094454,0.0260488545026791,0,0.810186895842567,0.215818746432874,0
GCA_001675145,0.109949793501247,0.37301073932696,0,0.312531249746098,0,0.0655259137933865,0.165528876882191,0.0830177082340517,0.472630683938383,0,0,0,0.166484169234323,0.130642260934798,0,0.0109377946886644,0.216178892235539,0,0.373287905700598,0.128349679434697
GCA_002903105,0.32537634834362,0.0960828217948966,0,0,0.0910203501065748,0.422429655025081,0,0.19820596371914,0.202403399953173,0.842527953257661,0.134263548848752,0,0.102878213629551,0.3328005044352,0,0.176323176820207,0,0.121296912615097,0.160543339367018,0.439720241071754
GCA_900622695,0.222597962519817,0,0.160713683916654,0.213058717007968,0.338238656211357,0.386389072408529,0.136071396599878,0.515996949738985,0.110582595268863,0,0,0.540109433263169,0.00417911452012707,0.171194979580218,0.132384563132582,0,0.0310150942114394,0,0,0
GCA_001901465,0,0,0.25944925876197,0,0.489411385226983,0.0641875077051658,0.236986037575795,0,0.115144441183841,0.124382595311499,0.017866411125389,0,0.197166360065781,0.0417857686156717,0.0150504247729642,0.643281337709742,0.0758001650715918,0,0.250350008499511,0
GCA_003018655,0.00974613726281526,0,0.390376570440795,0.184887656137833,0,0.0614678510678372,0,0,0.0992388796557402,0,0.422863899970411,0.292229622834656,0.275246860341156,0.12643097341597,0,0.143408836278707,0.67700584848143,0.0685161915423364,0,0.43193007949355
