C10_WGSerr_r0,C11_WGSerr_r0,C12_WGSerr_r0,C13_WGSerr_r0,C14_WGSerr_r0,C15_WGSerr_r0,C16_WGSerr_r0,C17_WGSerr_r0,C18_WGSerr_r0,C19_WGSerr_r0,C1_WGSerr_r0,C20_WGSerr_r0,C2_WGSerr_r0,C3_WGSerr_r0,C4_WGSerr_r0,C5_WGSerr_r0,C6_WGSerr_r0,C7_WGSerr_r0,C8_WGSerr_r0,C9_WGSerr_r0
sorted_JSD,0.125763132319401,0.195080051950097,0.145571581935695,0.12064217701549,0.163782773501293,0.137575712000301,0.153140017448217,0.129625483054514,0.0663120504743249,0.143654134600819,0.170192919227349,0.225754121072297,0.0985229961576338,0.0875828683425894,0.207238987177212,0.146693929922079,0.160075183175488,0.208047204677178,0.0972569537403543,0.174053275212793
