C1_WGSerr_r0,C18_WGSerr_r0,C19_WGSerr_r0,C2_WGSerr_r0,C20_WGSerr_r0,C3_WGSerr_r0,C4_WGSerr_r0,C5_WGSerr_r0,C6_WGSerr_r0,C7_WGSerr_r0,C8_WGSerr_r0,C10_WGSerr_r0,C9_WGSerr_r0,C11_WGSerr_r0,C12_WGSerr_r0,C13_WGSerr_r0,C14_WGSerr_r0,C15_WGSerr_r0,C16_WGSerr_r0,C17_WGSerr_r0
UnW_D,0.0747470340283696,0.123998391990496,0.187312776115555,0.0747470340283696,0.0747470340283696,0.0747470340283696,0.0461924122059235,0.0747470340283696,0.0747470340283696,0.0461924122059235,0.0997396192587729,0.0747470340283696,0.0313419242977176,0.253861963248772,0.0997396192587729,0.126803620853439,0.0984447743500998,0.0997396192587729,0.0461924122059235,0.144365372093326
Weight_D,0.0168229254931832,0.0117833678561111,0.0121178959689385,0.0110286328450734,0.0145003026922329,0.0126879574475367,0.0104099357653341,0.0142088513628219,0.0151209070486985,0.0101092358466607,0.0129853825310089,0.0155609720170217,0.0126044754219021,0.00948697713005716,0.0132170173810462,0.00958254610988204,0.0125200015930695,0.0152512407522013,0.0121980034684674,0.0151205206080188
Bray_D,0.100063123754656,0.102790988729568,0.109745501555853,0.090795572006626,0.102753646555965,0.116605278589974,0.0752231263444336,0.120339341919354,0.108120436562685,0.0563309414802328,0.135323643881465,0.102780286497177,0.0671869821040702,0.0639443752670638,0.128723968394851,0.0521500084777306,0.0962204696282726,0.118812618662889,0.0800057399346697,0.12869878844835
JC_D,0.333333333333333,0.428571428571429,0.5,0.333333333333333,0.333333333333333,0.333333333333333,0.2,0.333333333333333,0.333333333333333,0.2,0.428571428571429,0.333333333333333,0.2,0.4,0.428571428571429,0.4,0.333333333333333,0.428571428571429,0.2,0.428571428571429
JSD,0.0164876353554978,0.0211810993337507,0.0470268589698427,0.0195487918660203,0.0156709873962611,0.0222546580321155,0.0185296678579151,0.0238485678002148,0.0205773435532433,0.00959764486596244,0.0305671600669341,0.0162331996516594,0.00868328568156308,0.0268910802128566,0.0293173793641124,0.0219591973014888,0.0251144805030941,0.0249042147051146,0.0125739243309718,0.0277123653974291
