C1_WGSerr_r0,C2_WGSerr_r0,C3_WGSerr_r0,C4_WGSerr_r0,C5_WGSerr_r0,C6_WGSerr_r0,C7_WGSerr_r0,C8_WGSerr_r0,C9_WGSerr_r0,C10_WGSerr_r0,C11_WGSerr_r0,C12_WGSerr_r0,C13_WGSerr_r0,C14_WGSerr_r0,C15_WGSerr_r0,C16_WGSerr_r0,C17_WGSerr_r0,C18_WGSerr_r0,C19_WGSerr_r0,C20_WGSerr_r0,C1_WGSerr_r1,C2_WGSerr_r1,C3_WGSerr_r1,C4_WGSerr_r1,C5_WGSerr_r1,C6_WGSerr_r1,C7_WGSerr_r1,C8_WGSerr_r1,C9_WGSerr_r1,C10_WGSerr_r1,C11_WGSerr_r1,C12_WGSerr_r1,C13_WGSerr_r1,C14_WGSerr_r1,C15_WGSerr_r1,C16_WGSerr_r1,C17_WGSerr_r1,C18_WGSerr_r1,C19_WGSerr_r1,C20_WGSerr_r1,C1_WGSerr_r2,C2_WGSerr_r2,C3_WGSerr_r2,C4_WGSerr_r2,C5_WGSerr_r2,C6_WGSerr_r2,C7_WGSerr_r2,C8_WGSerr_r2,C9_WGSerr_r2,C10_WGSerr_r2,C11_WGSerr_r2,C12_WGSerr_r2,C13_WGSerr_r2,C14_WGSerr_r2,C15_WGSerr_r2,C16_WGSerr_r2,C17_WGSerr_r2,C18_WGSerr_r2,C19_WGSerr_r2,C20_WGSerr_r2
Rank1,-0.00684800000000002,0.00506299999999998,-0.033596,-0.016716,-0.028645,-0.04168,-0.026254,0.147203,0.001527,-0.051293,-0.018138,0.00408999999999998,-0.021648,-0.0196440000000001,-0.04616,-0.032155,0.054156,-0.039244,-0.033512,0.118947,0,0,0,0,0,0,0,0,0,0,0,0,0,0,0,0,0,0,0,0,0,0,0,0,0,0,0,0,0,0,0,0,0,0,0,0,0,0,0,0
Rank2,0.116797,0.0285,0.129581,-0.009133,0.069726,0.085537,0.003548,-0.031951,0.080004,0.00909699999999997,0.028259,0.054636,0.01696,-0.017801,0.120203,0.015267,0.062191,0.00456000000000001,0.060538,-0.035314,0,0,0,0,0,0,0,0,0,0,0,0,0,0,0,0,0,0,0,0,0,0,0,0,0,0,0,0,0,0,0,0,0,0,0,0,0,0,0,0
Rank3,-0.030661,0.033164,-0.016872,0.060672,0.010929,0.009829,0.014299,-0.017681,-0.014771,0.109203,0.00387199999999999,0.041818,0.00226599999999999,0.018856,-0.00684599999999999,0.048187,-0.011756,0.087999,0.012253,-0.00504399999999999,0,0,0,0,0,0,0,0,0,0,0,0,0,0,0,0,0,0,0,0,0,0,0,0,0,0,0,0,0,0,0,0,0,0,0,0,0,0,0,0
Rank4,-0.013958,-0.00137399999999999,0.007239,0.030928,0.024917,0.014232,0.055654,-5.09999999999955e-05,-0.013591,0.004984,0.024865,-0.00465099999999999,0.038453,0.095605,0.010262,0.040373,-0.022008,0.01152,0.018911,0.00738,0,0,0,0,0,0,0,0,0,0,0,0,0,0,0,0,0,0,0,0,0,0,0,0,0,0,0,0,0,0,0,0,0,0,0,0,0,0,0,0
