C1_WGSerr_r0,C18_WGSerr_r0,C19_WGSerr_r0,C2_WGSerr_r0,C20_WGSerr_r0,C3_WGSerr_r0,C4_WGSerr_r0,C5_WGSerr_r0,C6_WGSerr_r0,C7_WGSerr_r0,C8_WGSerr_r0,C10_WGSerr_r0,C9_WGSerr_r0,C11_WGSerr_r0,C12_WGSerr_r0,C13_WGSerr_r0,C14_WGSerr_r0,C15_WGSerr_r0,C16_WGSerr_r0,C17_WGSerr_r0
sorted_JSD,0.0344655544453398,0.0757284371320506,0.0808051251442089,0.0478219125117589,0.0814133879376871,0.101422619675891,0.0564447977123103,0.0633737064764948,0.0480199456776738,0.0261043960605144,0.108373150016314,0.0372809490859316,0.0324596274206365,0.0412492518551544,0.0848863027034952,0.00832204623445875,0.0552480428526533,0.0729849806781945,0.0380001962818554,0.0694337449812584
