C1_WGSerr_r0,C18_WGSerr_r0,C19_WGSerr_r0,C2_WGSerr_r0,C20_WGSerr_r0,C3_WGSerr_r0,C4_WGSerr_r0,C5_WGSerr_r0,C6_WGSerr_r0,C7_WGSerr_r0,C8_WGSerr_r0,C10_WGSerr_r0,C9_WGSerr_r0,C11_WGSerr_r0,C12_WGSerr_r0,C13_WGSerr_r0,C14_WGSerr_r0,C15_WGSerr_r0,C16_WGSerr_r0,C17_WGSerr_r0
sorted_JSD,0.0418325592502276,0.0829581930450067,0.0911077008767014,0.0590215061364851,0.0933425234483988,0.113157825820497,0.0653421791492667,0.0733407278951893,0.0539598799934455,0.0405273465453037,0.12014690671182,0.0410389362105545,0.0449640985434955,0.0546658624350007,0.100527750924421,0.0159895513494813,0.0727844142713908,0.0882650602605744,0.0486264273830735,0.0732157305646461
