C1_WGSerr_r0,C18_WGSerr_r0,C19_WGSerr_r0,C2_WGSerr_r0,C20_WGSerr_r0,C3_WGSerr_r0,C4_WGSerr_r0,C5_WGSerr_r0,C6_WGSerr_r0,C7_WGSerr_r0,C8_WGSerr_r0,C10_WGSerr_r0,C9_WGSerr_r0,C11_WGSerr_r0,C12_WGSerr_r0,C13_WGSerr_r0,C14_WGSerr_r0,C15_WGSerr_r0,C16_WGSerr_r0,C17_WGSerr_r0
Rank1,0.00410099999999997,-0.025583,0.00173500000000004,0.019454,0.146099,-0.015295,0.00886300000000001,-0.012105,-0.018043,0.00106700000000004,0.168566,-0.031507,0.019467,0.00389899999999999,0.019844,0.0065639999999999,-0.00529099999999999,-0.023991,-0.011954,0.067814
Rank2,0.123018,0.016628,0.057186,0.038208,-0.020524,0.136542,0.00162999999999999,0.075559,0.091637,0.013046,-0.029141,0.01897,0.086618,0.035885,0.065296,0.020745,0.000693999999999972,0.128043,0.023034,0.075054
Rank3,-0.020033,0.097419,0.013847,0.041419,-0.00029499999999999,-0.00762100000000002,0.058397,0.017392,0.013178,0.018234,-0.00919399999999999,0.117086,-0.00853700000000002,0.012397,0.044327,0.00927699999999998,0.021829,0.000725999999999977,0.05533,-0.005411
Rank4,-0.010937,0.013427,0.020621,0.00414300000000001,0.009159,0.010065,0.032931,0.031187,0.013353,0.053266,0.00275800000000001,0.00745700000000001,-0.00453000000000001,0.022989,0.001195,0.019086,0.098141,0.010788,0.044393,-0.013443
