C1_WGSerr_r0,C18_WGSerr_r0,C19_WGSerr_r0,C2_WGSerr_r0,C20_WGSerr_r0,C3_WGSerr_r0,C4_WGSerr_r0,C5_WGSerr_r0,C6_WGSerr_r0,C7_WGSerr_r0,C8_WGSerr_r0,C10_WGSerr_r0,C9_WGSerr_r0,C11_WGSerr_r0,C12_WGSerr_r0,C13_WGSerr_r0,C14_WGSerr_r0,C15_WGSerr_r0,C16_WGSerr_r0,C17_WGSerr_r0
UnW_D,0.157440497323005,0,0,0.157440497323005,0,0.157440497323005,0.157440497323005,0.157440497323005,0.122838445303553,0.122838445303553,0.122838445303553,0.122838445303553,0.122838445303553,0.122838445303553,0.119311755769234,0,0,0,0,0
Weight_D,0.00616610334504018,0.00145329260652075,0.000640623398570734,0.00709707808792925,0,0.00693712100724879,0.00587842012313224,0.00729881833611205,0.00741768803775929,0.00731531216583593,0.00712289671757417,0.0086617484061667,0.00651494980638533,0.00651723383103171,0.0086406763358437,0.0053397907936491,0.00480297248522386,0.00365588936530527,0.00401020042213008,0.000723571827239188
Bray_D,0.0463625231812616,0.00989762738296686,0.00499994485723534,0.0505612610580408,0.000747057678557026,0.0475370675288247,0.0307000238341783,0.0351698534397747,0.0294022012138588,0.0291957949867934,0.0274530659035041,0.0358022227326112,0.0277701847939298,0.0277694029025382,0.0367791742121691,0.0248477578376895,0.0240329520856786,0.0174334855519549,0.0201529755186864,0.00704701682322513
JC_D,0.5,0,0,0.5,0,0.5,0.5,0.5,0.333333333333333,0.333333333333333,0.333333333333333,0.333333333333333,0.333333333333333,0.333333333333333,0.333333333333333,0,0,0,0,0
JSD,0.0170974509938118,4.96577712594962e-05,1.83099344046064e-05,0.0181659989811301,0,0.0168816892425617,0.0105036672114488,0.0125838632638425,0.00835262310603285,0.0084281782516014,0.00641562512033964,0.00866566408555481,0.00753224937149424,0.00565131484724601,0.00586883147067741,0.000268527040278564,0.000234326444754344,0.000151842254968047,0.000211860204540595,8.84809026009974e-06
