C1_WGSerr_r0,C18_WGSerr_r0,C19_WGSerr_r0,C2_WGSerr_r0,C20_WGSerr_r0,C3_WGSerr_r0,C4_WGSerr_r0,C5_WGSerr_r0,C6_WGSerr_r0,C7_WGSerr_r0,C8_WGSerr_r0,C10_WGSerr_r0,C9_WGSerr_r0,C11_WGSerr_r0,C12_WGSerr_r0,C13_WGSerr_r0,C14_WGSerr_r0,C15_WGSerr_r0,C16_WGSerr_r0,C17_WGSerr_r0
sorted_JSD,0.103074483661347,0.00779642027969955,0.00615899030196539,0.0968799618394191,0,0.104944602458156,0.107225593402461,0.101272695382238,0.0868554631980801,0.0923564688740775,0.075324899552187,0.0732022087824382,0.0689943160058031,0.0537859236769548,0.0488390983013268,0.0395114502516934,0.0313913630824931,0.0286024963989545,0.0208494517717979,0.0138421782815739
