C1_WGSerr_r0,C2_WGSerr_r0,C3_WGSerr_r0,C4_WGSerr_r0,C5_WGSerr_r0,C6_WGSerr_r0,C7_WGSerr_r0,C8_WGSerr_r0,C9_WGSerr_r0,C10_WGSerr_r0,C11_WGSerr_r0,C12_WGSerr_r0,C13_WGSerr_r0,C14_WGSerr_r0,C15_WGSerr_r0,C16_WGSerr_r0,C17_WGSerr_r0,C18_WGSerr_r0,C19_WGSerr_r0,C20_WGSerr_r0
sorted_JSD,0.0568220261973126,0.0451507693488628,0.100600264416043,0.0762724162068996,0.0787970430929115,0.0482219723222277,0.0565619455561484,0.0806614000841136,0.0763837601767042,0.0638127630126857,0.0587000670220446,0.0447976875080457,0.0383809081743745,0.0586810043323086,0.0391339254299856,0.076788192423502,0.0683805247038793,0.0622485292487482,0.057474243730507,0.0381981417330636
