C10_WGSerr_r0,C11_WGSerr_r0,C12_WGSerr_r0,C13_WGSerr_r0,C14_WGSerr_r0,C15_WGSerr_r0,C16_WGSerr_r0,C17_WGSerr_r0,C18_WGSerr_r0,C19_WGSerr_r0,C1_WGSerr_r0,C20_WGSerr_r0,C2_WGSerr_r0,C3_WGSerr_r0,C4_WGSerr_r0,C5_WGSerr_r0,C6_WGSerr_r0,C7_WGSerr_r0,C8_WGSerr_r0,C9_WGSerr_r0
bench_rank1,0.5,0.55,0.6,0.65,0.7,0.75,0.8,0.85,0.9,0.95,0.95,1,0.9,0.85,0.8,0.75,0.7,0.65,0.6,0.55
bench_rank2,0.5,0.45,0.4,0.35,0.3,0.25,0.2,0.15,0.1,0.05,0.05,0,0.1,0.15,0.2,0.25,0.3,0.35,0.4,0.45
bench_rank3,0,0,0,0,0,0,0,0,0,0,0,0,0,0,0,0,0,0,0,0
predict_rank1,0.517672554167097,0.530446831797154,0.579521412984281,0.63543541382998,0.689585417674213,0.744207042905509,0.803932031094998,0.857176622079537,0.926221009998569,0.980507284273856,1,1,0.950000676627017,0.893964493680384,0.840082433038503,0.785059357519569,0.732420067826546,0.675249217222001,0.620389256860461,0.570885709086978
predict_rank2,0.482327445832903,0.469553168202846,0.420478587015719,0.36456458617002,0.310414582325787,0.255792957094491,0.196067968905002,0.142823377920463,0.0737789900014309,0.019492715726144,0,0,0.0499993233729828,0.106035506319616,0.159917566961497,0.214940642480431,0.267579932173454,0.324750782777999,0.379610743139539,0.429114290913022
predict_rank3,0,0,0,0,0,0,0,0,0,0,0,0,1.11022302462516e-16,0,0,0,0,0,0,0
