C10_WGSerr_r0,C11_WGSerr_r0,C12_WGSerr_r0,C13_WGSerr_r0,C14_WGSerr_r0,C15_WGSerr_r0,C16_WGSerr_r0,C17_WGSerr_r0,C18_WGSerr_r0,C19_WGSerr_r0,C1_WGSerr_r0,C20_WGSerr_r0,C2_WGSerr_r0,C3_WGSerr_r0,C4_WGSerr_r0,C5_WGSerr_r0,C6_WGSerr_r0,C7_WGSerr_r0,C8_WGSerr_r0,C9_WGSerr_r0
GCA_002056065,-0.017672554167097,-0.019553168202846,-0.020478587015719,-0.01456458617002,-0.010414582325787,-0.00579295709449101,0.00393203109499801,0.00717662207953698,0.0262210099985691,0.030507284273856,-0.05,0,-0.050000676627017,-0.043964493680384,-0.040082433038503,-0.035059357519569,-0.0324200678265461,-0.025249217222001,-0.020389256860461,-0.020885709086978
GCA_001675145,0.017672554167097,0.019553168202846,0.020478587015719,0.01456458617002,0.010414582325787,0.00579295709449101,-0.00393203109499796,-0.00717662207953706,-0.026221009998569,-0.0305072842738561,0.05,0,0.0500006766270172,0.043964493680384,0.040082433038503,0.035059357519569,0.032420067826546,0.025249217222001,0.020389256860461,0.020885709086978
