C1_WGSerr_r0,C18_WGSerr_r0,C19_WGSerr_r0,C2_WGSerr_r0,C20_WGSerr_r0,C3_WGSerr_r0,C4_WGSerr_r0,C5_WGSerr_r0,C6_WGSerr_r0,C7_WGSerr_r0,C8_WGSerr_r0,C10_WGSerr_r0,C9_WGSerr_r0,C11_WGSerr_r0,C12_WGSerr_r0,C13_WGSerr_r0,C14_WGSerr_r0,C15_WGSerr_r0,C16_WGSerr_r0,C17_WGSerr_r0
sorted_JSD,0.0938686252874082,0.00905113600200447,0.0176492274645948,0.102126620977884,0,0.10608396092379,0.106942629974962,0.100836513977906,0.0948002565719797,0.0901781336431878,0.0821392537940653,0.071135457288383,0.074766512436835,0.0573740451581375,0.0458526118726187,0.0419661138220528,0.0358172482369602,0.0249744929515011,0.0212962286620302,0.0146421581016549
