C1_WGSerr_r0,C18_WGSerr_r0,C19_WGSerr_r0,C2_WGSerr_r0,C20_WGSerr_r0,C3_WGSerr_r0,C4_WGSerr_r0,C5_WGSerr_r0,C6_WGSerr_r0,C7_WGSerr_r0,C8_WGSerr_r0,C10_WGSerr_r0,C9_WGSerr_r0,C11_WGSerr_r0,C12_WGSerr_r0,C13_WGSerr_r0,C14_WGSerr_r0,C15_WGSerr_r0,C16_WGSerr_r0,C17_WGSerr_r0
Rank1,0.016745,0.01231,0.00604199999999999,0.024613,0.00136499999999995,0.01571,0.027193,0.00694700000000004,0.010686,0.00524500000000006,0.00663899999999995,-0.00745299999999993,-0.011864,0.041923,0.034783,0.0367770000000001,0.0243209999999999,0.0238379999999999,0.027062,0.0183219999999999
Rank2,0.014178,0.00237,0.05,0.018424,0,0.026933,0.021594,0.02916,0.0377189999999999,0.0232539999999999,0.034199,0.038165,0.042633,-0.00142199999999998,-0.00499100000000002,-0.012751,0.00475900000000001,-0.00435400000000002,-0.005383,-0.00986600000000001
