C1_WGSerr_r0,C10_WGSerr_r0,C11_WGSerr_r0,C12_WGSerr_r0,C13_WGSerr_r0,C14_WGSerr_r0,C15_WGSerr_r0,C16_WGSerr_r0,C17_WGSerr_r0,C18_WGSerr_r0,C19_WGSerr_r0,C2_WGSerr_r0,C20_WGSerr_r0,C3_WGSerr_r0,C4_WGSerr_r0,C5_WGSerr_r0,C6_WGSerr_r0,C7_WGSerr_r0,C8_WGSerr_r0,C9_WGSerr_r0
sorted_JSD,0.00319868783464864,0.0125461812731933,0.0216122088871292,0.0427015497668634,0.0265528321598912,0.00526358873186477,0.0388697589268502,0.0565777514092474,0.0553386973697167,0.0598848908631877,0.0850488611243707,0.0554751905987691,0.0268727111136404,0.061430627364703,0.037462685814573,0.0778123687422818,0.0554495641396472,0.0478242114036538,0.050462057401247,0.0584956220481071
