C1_WGSerr_r0,C18_WGSerr_r0,C19_WGSerr_r0,C2_WGSerr_r0,C20_WGSerr_r0,C3_WGSerr_r0,C4_WGSerr_r0,C5_WGSerr_r0,C6_WGSerr_r0,C7_WGSerr_r0,C8_WGSerr_r0,C10_WGSerr_r0,C9_WGSerr_r0,C11_WGSerr_r0,C12_WGSerr_r0,C13_WGSerr_r0,C14_WGSerr_r0,C15_WGSerr_r0,C16_WGSerr_r0,C17_WGSerr_r0
UnW_D,0.295173915521192,0.289767270375613,0.289767270375613,0.271121494551494,0.41037795308771,0.295173915521192,0.271121494551494,0.271121494551494,0.332708382740975,0.421923128597852,0.271121494551494,0.271121494551494,0.423991441422823,0.330788087135311,0.188265513693446,0.188265513693446,0.271121494551494,0.263923440061906,0.188265513693446,0.188265513693446
Weight_D,0.0637370728795694,0.0321529126685497,0.0358393530493343,0.0621339114126122,0.0370586659618588,0.0599442198992015,0.0580101345989659,0.0538865209034358,0.0545626885716231,0.053655067619769,0.0494733536222325,0.0441396826464519,0.0480723196144422,0.0453045537361936,0.0436167776929118,0.0419976015450721,0.0389088676794242,0.039656952360547,0.0363924480881048,0.0343880688383758
Bray_D,0.295600337795317,0.311783053881858,0.316474124813235,0.301981892351065,0.317512217417291,0.305649397160402,0.308195782139854,0.297784527231863,0.312770461515685,0.305369331415956,0.305868734472883,0.29626856107921,0.315111781738436,0.307843653386598,0.303610757332831,0.304323821201011,0.302896413249913,0.306747441289488,0.29610254647983,0.294184305691488
JC_D,0.6,0.5,0.5,0.5,0.75,0.6,0.5,0.5,0.6,0.666666666666667,0.5,0.5,0.666666666666667,0.6,0.333333333333333,0.333333333333333,0.5,0.5,0.333333333333333,0.333333333333333
JSD,0.111245750066959,0.114213663899768,0.118327287541613,0.109401461991671,0.119162554950018,0.115014725413718,0.112548907093964,0.106299600470269,0.114228988296493,0.115718590144712,0.109991810171189,0.106620112371401,0.11686749315965,0.110663137926669,0.106317207803552,0.106060429378461,0.107569775635073,0.108334586772259,0.104515093467076,0.103078784599315
