C1_WGSerr_r0,C18_WGSerr_r0,C19_WGSerr_r0,C2_WGSerr_r0,C20_WGSerr_r0,C3_WGSerr_r0,C4_WGSerr_r0,C5_WGSerr_r0,C6_WGSerr_r0,C7_WGSerr_r0,C8_WGSerr_r0,C10_WGSerr_r0,C9_WGSerr_r0,C11_WGSerr_r0,C12_WGSerr_r0,C13_WGSerr_r0,C14_WGSerr_r0,C15_WGSerr_r0,C16_WGSerr_r0,C17_WGSerr_r0
bench_rank1,0.95,0.9,0.95,0.9,1,0.85,0.8,0.75,0.7,0.65,0.6,0.5,0.55,0.55,0.6,0.65,0.7,0.75,0.8,0.85
bench_rank2,0.05,0.1,0.05,0.1,0,0.15,0.2,0.25,0.3,0.35,0.4,0.5,0.45,0.45,0.4,0.35,0.3,0.25,0.2,0.15
bench_rank3,0,0,0,0,0,0,0,0,0,0,0,0,0,0,0,0,0,0,0,0
predict_rank1,0.643983,0.600208,0.63647,0.607684,0.669714,0.580375,0.543529,0.517807,0.477333,0.450481,0.415472,0.360373,0.380628,0.358666,0.38698,0.421449,0.461087,0.49635,0.534066,0.570449
predict_rank2,0.2373,0.25301,0.260766,0.243623,0.25705,0.247106,0.246769,0.237762,0.242063,0.252439,0.25733,0.323294,0.288641,0.311857,0.282561,0.252085,0.247525,0.247563,0.252188,0.248277
predict_rank3,0.118717,0.146782,0.102764,0.148693,0.073236,0.172519,0.209702,0.244431,0.280604,0.29708,0.327198,0.316333,0.330731,0.329477,0.330459,0.326466,0.291388,0.256087,0.213746,0.181274
