C1_WGSerr_r0,C18_WGSerr_r0,C19_WGSerr_r0,C2_WGSerr_r0,C20_WGSerr_r0,C3_WGSerr_r0,C4_WGSerr_r0,C5_WGSerr_r0,C6_WGSerr_r0,C7_WGSerr_r0,C8_WGSerr_r0,C10_WGSerr_r0,C9_WGSerr_r0,C11_WGSerr_r0,C12_WGSerr_r0,C13_WGSerr_r0,C14_WGSerr_r0,C15_WGSerr_r0,C16_WGSerr_r0,C17_WGSerr_r0
Rank1,0.306017,0.299792,0.31353,0.292316,0.330286,0.269625,0.256471,0.232193,0.222667,0.199519,0.184528,0.139627,0.169372,0.191334,0.21302,0.228551,0.238913,0.25365,0.265934,0.279551
Rank2,-0.1873,-0.15301,-0.210766,-0.143623,-0.25705,-0.097106,-0.046769,0.012238,0.057937,0.097561,0.14267,0.176706,0.161359,0.138143,0.117439,0.097915,0.052475,0.00243699999999999,-0.052188,-0.098277
