,AErrorFree.StrainPanDA,AErrorFree.StrainEst,AErrorFree.PStrain,ARTError.StrainPanDA,ARTError.StrainEst,ARTError.PStrain,WGSError.StrainPanDA,WGSError.StrainEst,WGSError.PStrain
AErrorFree.StrainPanDA,1,8.14379017361337e-07,1.46168304561103e-07,0.749892102466134,7.18960226678628e-07,1.56049423929164e-05,0.053246091867489,7.02037087221985e-07,1.43108013090683e-07
AErrorFree.StrainEst,8.14379017361337e-07,1,0.510362568905086,8.35601831294604e-07,0.681924494910925,0.418742764524506,8.80157969733018e-07,0.197890881936946,0.0882612961506003
AErrorFree.PStrain,1.46168304561103e-07,0.510362568905086,1,1.49057183168784e-07,0.517543299638157,0.144812337783693,1.57549516025503e-07,0.672530370286467,0.0858824398588703
ARTError.StrainPanDA,0.749892102466134,8.35601831294604e-07,1.49057183168784e-07,1,7.38038798942947e-07,1.57796006903626e-05,0.0331186876637073,7.1798011469751e-07,1.45096413338607e-07
ARTError.StrainEst,7.18960226678628e-07,0.681924494910925,0.517543299638157,7.38038798942947e-07,1,0.405554198453769,7.7807525338333e-07,0.232760036009936,0.0888417004975806
ARTError.PStrain,1.56049423929164e-05,0.418742764524506,0.144812337783693,1.57796006903626e-05,0.405554198453769,1,1.70403528567892e-05,0.346806613091726,0.0107961478750498
WGSError.StrainPanDA,0.053246091867489,8.80157969733018e-07,1.57549516025503e-07,0.0331186876637073,7.7807525338333e-07,1.70403528567892e-05,1,7.4177391490724e-07,1.55752555432198e-07
WGSError.StrainEst,7.02037087221985e-07,0.197890881936946,0.672530370286467,7.1798011469751e-07,0.232760036009936,0.346806613091726,7.4177391490724e-07,1,0.142619166000991
WGSError.PStrain,1.43108013090683e-07,0.0882612961506003,0.0858824398588703,1.45096413338607e-07,0.0888417004975806,0.0107961478750498,1.55752555432198e-07,0.142619166000991,1
