C1_WGSerr_r0,C2_WGSerr_r0,C3_WGSerr_r0,C4_WGSerr_r0,C5_WGSerr_r0,C6_WGSerr_r0,C7_WGSerr_r0,C8_WGSerr_r0,C9_WGSerr_r0,C10_WGSerr_r0,C11_WGSerr_r0,C12_WGSerr_r0,C13_WGSerr_r0,C14_WGSerr_r0,C15_WGSerr_r0,C16_WGSerr_r0,C17_WGSerr_r0,C18_WGSerr_r0,C19_WGSerr_r0,C20_WGSerr_r0,C1_WGSerr_r1,C2_WGSerr_r1,C3_WGSerr_r1,C4_WGSerr_r1,C5_WGSerr_r1,C6_WGSerr_r1,C7_WGSerr_r1,C8_WGSerr_r1,C9_WGSerr_r1,C10_WGSerr_r1,C11_WGSerr_r1,C12_WGSerr_r1,C13_WGSerr_r1,C14_WGSerr_r1,C15_WGSerr_r1,C16_WGSerr_r1,C17_WGSerr_r1,C18_WGSerr_r1,C19_WGSerr_r1,C20_WGSerr_r1,C1_WGSerr_r2,C2_WGSerr_r2,C3_WGSerr_r2,C4_WGSerr_r2,C5_WGSerr_r2,C6_WGSerr_r2,C7_WGSerr_r2,C8_WGSerr_r2,C9_WGSerr_r2,C10_WGSerr_r2,C11_WGSerr_r2,C12_WGSerr_r2,C13_WGSerr_r2,C14_WGSerr_r2,C15_WGSerr_r2,C16_WGSerr_r2,C17_WGSerr_r2,C18_WGSerr_r2,C19_WGSerr_r2,C20_WGSerr_r2
Rank1,0.000141000000000002,0.00641800000000003,-0.044316,-0.0211980000000001,-0.032401,-0.03827,-0.020497,0.154389,0.004139,-0.045125,-0.032536,0.00398499999999996,-0.0132570000000001,-0.017244,-0.040877,-0.029644,0.0516,-0.027702,-0.0454739999999999,0.098321,0,0,0,0,0,0,0,0,0,0,0,0,0,0,0,0,0,0,0,0,0,0,0,0,0,0,0,0,0,0,0,0,0,0,0,0,0,0,0,0
Rank2,0.113796,0.028533,0.144992,-0.012112,0.08809,0.0802,-0.00343599999999997,-0.038583,0.081736,0.008156,0.029065,0.052051,0.020245,-0.016819,0.120929,0.013584,0.070075,0.014816,0.062359,-0.035799,0,0,0,0,0,0,0,0,0,0,0,0,0,0,0,0,0,0,0,0,0,0,0,0,0,0,0,0,0,0,0,0,0,0,0,0,0,0,0,0
Rank3,-0.029452,0.037752,-0.013077,0.060516,0.00401499999999999,0.000762999999999986,0.013234,-0.012274,-0.017401,0.082057,-0.000817000000000012,0.037987,-0.009411,0.014463,-0.019052,0.030439,-0.026462,0.089162,0.017039,-0.00618099999999999,0,0,0,0,0,0,0,0,0,0,0,0,0,0,0,0,0,0,0,0,0,0,0,0,0,0,0,0,0,0,0,0,0,0,0,0,0,0,0,0
Rank4,-0.00299799999999999,0.000486999999999987,0.00440499999999999,0.042295,0.00642500000000001,0.013091,0.062673,-0.00501799999999999,-0.012985,-0.003984,0.028016,-0.007839,0.03607,0.090954,0.004852,0.039164,-0.014171,0.018349,0.020336,-0.000875999999999995,0,0,0,0,0,0,0,0,0,0,0,0,0,0,0,0,0,0,0,0,0,0,0,0,0,0,0,0,0,0,0,0,0,0,0,0,0,0,0,0
