C1_WGSerr_r0,C18_WGSerr_r0,C19_WGSerr_r0,C2_WGSerr_r0,C20_WGSerr_r0,C3_WGSerr_r0,C4_WGSerr_r0,C5_WGSerr_r0,C6_WGSerr_r0,C7_WGSerr_r0,C8_WGSerr_r0,C10_WGSerr_r0,C9_WGSerr_r0,C11_WGSerr_r0,C12_WGSerr_r0,C13_WGSerr_r0,C14_WGSerr_r0,C15_WGSerr_r0,C16_WGSerr_r0,C17_WGSerr_r0
sorted_JSD,0.0372644796967887,0.0678113261982265,0.0802632827065853,0.0511023623821673,0.0740622773202121,0.0943279661526858,0.0476142572695064,0.0535638458810874,0.0459136141215506,0.0344386360694364,0.0989086661141978,0.0486100859823378,0.0415084771659146,0.0464572119673875,0.0757449275435867,0.00278713749365809,0.0622354318440186,0.0660808890481801,0.0376953113560497,0.0606993132837338
