C1_WGSerr_r0,C10_WGSerr_r0,C11_WGSerr_r0,C12_WGSerr_r0,C13_WGSerr_r0,C14_WGSerr_r0,C15_WGSerr_r0,C16_WGSerr_r0,C17_WGSerr_r0,C18_WGSerr_r0,C19_WGSerr_r0,C2_WGSerr_r0,C20_WGSerr_r0,C3_WGSerr_r0,C4_WGSerr_r0,C5_WGSerr_r0,C6_WGSerr_r0,C7_WGSerr_r0,C8_WGSerr_r0,C9_WGSerr_r0
sorted_JSD,0.142920482478789,0.12472226817379,0.143533226257312,0.151984097743716,0.12160947669114,0.141209754627165,0.140983702560343,0.149346514065462,0.164831373183589,0.101321798424336,0.0846985196874026,0.145734536105498,0.14899533531427,0.167965105435878,0.0805679903609516,0.118380517209929,0.120352416340998,0.121294990758577,0.104718393324122,0.100965961197408
