C10_WGSerr_r0,C11_WGSerr_r0,C12_WGSerr_r0,C13_WGSerr_r0,C14_WGSerr_r0,C15_WGSerr_r0,C16_WGSerr_r0,C17_WGSerr_r0,C18_WGSerr_r0,C19_WGSerr_r0,C1_WGSerr_r0,C20_WGSerr_r0,C2_WGSerr_r0,C3_WGSerr_r0,C4_WGSerr_r0,C5_WGSerr_r0,C6_WGSerr_r0,C7_WGSerr_r0,C8_WGSerr_r0,C9_WGSerr_r0
sorted_JSD,0.037116421535594,0.035062927128788,0.0383104525808339,0.0756646139217972,0.0613881356274529,0.0956025889470326,0.0748817616223544,0.0550299193649249,0.0359737566501484,0.0176492274645948,0.0176492274645948,0,0.00783171093702909,2.18736174943519e-07,0.000982262825837027,0.00482124390589301,0.00400183017180823,0.0103350620329814,0.000166626065762162,0.00687524247939611
