C10_WGSerr_r0,C11_WGSerr_r0,C12_WGSerr_r0,C13_WGSerr_r0,C14_WGSerr_r0,C15_WGSerr_r0,C16_WGSerr_r0,C17_WGSerr_r0,C18_WGSerr_r0,C19_WGSerr_r0,C1_WGSerr_r0,C20_WGSerr_r0,C2_WGSerr_r0,C3_WGSerr_r0,C4_WGSerr_r0,C5_WGSerr_r0,C6_WGSerr_r0,C7_WGSerr_r0,C8_WGSerr_r0,C9_WGSerr_r0
bench_GCA_001675145,0.5,0.55,0.6,0.65,0.7,0.75,0.8,0.85,0.9,0.95,0.05,1,0.1,0.15,0.2,0.25,0.3,0.35,0.4,0.45
bench_GCA_002056065,0.5,0.45,0.4,0.35,0.3,0.25,0.2,0.15,0.1,0.05,0.95,0,0.9,0.85,0.8,0.75,0.7,0.65,0.6,0.55
predict_GCA_001675145,0.76088206810422,0.796148634873704,0.844680625912201,0.947715385564739,0.953303480264998,0.992133334446716,1,1,0.992660656449989,1,0,1,0.0376956765757593,0.150472652306913,0.236601830276487,0.33940629867191,0.384821666894383,0.508312557922497,0.582050431233887,0.664379215471333
predict_GCA_002056065,0.23911793189578,0.203851365126296,0.155319374087798,0.052284614435261,0.0466965197350021,0,0,0,0,0,1,0,0.962304323424241,0.849527347693087,0.763398169723513,0.66059370132809,0.615178333105617,0.491687442077503,0.417949568766113,0.335620784528667
