C10_WGSerr_r0,C11_WGSerr_r0,C12_WGSerr_r0,C13_WGSerr_r0,C14_WGSerr_r0,C15_WGSerr_r0,C16_WGSerr_r0,C17_WGSerr_r0,C18_WGSerr_r0,C19_WGSerr_r0,C1_WGSerr_r0,C20_WGSerr_r0,C2_WGSerr_r0,C3_WGSerr_r0,C4_WGSerr_r0,C5_WGSerr_r0,C6_WGSerr_r0,C7_WGSerr_r0,C8_WGSerr_r0,C9_WGSerr_r0
GCA_001675145,-0.26088206810422,-0.246148634873704,-0.244680625912201,-0.297715385564739,-0.253303480264998,-0.242133334446716,-0.2,-0.15,-0.092660656449989,-0.05,0.05,0,0.0623043234242407,-0.000472652306913013,-0.036601830276487,-0.08940629867191,-0.084821666894383,-0.158312557922497,-0.182050431233887,-0.214379215471333
GCA_002056065,0.26088206810422,0.246148634873704,0.244680625912202,0.297715385564739,0.253303480264998,0.25,0.2,0.15,0.1,0.05,-0.05,0,-0.062304323424241,0.000472652306912957,0.036601830276487,0.08940629867191,0.084821666894383,0.158312557922497,0.182050431233887,0.214379215471333
