C1_WGSerr_r0,C2_WGSerr_r0,C3_WGSerr_r0,C4_WGSerr_r0,C5_WGSerr_r0,C6_WGSerr_r0,C7_WGSerr_r0,C8_WGSerr_r0,C9_WGSerr_r0,C10_WGSerr_r0,C11_WGSerr_r0,C12_WGSerr_r0,C13_WGSerr_r0,C14_WGSerr_r0,C15_WGSerr_r0,C16_WGSerr_r0,C17_WGSerr_r0,C18_WGSerr_r0,C19_WGSerr_r0,C20_WGSerr_r0,C1_WGSerr_r1,C2_WGSerr_r1,C3_WGSerr_r1,C4_WGSerr_r1,C5_WGSerr_r1,C6_WGSerr_r1,C7_WGSerr_r1,C8_WGSerr_r1,C9_WGSerr_r1,C10_WGSerr_r1,C11_WGSerr_r1,C12_WGSerr_r1,C13_WGSerr_r1,C14_WGSerr_r1,C15_WGSerr_r1,C16_WGSerr_r1,C17_WGSerr_r1,C18_WGSerr_r1,C19_WGSerr_r1,C20_WGSerr_r1,C1_WGSerr_r2,C2_WGSerr_r2,C3_WGSerr_r2,C4_WGSerr_r2,C5_WGSerr_r2,C6_WGSerr_r2,C7_WGSerr_r2,C8_WGSerr_r2,C9_WGSerr_r2,C10_WGSerr_r2,C11_WGSerr_r2,C12_WGSerr_r2,C13_WGSerr_r2,C14_WGSerr_r2,C15_WGSerr_r2,C16_WGSerr_r2,C17_WGSerr_r2,C18_WGSerr_r2,C19_WGSerr_r2,C20_WGSerr_r2
UnW_D,0.825085262750226,0,0,0,0,0,0,0,0,0,0,0,0,0,0.174914737249774,0.174914737249774,0.174914737249774,0.174914737249774,0.174914737249774,0,1,1,1,1,1,1,1,1,1,1,1,1,1,1,1,1,1,1,1,1,1,1,1,1,1,1,1,1,1,1,1,1,1,1,1,1,1,1,1,1
Weight_D,0.0119934180927571,0.0149448359962656,0.000113374334586278,0.0087796210693209,0.0214457424019627,0.0203460342877782,0.0379741739299667,0.0436681387150948,0.0514227912308993,0.062577354313541,0.059043269820035,0.0586911409152508,0.0714125018344861,0.0607594908633715,0.0599670904637857,0.0479736723710285,0.0359802542782714,0.0239868361855142,0.0119934180927572,0,1,1,1,1,1,1,1,1,1,1,1,1,1,1,1,1,1,1,1,1,1,1,1,1,1,1,1,1,1,1,1,1,1,1,1,1,1,1,1,1
Bray_D,0.05,0.0623043234242408,0.000472652306912985,0.036601830276487,0.08940629867191,0.084821666894383,0.158312557922497,0.182050431233887,0.214379215471333,0.26088206810422,0.246148634873704,0.244680625912202,0.297715385564739,0.253303480264998,0.247038351267486,0.2,0.15,0.096685130920998,0.05,0,1,1,1,1,1,1,1,1,1,1,1,1,1,1,1,1,1,1,1,1,1,1,1,1,1,1,1,1,1,1,1,1,1,1,1,1,1,1,1,1
JC_D,0.5,0,0,0,0,0,0,0,0,0,0,0,0,0,0.5,0.5,0.5,0.5,0.5,0,1,1,1,1,1,1,1,1,1,1,1,1,1,1,1,1,1,1,1,1,1,1,1,1,1,1,1,1,1,1,1,1,1,1,1,1,1,1,1,1
JSD,0.0176492274645948,0.00783171093702909,2.18736174943519e-07,0.000982262825837027,0.00482124390589301,0.00400183017180823,0.0128478494052485,0.0166694737966928,0.0234781586606032,0.037116421535594,0.035062927128788,0.0383104525808339,0.0756646139217972,0.0613881356274529,0.0956025889470326,0.0748817616223544,0.0550299193649249,0.0359737566501484,0.0176492274645948,0,1,1,1,1,1,1,1,1,1,1,1,1,1,1,1,1,1,1,1,1,1,1,1,1,1,1,1,1,1,1,1,1,1,1,1,1,1,1,1,1
