C1_WGSerr_r0,C2_WGSerr_r0,C3_WGSerr_r0,C4_WGSerr_r0,C5_WGSerr_r0,C6_WGSerr_r0,C7_WGSerr_r0,C8_WGSerr_r0,C9_WGSerr_r0,C10_WGSerr_r0,C11_WGSerr_r0,C12_WGSerr_r0,C13_WGSerr_r0,C14_WGSerr_r0,C15_WGSerr_r0,C16_WGSerr_r0,C17_WGSerr_r0,C18_WGSerr_r0,C19_WGSerr_r0,C20_WGSerr_r0
Rank1,-0.177447928592098,-0.179154555018773,-0.00181697722263902,-0.052362943374239,-0.268940385606642,-0.306054115011359,-0.134031521325461,-0.159683608850202,-0.206294477222409,-0.229165277770844,-0.277336329082323,-0.3074029693204,-0.165720398880071,-0.323188211178673,-0.148867414138021,-0.147323163130851,-0.14981873854938,-0.18896863389201,-0.341973498594133,-0.130934534294616
Rank2,-0.089091020075098,-0.086359134887459,-0.022053632534686,-0.147980138198195,-0.020445501716945,-0.052435001658169,-0.035227973644872,-0.097639177049386,-0.076802385676463,-0.064240211811094,0.031674705166134,0.024538746819695,-0.086076811035252,0.004338822981098,-0.053440140297839,-0.075338405300111,-0.087217141868762,0.027094135754118,0.035582584519066,-0.168480679711169
Rank3,0.12685781208006,0.065513689906232,-0.06340333183714,-0.056921080829041,0.015449205005486,0.058489116669528,0.014055619789094,0.01480448948907,0.116901906112082,0.0434054895819377,0.047442228077883,0.0828642225007054,0.11928094665481,0.031809569791641,0.078939032458081,-0.028731630161142,-0.029881854155539,0.089004517046469,0.0667081197101045,0.099415214005785
Rank4,0.0307066703619729,0.1,-0.01428115870825,0.0572641624014747,0.0739366823181011,0.2,0.0052038751812387,0.042518296410518,0.0288908400625226,0.1,0.048219395838306,0.1,0.032516263260513,0.137039818405934,0.0233685219777782,0.0513931985921032,0.116917734573681,0.00425579029500821,0.0896827943649623,0.1
Rank5,0.0589744662251624,0.05,0.001555100302715,0.1,0.1,0.05,0.1,0.1,0.037304116724267,0.1,0.1,0.05,0.05,0.1,0.05,0.1,0.1,0.0186141907964152,0.1,0.05
Rank6,0.05,0.05,0.1,0.1,0.1,0.05,0.05,0.1,0.1,0.05,0.05,0.05,0.05,0.05,0.05,0.1,0.05,0.05,0.05,0.05
