C10_WGSerr_r0,C11_WGSerr_r0,C12_WGSerr_r0,C13_WGSerr_r0,C14_WGSerr_r0,C15_WGSerr_r0,C16_WGSerr_r0,C17_WGSerr_r0,C18_WGSerr_r0,C19_WGSerr_r0,C1_WGSerr_r0,C20_WGSerr_r0,C2_WGSerr_r0,C3_WGSerr_r0,C4_WGSerr_r0,C5_WGSerr_r0,C6_WGSerr_r0,C7_WGSerr_r0,C8_WGSerr_r0,C9_WGSerr_r0
sorted_JSD,0.103628963599592,0.0771798137204529,0.109585463787762,0.0587445833932034,0.115691608823631,0.0478942482068006,0.0852624962696373,0.0775848770258037,0.0362005772350724,0.110241044829831,0.0535121404595646,0.093602358935346,0.0852762065479655,0.0378912604066826,0.0885295630842769,0.0970864936260986,0.137528342756052,0.058881761178274,0.0845449855727472,0.066926836881653
