C10_WGSerr_r0,C11_WGSerr_r0,C12_WGSerr_r0,C13_WGSerr_r0,C14_WGSerr_r0,C15_WGSerr_r0,C16_WGSerr_r0,C17_WGSerr_r0,C18_WGSerr_r0,C19_WGSerr_r0,C1_WGSerr_r0,C20_WGSerr_r0,C2_WGSerr_r0,C3_WGSerr_r0,C4_WGSerr_r0,C5_WGSerr_r0,C6_WGSerr_r0,C7_WGSerr_r0,C8_WGSerr_r0,C9_WGSerr_r0
GCA_001675145,-0.064240211811094,0.047442228077883,0.0828642225007054,0.132516263260513,0.137039818405934,0.078939032458081,0.1,0.020118145844461,0.089004517046469,0.035582584519066,-0.177447928592098,-0.130934534294616,0.065513689906232,0.051555100302715,0.1,0.15,0.058489116669528,0.014772026355128,0.1,0.128890840062523
GCA_008275005,-0.229165277770844,0.031674705166134,0.024538746819695,0.05,0.054338822981098,-0.00344014029783901,0.021268369838858,0.05,0.027094135754118,0.0896827943649623,0.0089744662251624,0.05,-0.179154555018773,-0.00181697722263902,0.00201986180180497,0.065449205005486,0.05,0.014055619789094,0.00236082295061402,0.037304116724267
GCA_003586065,0.0434054895819377,0.05,0.05,-0.086076811035252,-0.373188211178673,-0.198867414138021,0.0513931985921032,-0.19981873854938,-0.18896863389201,-0.341973498594133,0.0307066703619729,-0.000584785994214992,0.1,-0.01428115870825,-0.202362943374239,-0.268940385606642,-0.356054115011359,-0.184031521325461,-0.309683608850202,-0.076802385676463
GCA_002056065,0.1,-0.001780604161694,0.05,-0.165720398880071,0.05,0.0233685219777782,-0.125338405300111,0.0169177345736807,0.00425579029500821,0.05,-0.089091020075098,0.05,-0.086359134887459,-0.06340333183714,0.0572641624014747,-0.070445501716945,-0.052435001658169,0.0052038751812387,0.01480448948907,-0.206294477222409
GCA_900622695,0.05,-0.277336329082323,-0.3074029693204,0.01928094665481,-0.018190430208359,0.05,-0.147323163130851,-0.087217141868762,0.0186141907964152,0.0167081197101045,0.0268578120800601,-0.168480679711169,0.05,-0.072053632534686,-0.056921080829041,0.0239366823181011,0.05,0.05,-0.007481703589482,0.0169019061120822
GCA_002903105,0.1,0.15,0.1,0.05,0.15,0.05,0.1,0.2,0.05,0.15,0.2,0.2,0.05,0.1,0.1,0.1,0.25,0.1,0.2,0.1
