C1_WGSerr_r0,C2_WGSerr_r0,C3_WGSerr_r0,C4_WGSerr_r0,C5_WGSerr_r0,C6_WGSerr_r0,C7_WGSerr_r0,C8_WGSerr_r0,C9_WGSerr_r0,C10_WGSerr_r0,C11_WGSerr_r0,C12_WGSerr_r0,C13_WGSerr_r0,C14_WGSerr_r0,C15_WGSerr_r0,C16_WGSerr_r0,C17_WGSerr_r0,C18_WGSerr_r0,C19_WGSerr_r0,C20_WGSerr_r0
UnW_D,0.073061208589275,0.354024219320371,0.073061208589275,0.33787252973302,0.33787252973302,0.371431017160577,0.2185204566346,0.33787252973302,0.073061208589275,0.278687168569344,0.208564971275047,0.268731683209791,0.225971769115252,0.133227920524019,0.2185204566346,0.33787252973302,0.225971769115252,0.073061208589275,0.133227920524019,0.31221614254543
Weight_D,0.0481201901220626,0.049683489397606,0.0205973502962389,0.0430450779735855,0.060013836593462,0.0615794013953358,0.0291777803387276,0.0528152290940855,0.0447521186742355,0.040437971782219,0.052922787182815,0.0585316622216317,0.0438662051366486,0.068466372370011,0.0375927098130292,0.0382390388370492,0.0452953324222792,0.0367113471872471,0.0542751518948264,0.0646161572432044
Bray_D,0.266538948667196,0.265513689906232,0.151555100302715,0.25928402420328,0.339385887323587,0.408489116669528,0.184031521325461,0.317165312439684,0.283096862898872,0.293405489581938,0.279116933244017,0.3074029693204,0.251797209915323,0.391378641387032,0.20230755443586,0.272661568430961,0.287035880418142,0.18896863389201,0.341973498594133,0.3
JC_D,0.166666666666667,0.5,0.166666666666667,0.333333333333333,0.333333333333333,0.5,0.333333333333333,0.333333333333333,0.166666666666667,0.5,0.333333333333333,0.5,0.333333333333333,0.333333333333333,0.333333333333333,0.333333333333333,0.333333333333333,0.166666666666667,0.333333333333333,0.5
JSD,0.0850956317340606,0.0852762065479655,0.0430257242557879,0.09483465707953,0.115205961315891,0.168689305479002,0.0647737861508533,0.145453737735026,0.0696109764557457,0.103628963599592,0.0921894307796196,0.109585463787762,0.0608031634091413,0.146092805687841,0.053503893412415,0.0900922404466304,0.10813385152767,0.0362005772350724,0.123115131153488,0.119883179023347
