C1_WGSerr_r0,C18_WGSerr_r0,C19_WGSerr_r0,C2_WGSerr_r0,C20_WGSerr_r0,C3_WGSerr_r0,C4_WGSerr_r0,C5_WGSerr_r0,C6_WGSerr_r0,C7_WGSerr_r0,C8_WGSerr_r0,C10_WGSerr_r0,C9_WGSerr_r0,C11_WGSerr_r0,C12_WGSerr_r0,C13_WGSerr_r0,C14_WGSerr_r0,C15_WGSerr_r0,C16_WGSerr_r0,C17_WGSerr_r0
Rank1,0.35,0.3,0.011531,0.4,0.6,0.35,0.5,0.3,0.45,-0.00223699999999993,0.6,0.35,0.45,0.069439,0.35,-0.0165860000000001,0.00730899999999995,0.4,0.35,0.35
Rank2,0.35,0.3,0.042677,0.25,0.2,0.35,0.25,0.3,0.25,0.007547,0.2,0.3,0.25,0.067667,0.3,0.04622,0.0809489999999999,0.35,0.3,0.3
Rank3,0.2,0.25,0.02405,0.2,0.15,0.15,0.15,0.2,0.15,0.061793,0.1,0.3,0.15,0.027351,0.25,0.024375,0.03556,0.15,0.2,0.2
Rank4,0.1,0.15,0.0305,0.15,0.05,0.15,0.1,0.2,0.15,0.03496,0.1,0.05,0.15,0.003022,0.1,0.032817,0.054575,0.1,0.15,0.15
