C1_WGSerr_r0,C18_WGSerr_r0,C19_WGSerr_r0,C2_WGSerr_r0,C20_WGSerr_r0,C3_WGSerr_r0,C4_WGSerr_r0,C5_WGSerr_r0,C6_WGSerr_r0,C7_WGSerr_r0,C8_WGSerr_r0,C10_WGSerr_r0,C9_WGSerr_r0,C11_WGSerr_r0,C12_WGSerr_r0,C13_WGSerr_r0,C14_WGSerr_r0,C15_WGSerr_r0,C16_WGSerr_r0,C17_WGSerr_r0
UnW_D,1,1,0.601750442470392,1,1,1,1,1,1,0.275253732730755,1,1,1,0.318773664023577,1,0.306401471966111,0.39706358783473,1,1,1
Weight_D,0.154979176973124,0.140214097821312,0.0227322190545766,0.155809631709141,0.135067709808308,0.121332637233905,0.121699493546241,0.134240899946333,0.131553628770931,0.0157938411354371,0.122358998937272,0.152291905797722,0.163607398653056,0.0180982201624713,0.134472699158174,0.0160622081478249,0.020720852563884,0.125812230107793,0.147780065553386,0.144725938065649
Bray_D,1,1,0.152394921494359,1,1,1,1,1,1,0.0911705960153355,1,1,1,0.154652972221024,1,0.0979644376744546,0.246518623527276,1,1,1
JC_D,1,1,0.7,1,1,1,1,1,1,0.555555555555556,1,1,1,0.6,1,0.555555555555556,0.636363636363636,1,1,1
JSD,0,0,0.0819789114649533,0,0,0,0,0,0,0.0315086828724056,0,0,0,0.0520444271831386,0,0.032234650273402,0.115761520261023,0,0,0
