,AErrorFree.StrainPanDA,AErrorFree.StrainEst,ARTError.StrainPanDA,ARTError.StrainEst,WGSError.StrainPanDA,WGSError.StrainEst
AErrorFree.StrainPanDA,1,0.000737245238269342,0.329876800921125,0.00441342071040932,NA,0.00034175602847894
AErrorFree.StrainEst,0.000737245238269342,1,0.00122048466962045,0.279445386713043,0.000737245238269342,0.122018927605087
ARTError.StrainPanDA,0.329876800921125,0.00122048466962045,1,0.00689123159863491,0.329876800921125,0.000780905637870385
ARTError.StrainEst,0.00441342071040932,0.279445386713043,0.00689123159863491,1,0.00441342071040932,0.0464663153091714
WGSError.StrainPanDA,NA,0.000737245238269342,0.329876800921125,0.00441342071040932,1,0.00034175602847894
WGSError.StrainEst,0.00034175602847894,0.122018927605087,0.000780905637870385,0.0464663153091714,0.00034175602847894,1
