C1_WGSerr_r0,C2_WGSerr_r0,C3_WGSerr_r0,C4_WGSerr_r0,C5_WGSerr_r0,C6_WGSerr_r0,C7_WGSerr_r0,C8_WGSerr_r0,C9_WGSerr_r0,C10_WGSerr_r0,C11_WGSerr_r0,C12_WGSerr_r0,C13_WGSerr_r0,C14_WGSerr_r0,C15_WGSerr_r0,C16_WGSerr_r0,C17_WGSerr_r0,C18_WGSerr_r0,C19_WGSerr_r0,C20_WGSerr_r0
sorted_JSD,0.0593296951847913,0.0407362171770016,0.100600264416043,0.0755241845996499,0.0769111227275717,0.0419105608457212,0.0557813885085428,0.0801816866074238,0.0759201624984959,0.0644687763484991,0.0593566507719697,0.0443123026876471,0.0422216957578222,0.0594868979551708,0.0387253374544581,0.0773937083989452,0.0679464423749091,0.0605281651484291,0.0576869546873926,0.0377027809143993
