C10_WGSerr_r0,C11_WGSerr_r0,C12_WGSerr_r0,C13_WGSerr_r0,C14_WGSerr_r0,C15_WGSerr_r0,C16_WGSerr_r0,C17_WGSerr_r0,C18_WGSerr_r0,C19_WGSerr_r0,C1_WGSerr_r0,C20_WGSerr_r0,C2_WGSerr_r0,C3_WGSerr_r0,C4_WGSerr_r0,C5_WGSerr_r0,C6_WGSerr_r0,C7_WGSerr_r0,C8_WGSerr_r0,C9_WGSerr_r0
GCA_001675145,-0.031041148927366,9.68145965909994e-05,0.0747564428801953,0.096561109280473,0.15,0.045438022854622,0.1,-0.079140540294165,0.045235467222649,-0.036986246561502,-0.195187534817149,-0.235394998019485,0.130308236650261,0.045672451066869,0.1,0.15,0.077416873226793,-0.047036057367024,0.1,0.115344442217662
GCA_003586065,0.1,0.05,0.05,-0.119261465296754,-0.276176125732745,-0.18986244451055,0.0883384065525344,-0.090022978438802,-0.201823589813219,-0.304093804200576,0.1,0.0564425412435278,0.1,-0.038148890581668,-0.124523496890794,-0.253952547109974,-0.040316952274308,-0.186231434243143,0.01592342768222,-0.051339491645977
GCA_008275005,-0.318958851072634,0.149530886871006,0.181630621552998,0.0336540247021472,0.020203836442699,-0.055575578344072,0.074348002968497,0.05,0.00244251630164999,0.1,-0.0447734194400296,0.05,-0.259651049840192,0.022837817273918,0.027069558025552,0.094503427129919,0.05,-0.00056090247320198,-0.065603321768349,-0.00744607368139999
GCA_900622695,0.05,-0.344096618550371,-0.456387064433193,-0.007307353126771,-0.094027710709954,0.05,-0.253491273294321,-0.068844894297494,0.00414560628891991,0.0410800507620784,0.1,-0.121047543224043,0.05,-0.118098219456409,-0.148437071182239,-0.044504890859461,0.05,0.05,-0.071121996048472,0.0366220293305045
GCA_002056065,0.1,-0.005531082917226,0.05,-0.053646315559095,0.05,0.1,-0.10919513622671,-0.011991586969539,0.1,0.05,-0.159955525448414,0.05,-0.063827900736668,-0.012263158302711,0.0458910100474808,-0.046045989160485,-0.387099920952485,0.0838283940833686,-0.1791981098654,-0.19318090622079
GCA_002903105,0.1,0.15,0.1,0.05,0.15,0.05,0.1,0.2,0.05,0.15,0.2,0.2,0.05,0.1,0.1,0.1,0.25,0.1,0.2,0.1
