C10_WGSerr_r0,C11_WGSerr_r0,C12_WGSerr_r0,C13_WGSerr_r0,C14_WGSerr_r0,C15_WGSerr_r0,C16_WGSerr_r0,C17_WGSerr_r0,C18_WGSerr_r0,C19_WGSerr_r0,C1_WGSerr_r0,C20_WGSerr_r0,C2_WGSerr_r0,C3_WGSerr_r0,C4_WGSerr_r0,C5_WGSerr_r0,C6_WGSerr_r0,C7_WGSerr_r0,C8_WGSerr_r0,C9_WGSerr_r0
UnW_D,0.414190931255116,0.208564971275047,0.268731683209791,0.073061208589275,0.398039241667764,0.278687168569344,0.33787252973302,0.225971769115252,0.133227920524019,0.31221614254543,0.354024219320371,0.31221614254543,0.354024219320371,0.073061208589275,0.33787252973302,0.33787252973302,0.371431017160577,0.2185204566346,0.33787252973302,0.073061208589275
Weight_D,0.0501757982109587,0.0697551912319639,0.0925613283457512,0.0316758240928904,0.0625139761108004,0.0382592780892862,0.0579812252227773,0.0466773642435725,0.0319955537082278,0.0527236186433026,0.0593170115605326,0.08090482965423,0.069045210811413,0.0292284661717993,0.0466732329594643,0.0608929233801254,0.0502611290307245,0.0344824667962866,0.0401728163681066,0.0415871395080495
Bray_D,0.35,0.349627701467597,0.456387064433193,0.18021513398262,0.370203836442699,0.245438022854622,0.362686409521031,0.25,0.201823589813219,0.341080050762078,0.399974942865288,0.356442541243528,0.328013643115969,0.168510268340787,0.272960568073033,0.344503427129919,0.427416873226793,0.233828394083369,0.31592342768222,0.251966471548167
JC_D,0.666666666666667,0.333333333333333,0.5,0.166666666666667,0.5,0.5,0.333333333333333,0.333333333333333,0.333333333333333,0.5,0.5,0.5,0.5,0.166666666666667,0.333333333333333,0.333333333333333,0.5,0.333333333333333,0.333333333333333,0.166666666666667
JSD,0.142970054854985,0.122118343225461,0.143781873182212,0.0347588068656629,0.154241368679109,0.0848648707835264,0.120230487611253,0.0962198118464436,0.067854253759204,0.133270441115282,0.164467353429161,0.130578651354742,0.115045239606044,0.0460595556726219,0.0930356768446852,0.116815055747404,0.170598780605232,0.0824600780829021,0.127700814803708,0.0621660605154997
