C1_WGSerr_r0,C2_WGSerr_r0,C3_WGSerr_r0,C4_WGSerr_r0,C5_WGSerr_r0,C6_WGSerr_r0,C7_WGSerr_r0,C8_WGSerr_r0,C9_WGSerr_r0,C10_WGSerr_r0,C11_WGSerr_r0,C12_WGSerr_r0,C13_WGSerr_r0,C14_WGSerr_r0,C15_WGSerr_r0,C16_WGSerr_r0,C17_WGSerr_r0,C18_WGSerr_r0,C19_WGSerr_r0,C20_WGSerr_r0
Rank1,-0.195187534817149,-0.259651049840192,-0.018098219456409,0.025476503109206,-0.253952547109974,-0.387099920952485,-0.136231434243143,-0.065603321768349,-0.19318090622079,-0.318958851072634,-0.344096618550371,-0.456387064433193,-0.119261465296754,-0.226176125732745,-0.13986244451055,-0.253491273294321,-0.079140540294165,-0.201823589813219,-0.304093804200576,-0.235394998019485
Rank2,-0.159955525448414,-0.063827900736668,-0.027162182726082,-0.122930441974448,0.00395401083951502,0.00968304772569201,-0.097036057367024,-0.1291981098654,-0.051339491645977,-0.031041148927366,0.050096814596591,0.181630621552998,-0.053646315559095,-0.029796163557301,-0.105575578344072,-0.05919513622671,-0.090022978438802,0.00244251630164999,-0.036986246561502,-0.121047543224043
Rank3,0.10522658055997,0.130308236650261,-0.038148890581668,-0.148437071182239,0.005495109140539,0.077416873226793,-0.00056090247320198,-0.021121996048472,0.0925539263186,0.1,0.044468917082774,0.0747564428801953,0.092692646873229,-0.044027710709954,0.045438022854622,0.024348002968497,-0.068844894297494,0.045235467222649,0.0910800507620784,0.156442541243528
Rank4,0.1,0.1,-0.012263158302711,0.0458910100474808,0.044503427129919,0.2,0.0838283940833686,0.01592342768222,0.0153444422176624,0.1,0.0995308868710059,0.1,-0.00343889071952699,0.15,0.1,0.0883384065525344,0.088008413030461,0.00414560628891991,0.1,0.1
Rank5,0.1,0.05,-0.004327548933131,0.1,0.1,0.05,0.1,0.1,0.0366220293305045,0.1,0.1,0.05,0.0336540247021472,0.1,0.05,0.1,0.1,0.1,0.1,0.05
Rank6,0.05,0.05,0.1,0.1,0.1,0.05,0.05,0.1,0.1,0.05,0.05,0.05,0.05,0.05,0.05,0.1,0.05,0.05,0.05,0.05
