C10_WGSerr_r0,C11_WGSerr_r0,C12_WGSerr_r0,C13_WGSerr_r0,C14_WGSerr_r0,C15_WGSerr_r0,C16_WGSerr_r0,C17_WGSerr_r0,C18_WGSerr_r0,C19_WGSerr_r0,C1_WGSerr_r0,C20_WGSerr_r0,C2_WGSerr_r0,C3_WGSerr_r0,C4_WGSerr_r0,C5_WGSerr_r0,C6_WGSerr_r0,C7_WGSerr_r0,C8_WGSerr_r0,C9_WGSerr_r0
sorted_JSD,0.142970054854985,0.0975367090268154,0.143781873182212,0.034210884727825,0.121482782804696,0.0817269881996366,0.113031677695568,0.0676843125141798,0.067854253759204,0.12352448017237,0.118560540439156,0.117440740519783,0.115045239606044,0.0364615971585579,0.0928350677453309,0.0904671271474254,0.152393726713089,0.0791084989522004,0.0794705357772802,0.0574658148428197
