C10_WGSerr_r0,C11_WGSerr_r0,C12_WGSerr_r0,C13_WGSerr_r0,C14_WGSerr_r0,C15_WGSerr_r0,C16_WGSerr_r0,C17_WGSerr_r0,C18_WGSerr_r0,C19_WGSerr_r0,C1_WGSerr_r0,C20_WGSerr_r0,C2_WGSerr_r0,C3_WGSerr_r0,C4_WGSerr_r0,C5_WGSerr_r0,C6_WGSerr_r0,C7_WGSerr_r0,C8_WGSerr_r0,C9_WGSerr_r0
bench_GCA_008275005,0.3,0.05,0.35,0.05,0.15,0.35,0.2,0.35,0.25,0.1,0.35,0.6,0.25,0.35,0.15,0.3,0.25,0.1,0.6,0.25
bench_GCA_001675145,0.3,0.3,0.25,0.2,0.15,0.1,0.3,0.3,0.3,0.05,0.35,0.15,0.4,0.15,0.1,0.2,0.15,0.15,0.1,0.45
bench_GCA_003586065,0.35,0.15,0.1,0.6,0.35,0.4,0.35,0.15,0.15,0.05,0.2,0.2,0.15,0.15,0.5,0.3,0.45,0.55,0.1,0.15
bench_GCA_002056065,0.05,0.5,0.3,0.15,0.35,0.15,0.15,0.2,0.3,0.8,0.1,0.05,0.2,0.35,0.25,0.2,0.15,0.2,0.2,0.15
predict_GCA_008275005,0.300595362562036,0,0.335213370503248,0,0.0751907967595559,0.342356038799336,0.161206326915647,0.335912903459242,0.201985564177709,0.120095395233813,0.377618823319969,0.748768486806124,0.210907067500941,0.34275408204211,0.069519276995183,0.266889797613221,0.217146628923025,0.0244641721120386,0.688587915145202,0.21880338066008
predict_GCA_001675145,0.329224222722403,0.388405857341011,0.291034779172489,0.150131842029779,0.101815883845685,0,0.340099222704314,0.371989989831465,0.378184303329628,0,0.436148906873852,0.0680007749142804,0.538729469643796,0.107910762809827,0,0.17458679624474,0.0786611424606821,0.0836228454195738,0,0.621088005322875
predict_GCA_003586065,0.370180414715561,0.0748614506713905,0,0.742686143609302,0.426797831487866,0.514148913607286,0.376539498457823,0.0610728848735233,0.0667366538951064,0,0.129887469280838,0.183230738279596,0.0331234457625492,0.108158679737057,0.653338139203911,0.330571118365972,0.574975637762752,0.701064369720843,0.0283926779927901,0.0192954346155813
predict_GCA_002056065,0,0.536732691987598,0.373751850324263,0.10718201436092,0.396195487906893,0.143495047593378,0.122154951922217,0.23102422183577,0.353093478597557,0.879904604766187,0.0563448005253409,0,0.217240017092713,0.441176475411006,0.277142583800906,0.227952287776067,0.12921659085354,0.190848612747545,0.283019406862008,0.140813179401463
