C1_WGSerr_r0,C10_WGSerr_r0,C11_WGSerr_r0,C12_WGSerr_r0,C13_WGSerr_r0,C14_WGSerr_r0,C15_WGSerr_r0,C16_WGSerr_r0,C17_WGSerr_r0,C18_WGSerr_r0,C19_WGSerr_r0,C2_WGSerr_r0,C20_WGSerr_r0,C3_WGSerr_r0,C4_WGSerr_r0,C5_WGSerr_r0,C6_WGSerr_r0,C7_WGSerr_r0,C8_WGSerr_r0,C9_WGSerr_r0
sorted_JSD,0.0034970610367591,0.0243948015251999,0.0251252371765385,0.0377905483413921,0.0189985383088065,0.0057522892194801,0.0377619291739155,0.000736264956036874,0.0552677113320588,0.061432579378522,0.0443942267558368,0.000519647717061851,0.0359650204549879,0.00429420058159007,0.0377248987165775,0.0775084499711109,0.00551256563065415,0.0370343204753401,0.0460911263335806,0.00636470115056809
