C10_WGSerr_r0,C11_WGSerr_r0,C12_WGSerr_r0,C13_WGSerr_r0,C14_WGSerr_r0,C15_WGSerr_r0,C16_WGSerr_r0,C17_WGSerr_r0,C18_WGSerr_r0,C19_WGSerr_r0,C1_WGSerr_r0,C20_WGSerr_r0,C2_WGSerr_r0,C3_WGSerr_r0,C4_WGSerr_r0,C5_WGSerr_r0,C6_WGSerr_r0,C7_WGSerr_r0,C8_WGSerr_r0,C9_WGSerr_r0
Rank1,-0.00355974705509399,-0.00463382586847494,-0.010223094681194,-0.00850627660504799,-0.015451251716728,-0.015931822357643,-0.017130646862202,-0.0212364652265981,-0.0199379220188139,-0.0250138713769961,-0.05,0,-0.048445004414982,-0.039705953145734,-0.032621614557295,-0.026365836498533,-0.019578762860562,-0.0156442171875489,-0.008763570279264,-0.00355576022331994
Rank2,0.00355974705509399,0.00463382586847499,0.010223094681194,0.00850627660504799,0.015451251716728,0.015931822357643,0.017130646862202,0.021236465226598,0.0199379220188138,0.0250138713769965,0.05,0,0.048445004414982,0.039705953145734,0.032621614557295,0.026365836498533,0.019578762860562,0.015644217187549,0.008763570279264,0.00355576022331999
