C10_WGSerr_r0,C11_WGSerr_r0,C12_WGSerr_r0,C13_WGSerr_r0,C14_WGSerr_r0,C15_WGSerr_r0,C16_WGSerr_r0,C17_WGSerr_r0,C18_WGSerr_r0,C19_WGSerr_r0,C1_WGSerr_r0,C20_WGSerr_r0,C2_WGSerr_r0,C3_WGSerr_r0,C4_WGSerr_r0,C5_WGSerr_r0,C6_WGSerr_r0,C7_WGSerr_r0,C8_WGSerr_r0,C9_WGSerr_r0
UnW_D,0,0,0,0,0,0,0,0,0,0,0.825085262750226,0,0,0,0,0,0,0,0,0
Weight_D,0.000853870694724066,0.00111150822019307,0.00245219697426802,0.0020403866347396,0.00370626643790302,0.00382154013029497,0.00410910020035535,0.00509395612549777,0.00478247669344842,0.00600003635085541,0.0119934180927571,0,0.0116204238490869,0.00952420193696426,0.00782489324492822,0.00632433000984364,0.00469632577451332,0.00375255274928344,0.00210210324688947,0.000852914379917444
Bray_D,0.00355974705509399,0.00463382586847497,0.010223094681194,0.00850627660504799,0.015451251716728,0.015931822357643,0.017130646862202,0.021236465226598,0.0199379220188139,0.0250138713769963,0.05,0,0.048445004414982,0.039705953145734,0.032621614557295,0.026365836498533,0.019578762860562,0.015644217187549,0.008763570279264,0.00355576022331996
JC_D,0,0,0,0,0,0,0,0,0,0,0.5,0,0,0,0,0,0,0,0,0
JSD,6.33599321870975e-06,1.08550553817516e-05,5.46731734698009e-05,3.99846388329465e-05,0.000144284609772146,0.000172972115784415,0.000237050357050714,0.00047035061203997,0.000607662629398768,0.00220781205407007,0.0176492274645948,0,0.0042576324576951,0.00174671656993273,0.000888084256178266,0.000480981009924665,0.000232648461625489,0.000135920719072156,4.01505396225117e-05,6.39025724432317e-06
