C10_WGSerr_r0,C11_WGSerr_r0,C12_WGSerr_r0,C13_WGSerr_r0,C14_WGSerr_r0,C15_WGSerr_r0,C16_WGSerr_r0,C17_WGSerr_r0,C18_WGSerr_r0,C19_WGSerr_r0,C1_WGSerr_r0,C20_WGSerr_r0,C2_WGSerr_r0,C3_WGSerr_r0,C4_WGSerr_r0,C5_WGSerr_r0,C6_WGSerr_r0,C7_WGSerr_r0,C8_WGSerr_r0,C9_WGSerr_r0
sorted_JSD,6.33599321870975e-06,1.08550553817516e-05,5.46731734698009e-05,3.99846388329465e-05,0.000144284609772146,0.000172972115784415,0.000237050357050714,0.00047035061203997,0.000607662629398768,0.00220781205407007,0.0176492274645948,0,0.0042576324576951,0.00174671656993273,0.000888084256178266,0.000480981009924665,0.000232648461625489,0.000135920719072156,4.01505396225117e-05,6.39025724432317e-06
