C1_WGSerr_r0,C2_WGSerr_r0,C3_WGSerr_r0,C4_WGSerr_r0,C5_WGSerr_r0,C6_WGSerr_r0,C7_WGSerr_r0,C8_WGSerr_r0,C9_WGSerr_r0,C10_WGSerr_r0,C11_WGSerr_r0,C12_WGSerr_r0,C13_WGSerr_r0,C14_WGSerr_r0,C15_WGSerr_r0,C16_WGSerr_r0,C17_WGSerr_r0,C18_WGSerr_r0,C19_WGSerr_r0,C20_WGSerr_r0
sorted_JSD,0.023465163929564,0.0848719592522509,0.0480401897374543,0.0528161924091306,0.0491627027279172,0.0326428424299977,0.0373069782036735,0.0670192252825576,0.038390435100774,0.0696635864056168,0.0418031075218167,0.058620587776972,0.0265504169932205,0.0327351007656287,0.0359183968652888,0.0669670190924768,0.0305900860020536,0.0369475349064056,0.00789493047354581,0.0133488158248224
