C1_WGSerr_r0,C2_WGSerr_r0,C3_WGSerr_r0,C4_WGSerr_r0,C5_WGSerr_r0,C6_WGSerr_r0,C7_WGSerr_r0,C8_WGSerr_r0,C9_WGSerr_r0,C10_WGSerr_r0,C11_WGSerr_r0,C12_WGSerr_r0,C13_WGSerr_r0,C14_WGSerr_r0,C15_WGSerr_r0,C16_WGSerr_r0,C17_WGSerr_r0,C18_WGSerr_r0,C19_WGSerr_r0,C20_WGSerr_r0
Rank1,0.019078,0.161378,0.037945,0.097297,-0.059442,-0.028666,-0.020962,0.085903,0.00232099999999996,0.131659,-0.131474,-0.134118,-0.033512,-0.01664,-0.021384,-0.096029,-0.029787,-0.062111,-0.078886,-0.00819000000000003
Rank2,-0.023595,-0.015267,0.00662300000000002,-0.039126,0.038163,-0.00716299999999997,-0.034766,0.019947,-0.039155,-0.010748,0.075968,0.120514,0.026121,0.044575,0.026632,0.060415,-0.048547,0.039395,0.033978,-0.063185
Rank3,0.050294,0.002197,-0.038935,-0.075714,0.0138,0.00512099999999999,0.087837,-0.00819700000000001,0.027947,-0.038362,0.050635,0.013404,0.037244,0.00661900000000001,0.080597,0.061343,-0.019194,0.102679,0.012083,0.081668
Rank4,-0.026772,-0.036239,-0.00237200000000001,0.00428600000000001,0.021242,0.060971,-0.008974,-0.00406799999999999,-0.028284,-0.010147,0.061464,0.048461,-0.040068,0.015129,-0.00117399999999999,-0.01428,0.103979,-0.036039,0.026597,0.005637
Rank5,-0.013412,-0.020762,0.000648999999999983,0.021242,0.00869600000000001,-0.017379,0.038998,-0.00456499999999999,0.03895,0.025388,0.032933,0.00822700000000001,0.019784,0.025096,-0.020014,0.01487,0.004611,0.00833200000000001,0.044905,-0.007142
Rank6,0.039184,0.01534,0.045608,0.051317,0.052379,0.028501,-0.001717,0.00821,0.068369,-0.010732,-0.008944,0.00939,0.031705,-0.003605,0.021926,0.052716,0.038155,0.024662,-0.000615999999999998,0.030583
