C1_WGSerr_r0,C18_WGSerr_r0,C19_WGSerr_r0,C2_WGSerr_r0,C20_WGSerr_r0,C3_WGSerr_r0,C4_WGSerr_r0,C5_WGSerr_r0,C6_WGSerr_r0,C7_WGSerr_r0,C8_WGSerr_r0,C10_WGSerr_r0,C9_WGSerr_r0,C11_WGSerr_r0,C12_WGSerr_r0,C13_WGSerr_r0,C14_WGSerr_r0,C15_WGSerr_r0,C16_WGSerr_r0,C17_WGSerr_r0
UnW_D,0,0.0857377117356757,0,0.10886641857613,0,0.0585606680381548,0,0.169325547190294,0.109690992848008,0.0903124230109252,0.0757022442649715,0.115711919242799,0.15695912321384,0.0903124230109252,0.0359492609225183,0.0359492609225183,0.0583703983265155,0.0585606680381548,0.0585606680381548,0.11777353586793
Weight_D,0.0185671558072421,0.0231551805588751,0.0229616557546713,0.0190779294365981,0.0278723003581979,0.0237910778494659,0.0302550915541331,0.0240370539568794,0.0203218330982625,0.0185172780990599,0.0281740271090612,0.0229718502685983,0.0194644063112807,0.035090999342418,0.034884787566164,0.0160176278204468,0.0256052633603342,0.0231581524447304,0.0287572548521291,0.028337198686884
Bray_D,0.125266018249581,0.158703521549418,0.139096577416525,0.168634332151384,0.156428880731643,0.148977296884602,0.162898091305293,0.168556611927398,0.148471751722518,0.135369577376968,0.204790870552472,0.151250873371945,0.150030795170171,0.202272141940261,0.180814102310903,0.106551188411907,0.159803741202649,0.157530925017897,0.170008943339567,0.168944982604421
JC_D,0,0.333333333333333,0,0.4,0,0.25,0,0.333333333333333,0.285714285714286,0.25,0.333333333333333,0.333333333333333,0.444444444444444,0.25,0.142857142857143,0.142857142857143,0.142857142857143,0.25,0.25,0.285714285714286
JSD,0.0168109020130641,0.0261910815886167,0.0144315527392617,0.040687715459251,0.0192413381334026,0.0244766152555775,0.0158360804968016,0.0331881674030982,0.0374012978948387,0.0211429034013721,0.0388372029356099,0.0253350213727459,0.0602059941855167,0.0350606218596874,0.0241809586535826,0.0155555923752427,0.0191096339032484,0.0266603042158516,0.0289536823050097,0.036845654181463
