C1_WGSerr_r0,C18_WGSerr_r0,C19_WGSerr_r0,C2_WGSerr_r0,C20_WGSerr_r0,C3_WGSerr_r0,C4_WGSerr_r0,C5_WGSerr_r0,C6_WGSerr_r0,C7_WGSerr_r0,C8_WGSerr_r0,C10_WGSerr_r0,C9_WGSerr_r0,C11_WGSerr_r0,C12_WGSerr_r0,C13_WGSerr_r0,C14_WGSerr_r0,C15_WGSerr_r0,C16_WGSerr_r0,C17_WGSerr_r0
sorted_JSD,0.0342681223156176,0.0758904002641392,0.081145899076178,0.0478417152990553,0.0813301869598166,0.101647246858497,0.0564953077955469,0.0632157539478299,0.0412285934563108,0.02599841457,0.108361599509151,0.0375260062757338,0.0323792939010967,0.0413426976234108,0.0882185055300094,0.00876047738408481,0.0556483963578927,0.0729435644012756,0.0379647878001409,0.069136863125897
