C1_WGSerr_r0,C2_WGSerr_r0,C3_WGSerr_r0,C4_WGSerr_r0,C5_WGSerr_r0,C6_WGSerr_r0,C7_WGSerr_r0,C8_WGSerr_r0,C9_WGSerr_r0,C10_WGSerr_r0,C11_WGSerr_r0,C12_WGSerr_r0,C13_WGSerr_r0,C14_WGSerr_r0,C15_WGSerr_r0,C16_WGSerr_r0,C17_WGSerr_r0,C18_WGSerr_r0,C19_WGSerr_r0,C20_WGSerr_r0,C1_WGSerr_r1,C2_WGSerr_r1,C3_WGSerr_r1,C4_WGSerr_r1,C5_WGSerr_r1,C6_WGSerr_r1,C7_WGSerr_r1,C8_WGSerr_r1,C9_WGSerr_r1,C10_WGSerr_r1,C11_WGSerr_r1,C12_WGSerr_r1,C13_WGSerr_r1,C14_WGSerr_r1,C15_WGSerr_r1,C16_WGSerr_r1,C17_WGSerr_r1,C18_WGSerr_r1,C19_WGSerr_r1,C20_WGSerr_r1,C1_WGSerr_r2,C2_WGSerr_r2,C3_WGSerr_r2,C4_WGSerr_r2,C5_WGSerr_r2,C6_WGSerr_r2,C7_WGSerr_r2,C8_WGSerr_r2,C9_WGSerr_r2,C10_WGSerr_r2,C11_WGSerr_r2,C12_WGSerr_r2,C13_WGSerr_r2,C14_WGSerr_r2,C15_WGSerr_r2,C16_WGSerr_r2,C17_WGSerr_r2,C18_WGSerr_r2,C19_WGSerr_r2,C20_WGSerr_r2
Rank1,-0.00690300000000005,0.00518100000000005,-0.034063,-0.016427,-0.028555,-0.041317,-0.0263009999999999,0.147642,0.00216,-0.05088,-0.0169010000000001,0.00413599999999997,-0.0191610000000001,-0.019759,-0.04596,-0.031828,0.054856,-0.039695,-0.0325169999999999,0.116996,0,0,0,0,0,0,0,0,0,0,0,0,0,0,0,0,0,0,0,0,0,0,0,0,0,0,0,0,0,0,0,0,0,0,0,0,0,0,0,0
Rank2,0.11681,0.028249,0.129373,-0.00945200000000002,0.069692,0.085328,0.00356500000000001,-0.032292,0.080142,0.009162,0.028265,0.054556,0.01729,-0.018027,0.120077,0.015433,0.062005,0.00475900000000001,0.060099,-0.035597,0,0,0,0,0,0,0,0,0,0,0,0,0,0,0,0,0,0,0,0,0,0,0,0,0,0,0,0,0,0,0,0,0,0,0,0,0,0,0,0
Rank3,-0.030631,0.033095,-0.016988,0.060429,0.010995,0.00766600000000001,0.014287,-0.017556,-0.014871,0.109115,0.00408500000000001,0.04214,-0.00323799999999999,0.018725,-0.00645299999999999,0.047752,-0.011413,0.087957,0.012262,-0.00497700000000001,0,0,0,0,0,0,0,0,0,0,0,0,0,0,0,0,0,0,0,0,0,0,0,0,0,0,0,0,0,0,0,0,0,0,0,0,0,0,0,0
Rank4,-0.013792,-0.001531,0.007774,0.031128,0.024945,0.010227,0.055648,-0.000291,-0.013462,0.00490400000000001,0.024882,-0.004511,0.036831,0.095681,0.010447,0.040468,-0.021997,0.011553,0.01899,0.007428,0,0,0,0,0,0,0,0,0,0,0,0,0,0,0,0,0,0,0,0,0,0,0,0,0,0,0,0,0,0,0,0,0,0,0,0,0,0,0,0
