C1_WGSerr_r0,C2_WGSerr_r0,C3_WGSerr_r0,C4_WGSerr_r0,C5_WGSerr_r0,C6_WGSerr_r0,C7_WGSerr_r0,C8_WGSerr_r0,C9_WGSerr_r0,C10_WGSerr_r0,C11_WGSerr_r0,C12_WGSerr_r0,C13_WGSerr_r0,C14_WGSerr_r0,C15_WGSerr_r0,C16_WGSerr_r0,C17_WGSerr_r0,C18_WGSerr_r0,C19_WGSerr_r0,C20_WGSerr_r0
GCA_900622695,0.0265417934137307,0.05,-0.072235041632249,-0.05702928179619,0.0244109793171752,0.05,0.05,-0.00778063942271899,0.0172935223318574,0.05,-0.277423133245515,-0.307553930732167,0.019218995812165,-0.018230919623901,0.05,-0.14698298738907,-0.087260061406806,0.0185094891371808,0.0169402911056424,-0.168940774833433
GCA_001675145,-0.177689261754088,0.0663934393999783,0.05177620169017,0.1,0.15,0.057915834294097,0.014798860191829,0.1,0.129683862509016,-0.064983316489378,0.047576627334734,0.0829660892329418,0.133654067293816,0.137152047411328,0.079322114213457,0.1,0.019736503445731,0.089598742273132,0.034915179219972,-0.131653250734177
GCA_003586065,0.0309258662807442,0.1,-0.014163988537449,-0.204067351498807,-0.270272904257532,-0.357397264043287,-0.184165444644979,-0.311617965855098,-0.077889639732985,0.0438329574322604,0.05,0.05,-0.086240348227273,-0.373964497169382,-0.199245707278862,0.0506765651241836,-0.200179434020466,-0.189435125489746,-0.341949499106807,0.000594025567609999
GCA_002056065,-0.08919122929261,-0.087623289274333,-0.063753462431984,0.0584729965580863,-0.069876210953016,-0.050518570250809,0.0046289476188244,0.016365947228476,-0.20633021552069,0.1,-0.001604230125584,0.05,-0.166632714878707,0.05,0.0223691141049616,-0.124841451036511,0.017702991981541,0.00304551777703081,0.05,0.05
GCA_008275005,0.0094128313522224,-0.178770150125646,-0.00162370908848702,0.00262363673690996,0.065738135893373,0.05,0.014737636834325,0.003032658049341,0.0372424704128011,-0.228849640942882,0.031450736036364,0.024587841499225,0.05,0.055043369381954,-0.00244552103955603,0.021147873301398,0.05,0.028281376302403,0.1,0.05
GCA_002903105,0.2,0.05,0.1,0.1,0.1,0.25,0.1,0.2,0.1,0.1,0.15,0.1,0.05,0.15,0.05,0.1,0.2,0.05,0.15,0.2
