C10_WGSerr_r0,C11_WGSerr_r0,C12_WGSerr_r0,C13_WGSerr_r0,C14_WGSerr_r0,C15_WGSerr_r0,C16_WGSerr_r0,C17_WGSerr_r0,C18_WGSerr_r0,C19_WGSerr_r0,C1_WGSerr_r0,C20_WGSerr_r0,C2_WGSerr_r0,C3_WGSerr_r0,C4_WGSerr_r0,C5_WGSerr_r0,C6_WGSerr_r0,C7_WGSerr_r0,C8_WGSerr_r0,C9_WGSerr_r0
Rank1,-0.228849640942882,-0.277423133245515,-0.307553930732167,-0.166632714878707,-0.323964497169382,-0.149245707278862,-0.14698298738907,-0.150179434020466,-0.189435125489746,-0.341949499106807,-0.177689261754088,-0.131653250734177,-0.178770150125646,-0.00162370908848702,-0.054067351498807,-0.270272904257532,-0.307397264043287,-0.134165444644979,-0.161617965855098,-0.20633021552069
Rank2,-0.064983316489378,0.031450736036364,0.024587841499225,-0.086240348227273,0.00504336938195399,-0.052445521039556,-0.074841451036511,-0.087260061406806,0.028281376302403,0.034915179219972,-0.08919122929261,-0.168940774833433,-0.087623289274333,-0.022235041632249,-0.14737636326309,-0.019876210953016,-0.050518570250809,-0.035201139808171,-0.096967341950659,-0.077889639732985
Rank3,0.0438329574322604,0.047576627334734,0.0829660892329418,0.119218995812165,0.031769080376099,0.079322114213457,-0.028852126698602,-0.030263496554269,0.089598742273132,0.0669402911056424,0.126541793413731,0.10059402556761,0.0663934393999783,-0.063753462431984,-0.05702928179619,0.015738135893373,0.057915834294097,0.014737636834325,0.016365947228476,0.117293522331857
Rank4,0.1,0.048395769874416,0.1,0.033654067293816,0.137152047411328,0.0223691141049616,0.0506765651241836,0.117702991981541,0.00304551777703081,0.1,0.0309258662807442,0.1,0.1,-0.014163988537449,0.0584729965580863,0.0744109793171752,0.2,0.0046289476188244,0.042219360577281,0.0296838625090163
Rank5,0.1,0.1,0.05,0.05,0.1,0.05,0.1,0.1,0.0185094891371808,0.1,0.0594128313522224,0.05,0.05,0.00177620169016998,0.1,0.1,0.05,0.1,0.1,0.0372424704128011
Rank6,0.05,0.05,0.05,0.05,0.05,0.05,0.1,0.05,0.05,0.05,0.05,0.05,0.05,0.1,0.1,0.1,0.05,0.05,0.1,0.1
