C1_WGSerr_r0,C2_WGSerr_r0,C3_WGSerr_r0,C4_WGSerr_r0,C5_WGSerr_r0,C6_WGSerr_r0,C7_WGSerr_r0,C8_WGSerr_r0,C9_WGSerr_r0,C10_WGSerr_r0,C11_WGSerr_r0,C12_WGSerr_r0,C13_WGSerr_r0,C14_WGSerr_r0,C15_WGSerr_r0,C16_WGSerr_r0,C17_WGSerr_r0,C18_WGSerr_r0,C19_WGSerr_r0,C20_WGSerr_r0
sorted_JSD,0.0535859264428588,0.0854961953165883,0.0379218054439716,0.0888396941686687,0.0973556508943542,0.137605729953669,0.0588977786048457,0.0846874278505282,0.0671837747115889,0.10371809155709,0.0772134287896954,0.109669205223414,0.0589210350760312,0.115912381287258,0.0478539161907113,0.085050768067093,0.0778492487581506,0.0363488545521525,0.12459163090582,0.0939458156924133
