C1_WGSerr_r0,C2_WGSerr_r0,C3_WGSerr_r0,C4_WGSerr_r0,C5_WGSerr_r0,C6_WGSerr_r0,C7_WGSerr_r0,C8_WGSerr_r0,C9_WGSerr_r0,C10_WGSerr_r0,C11_WGSerr_r0,C12_WGSerr_r0,C13_WGSerr_r0,C14_WGSerr_r0,C15_WGSerr_r0,C16_WGSerr_r0,C17_WGSerr_r0,C18_WGSerr_r0,C19_WGSerr_r0,C20_WGSerr_r0
UnW_D,0.073061208589275,0.354024219320371,0.073061208589275,0.33787252973302,0.33787252973302,0.371431017160577,0.2185204566346,0.33787252973302,0.073061208589275,0.278687168569344,0.208564971275047,0.268731683209791,0.225971769115252,0.133227920524019,0.2185204566346,0.33787252973302,0.225971769115252,0.073061208589275,0.31221614254543,0.31221614254543
Weight_D,0.0482127775343387,0.0498771697328445,0.0206207243939217,0.0433092067631175,0.0601847110956073,0.0615659522466188,0.0292292020458368,0.0531309319427561,0.0450058627420161,0.0405591131951344,0.0529205287763183,0.0585631345668303,0.044127672083646,0.0686170854495406,0.0375804084212896,0.0381150271351932,0.04534432867093,0.0368847718772063,0.0552125570360897,0.064793710805385
Bray_D,0.266880491046698,0.266393439399979,0.15177620169017,0.261096633294997,0.340149115210548,0.407915834294097,0.184165444644979,0.319398605277817,0.284219855253675,0.29383295743226,0.279027363371098,0.307553930732167,0.252873063105981,0.392195416793282,0.201691228318418,0.271824438425581,0.287439495427272,0.189435125489746,0.348629240326566,0.30059402556761
JC_D,0.166666666666667,0.5,0.166666666666667,0.333333333333333,0.333333333333333,0.5,0.333333333333333,0.333333333333333,0.166666666666667,0.5,0.333333333333333,0.5,0.333333333333333,0.333333333333333,0.333333333333333,0.333333333333333,0.333333333333333,0.166666666666667,0.5,0.5
JSD,0.0851452522268136,0.0854961953165883,0.0430848336128526,0.0954071210916827,0.115403099494896,0.168809661954909,0.064795725416464,0.145902418590881,0.0699653347546107,0.10371809155709,0.0922035156046515,0.109669205223414,0.0611700775294926,0.146373236518817,0.0535196791742652,0.0898512664932785,0.108220265154188,0.0363488545521525,0.137537836786494,0.119987647289426
