C10_WGSerr_r0,C11_WGSerr_r0,C12_WGSerr_r0,C13_WGSerr_r0,C14_WGSerr_r0,C15_WGSerr_r0,C16_WGSerr_r0,C17_WGSerr_r0,C18_WGSerr_r0,C19_WGSerr_r0,C1_WGSerr_r0,C20_WGSerr_r0,C2_WGSerr_r0,C3_WGSerr_r0,C4_WGSerr_r0,C5_WGSerr_r0,C6_WGSerr_r0,C7_WGSerr_r0,C8_WGSerr_r0,C9_WGSerr_r0
UnW_D,0.32452766829217,0.309785486372303,0.410757592410023,0.191818728742066,0.131413690476876,0.266417658560153,0.191818728742066,0.243444549644908,0.378448517728185,0.700054848075001,0.54528949673601,0.558740230652457,0.243444549644908,0.131413690476876,0.410757592410023,0.386679444723562,0.303849587910098,0.363706335808317,0.386679444723562,0.597387381396142
Weight_D,0.0769900946286179,0.063217522616605,0.0801110141026841,0.0295260429333647,0.0759515179745808,0.0642691048206857,0.0370278684001574,0.0680669551376856,0.0700208709142694,0.0488450761472191,0.0641633144146001,0.0777213686357354,0.059026438118302,0.0435473667423184,0.0998243254229783,0.0721241562269558,0.05813215944201,0.0926294278465701,0.0546386597990466,0.0758068874494692
Bray_D,0.498440469085774,0.423860712999643,0.562218284288078,0.219453132147516,0.607640882404476,0.437672423011293,0.280206243042434,0.426699647166911,0.429556280161128,0.35,0.388595998308653,0.55,0.414495792057161,0.336385982814877,0.564938271869771,0.524346417150331,0.38715200845712,0.489890974555853,0.304890425652093,0.498333507002432
JC_D,0.5,0.5,0.5,0.375,0.25,0.375,0.375,0.375,0.5,0.625,0.5,0.625,0.375,0.25,0.5,0.5,0.5,0.5,0.5,0.625
JSD,0.209244535920545,0.164183792433521,0.258800299027861,0.0890567131257222,0.253986900730789,0.168292131196626,0.111914166235788,0.154656813823869,0.179809898427392,0.142759279138559,0.155246406842886,0.248205885452094,0.155359232700972,0.112434376916135,0.231306831077604,0.237774175063389,0.158625426478909,0.189331656109425,0.107100789168276,0.228090656424778
