C10_WGSerr_r0,C11_WGSerr_r0,C12_WGSerr_r0,C13_WGSerr_r0,C14_WGSerr_r0,C15_WGSerr_r0,C16_WGSerr_r0,C17_WGSerr_r0,C18_WGSerr_r0,C19_WGSerr_r0,C1_WGSerr_r0,C20_WGSerr_r0,C2_WGSerr_r0,C3_WGSerr_r0,C4_WGSerr_r0,C5_WGSerr_r0,C6_WGSerr_r0,C7_WGSerr_r0,C8_WGSerr_r0,C9_WGSerr_r0
GCA_001675145,0.0984404690857737,-0.145100524141913,0.1,0.014858111311835,0.127545700106627,0.105156530354344,-0.003481461110558,0.144703774816944,-0.194288339498534,0.05,0.05,0.15,0.013086742381888,0.045346182033062,0.1,0.0273779893214319,0.032324825050648,0.0622901228358287,-0.1609998470234,0.1
GCA_002903105,-0.045436063198943,0.0738607129996423,0.05,0.05,0.0422070805519755,-0.035265428808499,0.05,0.031995872349967,0.029556280161128,-0.254827148849694,0.0385959983086531,0.05,0.0638447286468108,-0.019532211799092,0.05,0.042056251341574,0.05,0.0351347883819461,0.0548904256520929,-0.061210694690928
GCA_003018655,0.05,0.1,-0.466662648041994,-0.016854589979293,-0.391012502281698,-0.0749027735841777,-0.0763704030233559,-0.00435372245768,-0.110747874633509,-0.091222730105705,-0.229953055797734,-0.14075002578109,-0.300750573401659,-0.104745603248366,0.0396074790467788,-0.524346417150331,-0.368226403449305,0.04321598183074,-0.0430979270983858,-0.332960340723622
GCA_003586065,-0.224871577035587,-0.062964870981414,-0.027903772660154,-0.010498951442742,0.0616203480392347,0.0825158926569497,-0.000690205710150993,0.1,0.05,0.05,-0.101067442224401,-0.081923485315689,0.05,-0.048956137033779,-0.549564646855113,0.004912176487325,0.05,0.05,-0.100792651530307,0.05
GCA_008275005,0.2,-0.215795317876316,0.0622182842880777,0.004595020835681,0.0262677537066377,0.05,-0.19966417319837,-0.091596023001623,0.05,-0.00395012104460099,-0.057575500286519,0.1,-0.113745218655502,0.0910398007818156,0.275330792822992,0.05,0.00482718340647161,-0.487700664762966,0.05,0.15
GCA_900622695,-0.228132828851243,0.1,-0.067651863585929,-0.192099590725482,-0.216628380122778,-0.327504220618617,0.030206243042434,-0.330749901707608,-0.124520066029085,0.05,0.1,-0.327326488903221,0.0375643210284627,-0.16315203073364,-0.015373625014657,0.05,-0.018925605007814,0.15,0.05,-0.099185136381534
GCA_002056065,0.05,0.1,0.2,0.05,0.25,0.1,0.15,0.1,0.15,0.15,0.1,0.1,0.15,0.1,0.05,0.25,0.1,0.1,0.1,0.05
GCA_002278115,0.1,0.05,0.15,0.1,0.1,0.1,0.05,0.05,0.15,0.05,0.1,0.15,0.1,0.1,0.05,0.1,0.15,0.05,0.05,0.15
