C10_WGSerr_r0,C11_WGSerr_r0,C12_WGSerr_r0,C13_WGSerr_r0,C14_WGSerr_r0,C15_WGSerr_r0,C16_WGSerr_r0,C17_WGSerr_r0,C18_WGSerr_r0,C19_WGSerr_r0,C1_WGSerr_r0,C20_WGSerr_r0,C2_WGSerr_r0,C3_WGSerr_r0,C4_WGSerr_r0,C5_WGSerr_r0,C6_WGSerr_r0,C7_WGSerr_r0,C8_WGSerr_r0,C9_WGSerr_r0
Rank1,-0.174871577035587,-0.165795317876316,-0.416662648041994,-0.092099590725482,-0.241012502281698,-0.227504220618617,-0.14966417319837,-0.330749901707608,-0.194288339498534,-0.254827148849694,-0.179953055797734,-0.327326488903221,-0.300750573401659,-0.06315203073364,-0.549564646855113,-0.474346417150331,-0.368226403449305,-0.487700664762966,-0.1609998470234,-0.282960340723622
Rank2,-0.128132828851243,-0.195100524141913,-0.017651863585929,-0.085141888688165,-0.216628380122778,-0.135265428808499,-0.0763704030233559,0.058403976998377,-0.060747874633509,-0.041222730105705,-0.107575500286519,-0.0907500257810902,-0.113745218655502,-0.069532211799092,0.184626374985343,0.092056251341574,0.031074394992186,0.04321598183074,-0.050792651530307,-0.111210694690928
Rank3,-0.095436063198943,-0.062964870981414,0.022096227339846,-0.016854589979293,0.0922070805519755,-0.0249027735841777,-0.053481461110558,0.031995872349967,-0.024520066029085,-0.00395012104460099,-0.101067442224401,-0.081923485315689,0.013086742381888,-0.0547456032483658,0.0753307928229921,0.054912176487325,0.032324825050648,0.0851347883819461,-0.0930979270983858,0.000814863618466
Rank4,0.0984404690857737,0.0738607129996423,0.0622182842880777,0.004595020835681,0.0616203480392347,0.0551565303543436,0.030206243042434,-0.00435372245768,0.029556280161128,0.1,0.0385959983086531,0.15,0.0875643210284627,-0.048956137033779,0.0896074790467788,0.0273779893214319,0.00482718340647161,0.0622901228358287,0.0548904256520929,0.15
Rank5,0.1,0.1,0.1,-0.010498951442742,0.0762677537066377,0.0825158926569497,0.049309794289849,0.0447037748169435,0.1,0.05,0.1,0.1,0.0638447286468108,-0.00465381796693799,0.05,0.1,0.1,0.1,0.1,0.1
Rank6,0.1,0.1,0.1,0.1,0.0775457001066275,0.1,0.1,0.1,0.05,0.05,0.1,0.1,0.1,0.0410398007818156,0.05,0.1,0.1,0.1,0.05,0.05
Rank7,0.05,0.1,0.1,0.05,0.1,0.1,0.05,0.05,0.05,0.05,0.1,0.1,0.1,0.1,0.05,0.05,0.05,0.05,0.05,0.05
Rank8,0.05,0.05,0.05,0.05,0.05,0.05,0.05,0.05,0.05,0.05,0.05,0.05,0.05,0.1,0.05,0.05,0.05,0.05,0.05,0.05
