C10_WGSerr_r0,C11_WGSerr_r0,C12_WGSerr_r0,C13_WGSerr_r0,C14_WGSerr_r0,C15_WGSerr_r0,C16_WGSerr_r0,C17_WGSerr_r0,C18_WGSerr_r0,C19_WGSerr_r0,C1_WGSerr_r0,C20_WGSerr_r0,C2_WGSerr_r0,C3_WGSerr_r0,C4_WGSerr_r0,C5_WGSerr_r0,C6_WGSerr_r0,C7_WGSerr_r0,C8_WGSerr_r0,C9_WGSerr_r0
sorted_JSD,0.143698826822367,0.16336264944165,0.108662937187809,0.0780284437263973,0.138978756457197,0.108099227679771,0.0577770277736747,0.109917708171711,0.102478188767091,0.119413338184362,0.106122231405698,0.168016056662488,0.0770304338417611,0.043697736742716,0.19224684061983,0.0952626534373664,0.088465188827092,0.178760231984927,0.0698340827053437,0.171637485339858
