C10_WGSerr_r0,C11_WGSerr_r0,C12_WGSerr_r0,C13_WGSerr_r0,C14_WGSerr_r0,C15_WGSerr_r0,C16_WGSerr_r0,C17_WGSerr_r0,C18_WGSerr_r0,C19_WGSerr_r0,C1_WGSerr_r0,C20_WGSerr_r0,C2_WGSerr_r0,C3_WGSerr_r0,C4_WGSerr_r0,C5_WGSerr_r0,C6_WGSerr_r0,C7_WGSerr_r0,C8_WGSerr_r0,C9_WGSerr_r0
GCA_002056065,0.05,-0.035951795947382,-0.072497056948874,0.043607399087253,-0.044069621673809,0.00673374827279999,0.028413475011236,-0.030559325391381,-0.051927692737148,-0.0877412923141729,0.0442147938240274,0.05,-0.016542966860787,-0.090517090315141,-0.025667038142752,-0.027358158784897,0.020924758496413,0.00992363920891801,-0.082156206660354,0.00909855655835498
GCA_003586065,-0.021187999827542,0.0756214890490492,0.1,-0.143161217057968,-0.078520845122541,-0.116608148120441,-0.027652625939053,0.0889539326748538,0.0832941967700332,0.05,0.069940110584258,0.015057402514325,0.117443298031204,0.040718170368723,-0.154865889686021,-0.032020367136353,-0.126605894680243,-0.151727751289614,0.0703995666699687,0.13144005561045
GCA_008275005,0.00163277046556298,0.05,0.015130353837365,0.05,0.0749202270051743,0.00987439984764099,0.040608536797921,0.015538759612278,0.048752113745641,-0.012258707685827,-0.025730693186948,-0.146563818393827,0.040444351787275,0.00827417515053597,0.0805329278287725,0.034833244456561,0.034859182167511,0.0756563795533075,-0.088243360009615,0.03327219012315
GCA_001675145,-0.030444770638021,-0.089669693101667,-0.04263329688849,0.049553817970715,0.047670239791175,0.1,-0.041369385870104,-0.07393336689575,-0.080118617778526,0.05,-0.088424211221337,0.0815064158795026,-0.141344682957692,0.041524744795882,0.1,0.024545281464689,0.0708219540163189,0.0661477325273888,0.1,-0.173810802291955
