C1_WGSerr_r0,C10_WGSerr_r0,C11_WGSerr_r0,C12_WGSerr_r0,C13_WGSerr_r0,C14_WGSerr_r0,C15_WGSerr_r0,C16_WGSerr_r0,C17_WGSerr_r0,C18_WGSerr_r0,C19_WGSerr_r0,C2_WGSerr_r0,C20_WGSerr_r0,C3_WGSerr_r0,C4_WGSerr_r0,C5_WGSerr_r0,C6_WGSerr_r0,C7_WGSerr_r0,C8_WGSerr_r0,C9_WGSerr_r0
sorted_JSD,0.0028332151074829,0.0150894600510266,0.0218334774992221,0.00225586084623132,0.0124822307439579,0.00433689767112594,0.042393796782455,0.000797049869770124,0.00122407069071636,0.0058570333985676,0.0380957601876641,0.0034195829741821,0.0155656062285929,0.00479959264247314,0.0370464310568106,0.00688330312515304,0.0563110308488263,0.0370111780843841,0.00593294727412858,0.00582060029063598
