C10_WGSerr_r0,C11_WGSerr_r0,C12_WGSerr_r0,C13_WGSerr_r0,C14_WGSerr_r0,C15_WGSerr_r0,C16_WGSerr_r0,C17_WGSerr_r0,C18_WGSerr_r0,C19_WGSerr_r0,C1_WGSerr_r0,C20_WGSerr_r0,C2_WGSerr_r0,C3_WGSerr_r0,C4_WGSerr_r0,C5_WGSerr_r0,C6_WGSerr_r0,C7_WGSerr_r0,C8_WGSerr_r0,C9_WGSerr_r0
sorted_JSD,0.11866885466351,0.149357977753044,0.110640343018833,0.136427544438507,0.13638692107814,0.127974492626609,0.118492306394166,0.105948909496329,0.18016437750395,0.117961122457791,0.100948110023481,0.135201094786073,0.102326738580025,0.0848318520524145,0.148099732811773,0.0847694292836914,0.168949254315053,0.101338933780528,0.0872585791436773,0.132167403382144
