C10_WGSerr_r0,C11_WGSerr_r0,C12_WGSerr_r0,C13_WGSerr_r0,C14_WGSerr_r0,C15_WGSerr_r0,C16_WGSerr_r0,C17_WGSerr_r0,C18_WGSerr_r0,C19_WGSerr_r0,C1_WGSerr_r0,C20_WGSerr_r0,C2_WGSerr_r0,C3_WGSerr_r0,C4_WGSerr_r0,C5_WGSerr_r0,C6_WGSerr_r0,C7_WGSerr_r0,C8_WGSerr_r0,C9_WGSerr_r0
Rank1,-0.111134859784147,-0.202936639934377,-0.240224836426187,-0.319553701471937,-0.242122466380996,-0.174965721925916,-0.159333370097873,-0.319508490989003,-0.400210128456691,-0.230684458932035,-0.078949698385719,-0.218999011699434,-0.041706289416142,-0.121219700110956,-0.370789096876319,-0.206223653989626,-0.251523539494774,-0.312863910914425,-0.183951916830434,-0.215070234047087
Rank2,-0.0888697709861,-0.137711264776475,-0.021744660333409,-0.00569299453098002,-0.168560856614975,-0.172554714763037,-0.134889034528909,0.058506171776471,-0.014525513131766,-0.045735947918722,-0.11714531117759,-0.096671740191637,-0.085938655429572,-0.089855745195545,0.00694276352658602,0.012776063183721,-0.140602820298806,0.036821972725351,-0.06313586973143,-0.119051839192518
Rank3,-0.079864497589822,-0.046222089060501,-0.00759663875785099,0.00343541499030101,0.0589246046636887,0.00889483772757999,-0.057883836912403,0.024348844204482,0.014735641588457,-0.023579593149243,-0.049960163638931,-0.054912624698586,-0.083061716163846,0.00390872821254598,0.0638463333497334,-0.001898751442763,-0.00787364020642001,0.043604743166094,-0.00487616353584999,-0.034897688504537
Rank4,-0.020130871639931,0.0368699937713527,0.022895421716588,0.021811281012616,0.0356097707191682,0.0105722527529132,0.028446859841874,0.00430519004767881,0.15,0.1,-0.032915058997164,0.03267407645841,-0.073096087185977,-0.019258182342995,0.1,-0.00716429069680599,0.1,0.000652017147184505,0.013106675221939,0.119019761744142
Rank5,0.1,0.1,-0.003329286199141,0.1,0.0661489476131136,0.0780533462084606,0.12365938169731,0.0323482849603717,0.1,0.05,0.0289702321994039,0.0879093001312453,0.0338027481955359,-0.01357999251217,0.05,0.00251063294547441,0.1,0.0317851778757952,0.0888572748757749,0.1
Rank6,0.1,0.1,0.1,0.1,0.1,0.1,0.1,0.1,0.05,0.05,0.1,0.1,0.1,0.0400048919491189,0.05,0.1,0.1,0.1,0.05,0.05
Rank7,0.05,0.1,0.1,0.05,0.1,0.1,0.05,0.05,0.05,0.05,0.1,0.1,0.1,0.1,0.05,0.05,0.05,0.05,0.05,0.05
Rank8,0.05,0.05,0.05,0.05,0.05,0.05,0.05,0.05,0.05,0.05,0.05,0.05,0.05,0.1,0.05,0.05,0.05,0.05,0.05,0.05
