C1_WGSerr_r0,C18_WGSerr_r0,C19_WGSerr_r0,C2_WGSerr_r0,C20_WGSerr_r0,C3_WGSerr_r0,C4_WGSerr_r0,C5_WGSerr_r0,C6_WGSerr_r0,C7_WGSerr_r0,C8_WGSerr_r0,C10_WGSerr_r0,C9_WGSerr_r0,C11_WGSerr_r0,C12_WGSerr_r0,C13_WGSerr_r0,C14_WGSerr_r0,C15_WGSerr_r0,C16_WGSerr_r0,C17_WGSerr_r0
sorted_JSD,0.0939379884249663,0.017772230042975,0.0176492274645948,0.109627584348135,0,0.119167432858019,0.113857762382482,0.105012283035708,0.100062380795706,0.0721217973204819,0.0768177074952528,0.0767714793567534,0.0719879382564084,0.0577255050897633,0.0510708057705018,0.043186439406995,0.0362489199739604,0.0245741456620783,0.0238416832101285,0.0174812365463874
