C1_WGSerr_r0,C18_WGSerr_r0,C19_WGSerr_r0,C2_WGSerr_r0,C20_WGSerr_r0,C3_WGSerr_r0,C4_WGSerr_r0,C5_WGSerr_r0,C6_WGSerr_r0,C7_WGSerr_r0,C8_WGSerr_r0,C10_WGSerr_r0,C9_WGSerr_r0,C11_WGSerr_r0,C12_WGSerr_r0,C13_WGSerr_r0,C14_WGSerr_r0,C15_WGSerr_r0,C16_WGSerr_r0,C17_WGSerr_r0
Rank1,0.0298959999999999,0.0236270000000001,0.00917299999999988,0.01562,0.00226099999999996,0.024539,0.0188210000000001,-0.0136729999999999,-0.00442400000000009,0.0192760000000001,-0.00374600000000003,-0.00734299999999999,0.01309,0.0480790000000001,0.037918,0.042184,0.0538459999999999,0.0325700000000001,0.0294700000000001,0.0157479999999999
Rank2,0.017315,-0.009229,0.05,0.02144,0,0.032761,0.033019,0.04566,0.038642,0.036627,0.032795,0.036485,0.044826,-0.00585999999999998,-0.0177229999999999,-0.00772900000000004,-0.02358,-0.010904,-0.00244799999999998,-0.003582
