C1_WGSerr_r0,C18_WGSerr_r0,C19_WGSerr_r0,C2_WGSerr_r0,C20_WGSerr_r0,C3_WGSerr_r0,C4_WGSerr_r0,C5_WGSerr_r0,C6_WGSerr_r0,C7_WGSerr_r0,C8_WGSerr_r0,C10_WGSerr_r0,C9_WGSerr_r0,C11_WGSerr_r0,C12_WGSerr_r0,C13_WGSerr_r0,C14_WGSerr_r0,C15_WGSerr_r0,C16_WGSerr_r0,C17_WGSerr_r0
UnW_D,0.799910034717545,0,0.161651422765858,0.122838445303553,0,0.277527239862063,0.157440497323005,0.122838445303553,0.122838445303553,0.122838445303553,0.122838445303553,0.122838445303553,0.122838445303553,0.122838445303553,0.196202464969257,0.119311755769234,0,0,0.077895431746733,0
Weight_D,0.0123886440182919,0.0025964918688884,0.0119934180927571,0.00586051871799208,0,0.00921235300073044,0.00707917797220127,0.0104593809344194,0.00836625557521043,0.00659874917086644,0.00654673969105367,0.00794978542958208,0.00693214154890168,0.00852564684094614,0.00843113828913082,0.007164926034006,0.00807855837220988,0.00400146739217575,0.0019532845043106,0.00131291719632507
Bray_D,0.0682189194991635,0.0165471227365807,0.0304885494688604,0.0345290178202157,0.00113177947669839,0.0530434302188336,0.0412283149903128,0.0404665250669247,0.0314680840989208,0.0419047493402355,0.0254473603735363,0.0328334627385695,0.0395639886960033,0.0361972395694117,0.0340658546282575,0.0325388965289453,0.0393078456278868,0.0219750557792568,0.0212854999936973,0.00972415201671763
JC_D,0.75,0,0.5,0.333333333333333,0,0.5,0.5,0.333333333333333,0.333333333333333,0.333333333333333,0.333333333333333,0.333333333333333,0.333333333333333,0.333333333333333,0.333333333333333,0.333333333333333,0,0,0.333333333333333,0
JSD,0.0368256897442362,0.000155379896688306,0.0176492274645948,0.0117207950637784,0,0.0178764234664382,0.0111049274086247,0.00852821683166706,0.00739909021609469,0.00980050913208783,0.00518943825976588,0.00785170701843931,0.00735094599782836,0.00661727979879491,0.00464324203518082,0.00538697741582561,0.000655274765542755,0.000181578077995057,0.00369302135284108,2.89398750258254e-05
