C1_WGSerr_r0,C2_WGSerr_r0,C3_WGSerr_r0,C4_WGSerr_r0,C5_WGSerr_r0,C6_WGSerr_r0,C7_WGSerr_r0,C8_WGSerr_r0,C9_WGSerr_r0,C10_WGSerr_r0,C11_WGSerr_r0,C12_WGSerr_r0,C13_WGSerr_r0,C14_WGSerr_r0,C15_WGSerr_r0,C16_WGSerr_r0,C17_WGSerr_r0,C18_WGSerr_r0,C19_WGSerr_r0,C20_WGSerr_r0
sorted_JSD,0.0578538686469658,0.076992475932046,0.164998409838439,0.0767095068117539,0.142576089161392,0.12634739075632,0.0567076491657156,0.0794627336711772,0.120453284561701,0.0999351733419478,0.118733637073043,0.0841153330783622,0.109163928438733,0.0591457829110642,0.0797611545891289,0.12289048695957,0.143810388667225,0.0632480734037022,0.0597930240365067,0.0750142154489724
