,AErrorFree.StrainPanDA,AErrorFree.StrainEst,AErrorFree.PStrain,ARTError.StrainPanDA,ARTError.StrainEst,ARTError.PStrain,WGSError.StrainPanDA,WGSError.StrainEst,WGSError.PStrain
AErrorFree.StrainPanDA,1,0.0664169148239145,0.0874497976671476,0.67508547225487,0.042582661091347,0.0757905048493678,1.67089149411154e-05,0.355234020355453,0.000523542673135014
AErrorFree.StrainEst,0.0664169148239145,1,4.35048532176229e-05,0.072291387394556,0.0712447543592954,2.62801195928323e-05,5.92134288341866e-06,0.0410241901146855,3.50763699864585e-06
AErrorFree.PStrain,0.0874497976671476,4.35048532176229e-05,1,0.0820047390586499,1.91380034562892e-05,0.340894158246262,0.0163107545572023,0.00152299560760413,0.000101090276442995
ARTError.StrainPanDA,0.67508547225487,0.072291387394556,0.0820047390586499,1,0.0464824022696068,0.0708902076086828,9.88958121128005e-06,0.378412270315561,0.00047321871877734
ARTError.StrainEst,0.042582661091347,0.0712447543592954,1.91380034562892e-05,0.0464824022696068,1,1.12582234543619e-05,3.56164931090621e-06,0.01266121679184,2.12646861560693e-06
ARTError.PStrain,0.0757905048493678,2.62801195928323e-05,0.340894158246262,0.0708902076086828,1.12582234543619e-05,1,0.0165342746681034,0.000931793866758186,0.000153858780447744
WGSError.StrainPanDA,1.67089149411154e-05,5.92134288341866e-06,0.0163107545572023,9.88958121128005e-06,3.56164931090621e-06,0.0165342746681034,1,4.60599791417034e-05,0.42531209745614
WGSError.StrainEst,0.355234020355453,0.0410241901146855,0.00152299560760413,0.378412270315561,0.01266121679184,0.000931793866758186,4.60599791417034e-05,1,7.72200782514801e-06
WGSError.PStrain,0.000523542673135014,3.50763699864585e-06,0.000101090276442995,0.00047321871877734,2.12646861560693e-06,0.000153858780447744,0.42531209745614,7.72200782514801e-06,1
