C10_WGSerr_r0,C11_WGSerr_r0,C12_WGSerr_r0,C13_WGSerr_r0,C14_WGSerr_r0,C15_WGSerr_r0,C16_WGSerr_r0,C17_WGSerr_r0,C18_WGSerr_r0,C19_WGSerr_r0,C1_WGSerr_r0,C20_WGSerr_r0,C2_WGSerr_r0,C3_WGSerr_r0,C4_WGSerr_r0,C5_WGSerr_r0,C6_WGSerr_r0,C7_WGSerr_r0,C8_WGSerr_r0,C9_WGSerr_r0
GCA_003586065,0.0423614825299547,0.05,0.05,-0.085962332303055,-0.374603135194694,-0.199593751889064,0.0496273559782574,-0.19936389402483,-0.18925209840169,-0.34126132793315,0.0311693193029821,0.0014403832968516,0.1,-0.01402992245145,-0.20444353084734,-0.271285582556306,-0.356123615684234,-0.183508753079095,-0.311500229719055,-0.078742544307395
GCA_001675145,-0.064010590085373,0.047203496650837,0.0831469122702974,0.13362443906219,0.137547682845047,0.079697880510451,0.1,0.019362588161089,0.089068306993893,0.034027520904688,-0.17774290792343,-0.13291377459766,0.0671785837565238,0.051771868462312,0.1,0.15,0.058156814226459,0.014189979782301,0.1,0.13017857293228
GCA_002056065,0.1,-0.00168279822756499,0.05,-0.166595424113324,0.05,0.0227796423272219,-0.124373760652593,0.0174248140503565,0.00495455644165051,0.05,-0.08868532766624,0.05,-0.088290871174591,-0.062673722742214,0.058696146597617,-0.068210533917975,-0.052033198542226,0.00576763103884381,0.015264572132768,-0.205884893840401
GCA_900622695,0.05,-0.278248485105171,-0.308762786880693,0.018933317354189,-0.017882435980368,0.05,-0.147488637574103,-0.087423508186616,0.0185472322372358,0.0180427089298533,0.0262052573034166,-0.168526608699192,0.05,-0.073043967137301,-0.057266230612504,0.0242948770791108,0.05,0.05,-0.00762423240796199,0.0167736203227898
GCA_008275005,-0.228350892444581,0.032727786681899,0.025615874610396,0.05,0.054937888330015,-0.00288377094860803,0.022235042248438,0.05,0.026682002728911,0.0891910980986091,0.0090536589832711,0.05,-0.178887712581933,-0.00202425613134799,0.00301361486222695,0.065201239395169,0.05,0.01355114225795,0.00385988999424897,0.0376752448927268
GCA_002903105,0.1,0.15,0.1,0.05,0.15,0.05,0.1,0.2,0.05,0.15,0.2,0.2,0.05,0.1,0.1,0.1,0.25,0.1,0.2,0.1
