C1_WGSerr_r0,C2_WGSerr_r0,C3_WGSerr_r0,C4_WGSerr_r0,C5_WGSerr_r0,C6_WGSerr_r0,C7_WGSerr_r0,C8_WGSerr_r0,C9_WGSerr_r0,C10_WGSerr_r0,C11_WGSerr_r0,C12_WGSerr_r0,C13_WGSerr_r0,C14_WGSerr_r0,C15_WGSerr_r0,C16_WGSerr_r0,C17_WGSerr_r0,C18_WGSerr_r0,C19_WGSerr_r0,C20_WGSerr_r0
sorted_JSD,0.0533709831983742,0.0856929830920484,0.0378540594431166,0.0888835771705905,0.0974175229402578,0.137490273026835,0.0588555610867892,0.0845850967783949,0.0671635636877125,0.103372568942075,0.0773277611519366,0.109961885898364,0.0588422805130427,0.116398090161775,0.0479728129867522,0.084825469370257,0.0777160512734831,0.0362353938247499,0.109902685203891,0.0941666649080306
