C10_WGSerr_r0,C11_WGSerr_r0,C12_WGSerr_r0,C13_WGSerr_r0,C14_WGSerr_r0,C15_WGSerr_r0,C16_WGSerr_r0,C17_WGSerr_r0,C18_WGSerr_r0,C19_WGSerr_r0,C1_WGSerr_r0,C20_WGSerr_r0,C2_WGSerr_r0,C3_WGSerr_r0,C4_WGSerr_r0,C5_WGSerr_r0,C6_WGSerr_r0,C7_WGSerr_r0,C8_WGSerr_r0,C9_WGSerr_r0
Rank1,-0.228350892444581,-0.278248485105171,-0.308762786880693,-0.166595424113324,-0.324603135194694,-0.149593751889064,-0.147488637574103,-0.14936389402483,-0.18925209840169,-0.34126132793315,-0.17774290792343,-0.13291377459766,-0.178887712581933,-0.00202425613134799,-0.05444353084734,-0.271285582556306,-0.306123615684234,-0.133508753079095,-0.161500229719055,-0.205884893840401
Rank2,-0.064010590085373,0.032727786681899,0.025615874610396,-0.085962332303055,0.00493788833001499,-0.052883770948608,-0.074373760652593,-0.087423508186616,0.026682002728911,0.034027520904688,-0.08868532766624,-0.168526608699192,-0.088290871174591,-0.023043967137301,-0.146986385137773,-0.018210533917975,-0.052033198542226,-0.035810020217699,-0.096140110005751,-0.078742544307395
Rank3,0.0423614825299547,0.047203496650837,0.0831469122702974,0.118933317354189,0.032117564019632,0.079697880510451,-0.027764957751562,-0.030637411838911,0.089068306993893,0.0680427089298533,0.126205257303417,0.101440383296852,0.0671785837565238,-0.062673722742214,-0.057266230612504,0.015201239395169,0.058156814226459,0.01355114225795,0.015264572132768,0.11677362032279
Rank4,0.1,0.048317201772435,0.1,0.03362443906219,0.137547682845047,0.0227796423272219,0.0496273559782574,0.117424814050357,0.00495455644165051,0.0891910980986091,0.0311693193029821,0.1,0.1,-0.01402992245145,0.058696146597617,0.0742948770791108,0.2,0.00576763103884381,0.042375767592038,0.03017857293228
Rank5,0.1,0.1,0.05,0.05,0.1,0.05,0.1,0.1,0.0185472322372358,0.1,0.0590536589832711,0.05,0.05,0.001771868462312,0.1,0.1,0.05,0.1,0.1,0.0376752448927268
Rank6,0.05,0.05,0.05,0.05,0.05,0.05,0.1,0.05,0.05,0.05,0.05,0.05,0.05,0.1,0.1,0.1,0.05,0.05,0.1,0.1
