C1_WGSerr_r0,C2_WGSerr_r0,C3_WGSerr_r0,C4_WGSerr_r0,C5_WGSerr_r0,C6_WGSerr_r0,C7_WGSerr_r0,C8_WGSerr_r0,C9_WGSerr_r0,C10_WGSerr_r0,C11_WGSerr_r0,C12_WGSerr_r0,C13_WGSerr_r0,C14_WGSerr_r0,C15_WGSerr_r0,C16_WGSerr_r0,C17_WGSerr_r0,C18_WGSerr_r0,C19_WGSerr_r0,C20_WGSerr_r0
UnW_D,0.073061208589275,0.354024219320371,0.073061208589275,0.33787252973302,0.33787252973302,0.371431017160577,0.2185204566346,0.33787252973302,0.073061208589275,0.278687168569344,0.208564971275047,0.268731683209791,0.225971769115252,0.133227920524019,0.2185204566346,0.33787252973302,0.225971769115252,0.073061208589275,0.133227920524019,0.31221614254543
Weight_D,0.0481916102329113,0.0500708052536839,0.020721333297074,0.0433990978661087,0.0601807606362199,0.0615259545306048,0.0290239776705642,0.0531379031201001,0.0450738601081902,0.0402380888157144,0.053126164173201,0.0588325103199967,0.0440689558090167,0.0687063524375571,0.0377118396580774,0.0381122229174941,0.0452589091186429,0.0367340125482576,0.0540574462905918,0.0650197728476792
Bray_D,0.26642823558967,0.267178583756524,0.151771868462312,0.261709761459844,0.33949611647428,0.408156814226459,0.183508753079095,0.319124462127017,0.284627438147796,0.292361482529954,0.279931283332736,0.308762786880693,0.252557756416379,0.392485571175062,0.202477522837673,0.271862398226696,0.286787402211446,0.18925209840169,0.34126132793315,0.301440383296852
JC_D,0.166666666666667,0.5,0.166666666666667,0.333333333333333,0.333333333333333,0.5,0.333333333333333,0.333333333333333,0.166666666666667,0.5,0.333333333333333,0.5,0.333333333333333,0.333333333333333,0.333333333333333,0.333333333333333,0.333333333333333,0.166666666666667,0.333333333333333,0.5
JSD,0.085085651511003,0.0856929830920484,0.0430676769425872,0.0955399490629016,0.115330233771084,0.168653460990192,0.0647031617329575,0.145846195304937,0.0701728644058272,0.103372568942075,0.0923265498597177,0.109961885898364,0.0611300975294653,0.146835657933051,0.0536316135883789,0.0896646976493694,0.108094660749196,0.0362353938247499,0.122615290111421,0.120036191577038
