C1_WGSerr_r0,C10_WGSerr_r0,C11_WGSerr_r0,C12_WGSerr_r0,C13_WGSerr_r0,C14_WGSerr_r0,C15_WGSerr_r0,C16_WGSerr_r0,C17_WGSerr_r0,C18_WGSerr_r0,C19_WGSerr_r0,C2_WGSerr_r0,C20_WGSerr_r0,C3_WGSerr_r0,C4_WGSerr_r0,C5_WGSerr_r0,C6_WGSerr_r0,C7_WGSerr_r0,C8_WGSerr_r0,C9_WGSerr_r0
sorted_JSD,0.0389399774692917,0.0223832974590633,0.00968713423758686,0.0379762961873058,0.0212001513207183,0.00454066035589876,0.00275432725127881,0.000523733372465904,0.000970908514330722,0.00430612560551959,0.039591130434407,0.0558500203765042,0.0240748407645577,0.00816908602277764,0.0370951733538605,0.0787151666583862,0.00618243029284933,0.0385371490554713,0.04224822984811,0.057157111551551
