C1_WGSerr_r0,C18_WGSerr_r0,C19_WGSerr_r0,C2_WGSerr_r0,C20_WGSerr_r0,C3_WGSerr_r0,C4_WGSerr_r0,C5_WGSerr_r0,C6_WGSerr_r0,C7_WGSerr_r0,C8_WGSerr_r0,C10_WGSerr_r0,C9_WGSerr_r0,C11_WGSerr_r0,C12_WGSerr_r0,C13_WGSerr_r0,C14_WGSerr_r0,C15_WGSerr_r0,C16_WGSerr_r0,C17_WGSerr_r0
UnW_D,0.801805943816402,1,1,0.818593438380962,1,0.246095016022375,0.353814562354057,0.276792205475118,0.324408732512989,0.351647511859228,0.332790663117316,1,1,0.174869236276143,1,1,1,1,1,1
Weight_D,0.0131201579810385,0.201997241419676,0.209795008363591,0.024456113480314,0.217592775307505,0.0164342321454914,0.0135261348551882,0.0136891267365289,0.0111289614687739,0.023842489735586,0.012205951658876,0.13961510586836,0.131817338924445,0.00795570089235347,0.155210639756189,0.163008406700103,0.170806173644018,0.178603940587932,0.186401707531847,0.194199474475762
Bray_D,0.0808711191723591,1,1,0.0946325289478674,1,0.118390312074628,0.118769395964419,0.093749544440261,0.102650587331721,0.101201120332913,0.120816723975291,1,1,0.0310728213278909,1,1,1,1,1,1
JC_D,0.75,1,1,0.875,1,0.666666666666667,0.666666666666667,0.6,0.6,0.666666666666667,0.714285714285714,1,1,0.333333333333333,1,1,1,1,1,1
JSD,0.0426047062683448,0,0,0.0637427970868954,0,0.0412717894608083,0.0374874130830963,0.0340076452708771,0.0345688581960425,0.0358566312814566,0.0389965612969733,0,0,0.00666593233840449,0,0,0,0,0,0
