C1_WGSerr_r0,C18_WGSerr_r0,C19_WGSerr_r0,C2_WGSerr_r0,C20_WGSerr_r0,C3_WGSerr_r0,C4_WGSerr_r0,C5_WGSerr_r0,C6_WGSerr_r0,C7_WGSerr_r0,C8_WGSerr_r0,C10_WGSerr_r0,C9_WGSerr_r0,C11_WGSerr_r0,C12_WGSerr_r0,C13_WGSerr_r0,C14_WGSerr_r0,C15_WGSerr_r0,C16_WGSerr_r0,C17_WGSerr_r0
bench_rank1,0.95,0.9,0.95,0.9,1,0.85,0.8,0.75,0.7,0.65,0.6,0.5,0.55,0.55,0.6,0.65,0.7,0.75,0.8,0.85
bench_rank2,0.05,0.1,0.05,0.1,0,0.15,0.2,0.25,0.3,0.35,0.4,0.5,0.45,0.45,0.4,0.35,0.3,0.25,0.2,0.15
bench_rank3,0,0,0,0,0,0,0,0,0,0,0,0,0,0,0,0,0,0,0,0
predict_rank1,0.911132,0,0,0.905318,0,0.776062,0.704843,0.726695,0.653749,0.637365,0.517218,0,0,0.515643,0,0,0,0,0,0
predict_rank2,0.053519,0,0,0.016984,0,0.097328,0.161805,0.174712,0.235378,0.253786,0.34956,0,0,0.459232,0,0,0,0,0,0
predict_rank3,0.035349,1,1,0.077698,1,0.12661,0.133352,0.098593,0.110873,0.108849,0.133222,1,1,0.0251250000000001,1,1,1,1,1,1
