C1_WGSerr_r0,C18_WGSerr_r0,C19_WGSerr_r0,C2_WGSerr_r0,C20_WGSerr_r0,C3_WGSerr_r0,C4_WGSerr_r0,C5_WGSerr_r0,C6_WGSerr_r0,C7_WGSerr_r0,C8_WGSerr_r0,C10_WGSerr_r0,C9_WGSerr_r0,C11_WGSerr_r0,C12_WGSerr_r0,C13_WGSerr_r0,C14_WGSerr_r0,C15_WGSerr_r0,C16_WGSerr_r0,C17_WGSerr_r0
Rank1,0.0388679999999999,0.9,0.95,-0.00531799999999993,1,0.0739379999999999,0.095157,0.023305,0.046251,0.0126350000000001,0.082782,0.5,0.55,0.0343570000000001,0.6,0.65,0.7,0.75,0.8,0.85
Rank2,-0.00351899999999999,0.1,0.05,0.083016,0,0.052672,0.038195,0.075288,0.064622,0.096214,0.05044,0.5,0.45,-0.00923199999999996,0.4,0.35,0.3,0.25,0.2,0.15
