C1_WGSerr_r0,C18_WGSerr_r0,C19_WGSerr_r0,C2_WGSerr_r0,C20_WGSerr_r0,C3_WGSerr_r0,C4_WGSerr_r0,C5_WGSerr_r0,C6_WGSerr_r0,C7_WGSerr_r0,C8_WGSerr_r0,C10_WGSerr_r0,C9_WGSerr_r0,C11_WGSerr_r0,C12_WGSerr_r0,C13_WGSerr_r0,C14_WGSerr_r0,C15_WGSerr_r0,C16_WGSerr_r0,C17_WGSerr_r0
sorted_JSD,0.0801449850942554,0.0509381010091414,0.0662703008488252,0.0660711232720074,0.0481103757542476,0.0288686073007505,0.0527089469885616,0.0620601848391713,0.0620478815405328,0.0655728734005558,0.0479144448246624,0.0375708992132304,0.0701710927698892,0.0507477204479644,0.0413024971643478,0.0649968594389449,0.0496480460126765,0.0223701943176404,0.0465643036611615,0.0314544986063819
