C1_WGSerr_r0,C18_WGSerr_r0,C19_WGSerr_r0,C2_WGSerr_r0,C20_WGSerr_r0,C3_WGSerr_r0,C4_WGSerr_r0,C5_WGSerr_r0,C6_WGSerr_r0,C7_WGSerr_r0,C8_WGSerr_r0,C10_WGSerr_r0,C9_WGSerr_r0,C11_WGSerr_r0,C12_WGSerr_r0,C13_WGSerr_r0,C14_WGSerr_r0,C15_WGSerr_r0,C16_WGSerr_r0,C17_WGSerr_r0
Rank1,-0.008911,0.017786,0.162232,-0.048596,-0.050491,0.056215,-0.062784,0.004187,-0.04878,0.080369,-0.00528400000000001,0.011498,-0.007797,0.027891,0.014739,0.039022,0.02512,0.032563,-0.001747,-0.083514
Rank2,0.034118,-0.016592,-0.019389,0.00808300000000001,-0.00603800000000002,0.016628,0.119248,-0.044016,0.008127,-0.029258,-0.014965,0.050921,0.027565,0.058624,-0.034777,-0.051592,-0.055832,0.018491,-0.023168,0.030945
Rank3,-0.038888,-0.00917000000000001,-0.048709,0.010125,0.015783,0.016671,-0.03326,0.033277,0.023656,-0.021922,-0.033888,0.00244,0.016251,-0.030772,0.010559,-0.031098,0.017981,0.019512,-0.022593,0.022967
Rank4,-0.016325,0.020245,0.013181,0.024467,0.019368,-0.031321,0.014699,-0.002148,-0.01898,0.017905,0.064913,0.010723,0.060445,-0.023268,0.020239,0.039164,-0.025503,-0.028088,0.015117,-0.013068
Rank5,-0.00373599999999999,0.018349,-0.021201,0.003442,-0.00838599999999999,-0.000530000000000003,-0.008379,0.000757999999999995,0.012199,0.01956,0.028707,-0.008738,0.027875,-0.019452,-0.017283,-0.004664,-0.01058,-0.022059,0.046161,0.008145
Rank6,0.018729,-0.021304,-0.013764,0.036112,-0.00142099999999999,0.000456000000000012,0.011139,0.00887600000000001,0.045264,0.042557,-0.016535,-0.001972,-0.017965,0.000145999999999993,0.019553,0.007618,0.011491,-0.00878499999999999,0.017096,0.028093
Rank7,0.049475,-0.00859099999999999,-0.010181,0.04371,0.061762,0.00345500000000001,0.015872,-0.011156,0.021948,-0.004994,0.000794000000000003,-0.028298,-0.013163,0.051069,0.039403,0.01815,0.050054,0.007996,0.003134,0.00225
Rank8,0.010287,0.037495,-0.003407,-0.000168999999999996,0.018486,0.014153,0.028501,0.039368,0.030276,-0.000923999999999994,0.028288,0.01346,0.000460000000000002,0.004139,0.008976,0.024935,0.038562,0.026334,0.011881,0.035531
