C1_WGSerr_r0,C2_WGSerr_r0,C3_WGSerr_r0,C4_WGSerr_r0,C5_WGSerr_r0,C6_WGSerr_r0,C7_WGSerr_r0,C8_WGSerr_r0,C9_WGSerr_r0,C10_WGSerr_r0,C11_WGSerr_r0,C12_WGSerr_r0,C13_WGSerr_r0,C14_WGSerr_r0,C15_WGSerr_r0,C16_WGSerr_r0,C17_WGSerr_r0,C18_WGSerr_r0,C19_WGSerr_r0,C20_WGSerr_r0
sorted_JSD,0.0537325830055871,0.0853273688809843,0.0379179609887057,0.0887916292061246,0.0972965961109548,0.137546309484678,0.0589251834413237,0.0846397997093698,0.067214895075215,0.103607334965086,0.0772169861077948,0.110029823349982,0.0587813778027258,0.116258048318284,0.0478923533972468,0.0850633151598342,0.0778182998238053,0.0362894652718582,0.124818457360758,0.0938737988187098
