C1_WGSerr_r0,C2_WGSerr_r0,C3_WGSerr_r0,C4_WGSerr_r0,C5_WGSerr_r0,C6_WGSerr_r0,C7_WGSerr_r0,C8_WGSerr_r0,C9_WGSerr_r0,C10_WGSerr_r0,C11_WGSerr_r0,C12_WGSerr_r0,C13_WGSerr_r0,C14_WGSerr_r0,C15_WGSerr_r0,C16_WGSerr_r0,C17_WGSerr_r0,C18_WGSerr_r0,C19_WGSerr_r0,C20_WGSerr_r0
Rank1,-0.178338945727995,-0.17894021984957,-0.00139938944817902,-0.053483538370595,-0.269916150053962,-0.3068800172349,-0.134446009573679,-0.160978218828812,-0.206741027407532,-0.228811910958047,-0.277649258438211,-0.308375638974292,-0.165896489764139,-0.324232704025488,-0.14955864113064,-0.146964212570221,-0.15034623818793,-0.189395167663175,-0.343123101557839,-0.131461597422997
Rank2,-0.089252919996486,-0.086776918384127,-0.022556327254034,-0.147591950245993,-0.020331079316019,-0.05104435180273,-0.035196375559484,-0.097125043573408,-0.077444681998855,-0.064540988798142,0.032253716933351,0.025018849790652,-0.086197539148506,0.00506710647096201,-0.052292897998703,-0.075690285791259,-0.08730821221746,0.027647972486842,0.035630472237002,-0.168881483861151
Rank3,0.126911047429877,0.0657171382336971,-0.063652733211937,-0.057159116399548,0.015978150516294,0.05792436903763,0.014821805030889,0.015657207965407,0.1173076965897,0.0433528997561892,0.047478356043125,0.0833567891836393,0.119195831048278,0.031678998884108,0.079486033172108,-0.027975816144125,-0.02990017459723,0.089307070727416,0.0671684771539434,0.100343081284148
Rank4,0.0316711041127656,0.1,-0.014016135395648,0.0582346050161367,0.0742690788536865,0.2,0.00482058010227321,0.042446054436813,0.0291274943199341,0.1,0.047917185461734,0.1,0.032898197864367,0.137486598670418,0.0223655059572349,0.0506303145056047,0.11755462500262,0.00409947402369071,0.1,0.1
Rank5,0.059009714181839,0.05,0.00162458530979701,0.1,0.1,0.05,0.1,0.1,0.0377505184967535,0.1,0.1,0.05,0.05,0.1,0.05,0.1,0.1,0.018340650425226,0.1,0.05
Rank6,0.05,0.05,0.1,0.1,0.1,0.05,0.05,0.1,0.1,0.05,0.05,0.05,0.05,0.05,0.05,0.1,0.05,0.05,0.05,0.05
