C10_WGSerr_r0,C11_WGSerr_r0,C12_WGSerr_r0,C13_WGSerr_r0,C14_WGSerr_r0,C15_WGSerr_r0,C16_WGSerr_r0,C17_WGSerr_r0,C18_WGSerr_r0,C19_WGSerr_r0,C1_WGSerr_r0,C20_WGSerr_r0,C2_WGSerr_r0,C3_WGSerr_r0,C4_WGSerr_r0,C5_WGSerr_r0,C6_WGSerr_r0,C7_WGSerr_r0,C8_WGSerr_r0,C9_WGSerr_r0
GCA_008275005,-0.228811910958047,0.032253716933351,0.025018849790652,0.05,0.055067106470962,-0.00229289799870303,0.022024183855875,0.05,0.027647972486842,0.1,0.009009714181839,0.05,-0.17894021984957,-0.00139938944817902,0.00240804975400699,0.065978150516294,0.05,0.014821805030889,0.00287495642659197,0.0377505184967535
GCA_003586065,0.0433528997561892,0.05,0.05,-0.086197539148506,-0.374232704025488,-0.19955864113064,0.0506303145056047,-0.20034623818793,-0.189395167663175,-0.343123101557839,0.0316711041127656,0.000343081284148006,0.1,-0.014016135395648,-0.203483538370595,-0.269916150053962,-0.3568800172349,-0.184446009573679,-0.310978218828812,-0.077444681998855
GCA_900622695,0.05,-0.277649258438211,-0.308375638974292,0.019195831048278,-0.018321001115892,0.05,-0.146964212570221,-0.08730821221746,0.018340650425226,0.0171684771539434,0.0269110474298765,-0.168881483861151,0.05,-0.072556327254034,-0.057159116399548,0.0242690788536865,0.05,0.05,-0.00755394556318699,0.0173076965897001
GCA_002056065,0.1,-0.002521643956875,0.05,-0.165896489764139,0.05,0.0223655059572349,-0.125690285791259,0.01755462500262,0.00409947402369071,0.05,-0.089252919996486,0.05,-0.086776918384127,-0.063652733211937,0.0582346050161367,-0.070331079316019,-0.05104435180273,0.00482058010227321,0.015657207965407,-0.206741027407532
GCA_001675145,-0.064540988798142,0.047917185461734,0.0833567891836393,0.132898197864367,0.137486598670418,0.079486033172108,0.1,0.02009982540277,0.089307070727416,0.035630472237002,-0.178338945727995,-0.131461597422997,0.0657171382336971,0.051624585309797,0.1,0.15,0.05792436903763,0.014803624440516,0.1,0.129127494319934
GCA_002903105,0.1,0.15,0.1,0.05,0.15,0.05,0.1,0.2,0.05,0.15,0.2,0.2,0.05,0.1,0.1,0.1,0.25,0.1,0.2,0.1
