C1_WGSerr_r0,C2_WGSerr_r0,C3_WGSerr_r0,C4_WGSerr_r0,C5_WGSerr_r0,C6_WGSerr_r0,C7_WGSerr_r0,C8_WGSerr_r0,C9_WGSerr_r0,C10_WGSerr_r0,C11_WGSerr_r0,C12_WGSerr_r0,C13_WGSerr_r0,C14_WGSerr_r0,C15_WGSerr_r0,C16_WGSerr_r0,C17_WGSerr_r0,C18_WGSerr_r0,C19_WGSerr_r0,C20_WGSerr_r0
UnW_D,0.073061208589275,0.354024219320371,0.073061208589275,0.33787252973302,0.33787252973302,0.371431017160577,0.2185204566346,0.33787252973302,0.073061208589275,0.278687168569344,0.208564971275047,0.268731683209791,0.225971769115252,0.133227920524019,0.2185204566346,0.33787252973302,0.225971769115252,0.073061208589275,0.31221614254543,0.31221614254543
Weight_D,0.0483429801852578,0.0497226197542154,0.0206243395576332,0.0432340143835044,0.0601701271438265,0.0615341379426709,0.0292708244289173,0.0530174235681574,0.0449281739475121,0.040446814190022,0.053057631154595,0.0587389204793671,0.0439422020250481,0.0686976450586011,0.0376235353256012,0.0381988182632171,0.0453817329899718,0.0368120222001242,0.0554449454723033,0.0647372563379307
Bray_D,0.267591865724481,0.265717138233697,0.151624585309797,0.260642654770143,0.340247229369981,0.40792436903763,0.184446009573679,0.318532164391999,0.284185709406387,0.293352899756189,0.280170902395085,0.308375638974292,0.252094028912645,0.39255370514138,0.201851539129343,0.27265449836148,0.28765445040539,0.189395167663175,0.349652618238655,0.300343081284148
JC_D,0.166666666666667,0.5,0.166666666666667,0.333333333333333,0.333333333333333,0.5,0.333333333333333,0.333333333333333,0.166666666666667,0.5,0.333333333333333,0.5,0.333333333333333,0.333333333333333,0.333333333333333,0.333333333333333,0.333333333333333,0.166666666666667,0.5,0.5
JSD,0.0852962213298226,0.0853273688809843,0.043089480241197,0.0952681825553761,0.115410088586457,0.168733702759243,0.0648332358229012,0.145745690494681,0.0698650258838351,0.103607334965086,0.092308492973665,0.110029823349982,0.0609136160221782,0.146736795265694,0.0535755330889057,0.0899507713397459,0.108248399827629,0.0362894652718582,0.137734591936669,0.119966603171511
