C1_WGSerr_r0,C18_WGSerr_r0,C19_WGSerr_r0,C2_WGSerr_r0,C20_WGSerr_r0,C3_WGSerr_r0,C4_WGSerr_r0,C5_WGSerr_r0,C6_WGSerr_r0,C7_WGSerr_r0,C8_WGSerr_r0,C10_WGSerr_r0,C9_WGSerr_r0,C11_WGSerr_r0,C12_WGSerr_r0,C13_WGSerr_r0,C14_WGSerr_r0,C15_WGSerr_r0,C16_WGSerr_r0,C17_WGSerr_r0
Rank1,-0.00672600000000001,-0.038864,-0.032496,0.00499100000000002,0.117934,-0.034131,-0.016811,-0.028728,-0.041763,-0.026338,0.146427,-0.051175,0.00197599999999998,-0.018194,0.00440000000000002,-0.0213450000000001,-0.019438,-0.04624,-0.032426,0.05427
Rank2,0.11633,0.004687,0.060248,0.028459,-0.035619,0.129057,-0.00911400000000001,0.069817,0.085606,0.00364500000000001,-0.03265,0.00918600000000003,0.080198,0.028083,0.054621,0.016939,-0.018052,0.120099,0.015093,0.062162
Rank3,-0.030752,0.088056,0.012222,0.033031,-0.00514200000000001,-0.017076,0.060732,0.010796,0.009829,0.014271,-0.017741,0.10965,-0.01454,0.00381599999999999,0.042029,0.00240699999999999,0.018857,-0.00674,0.047811,-0.01172
Rank4,-0.013971,0.011671,0.018692,-0.001688,0.007273,0.00728200000000001,0.030904,0.024881,0.014146,0.055702,-9.99999999999612e-06,0.005059,-0.013615,0.024854,-0.00470699999999999,0.038297,0.095501,0.010148,0.040286,-0.02204
