C1_WGSerr_r0,C2_WGSerr_r0,C3_WGSerr_r0,C4_WGSerr_r0,C5_WGSerr_r0,C6_WGSerr_r0,C7_WGSerr_r0,C8_WGSerr_r0,C9_WGSerr_r0,C10_WGSerr_r0,C11_WGSerr_r0,C12_WGSerr_r0,C13_WGSerr_r0,C14_WGSerr_r0,C15_WGSerr_r0,C16_WGSerr_r0,C17_WGSerr_r0,C18_WGSerr_r0,C19_WGSerr_r0,C20_WGSerr_r0
UnW_D,0.146965026058236,0.111378580378982,0.0599901389632708,0.0368483889096522,0.130328444792829,0.112408967539571,0.0924408527926671,0.128637273538688,0.160625089013534,0.154158075681864,0.0924408527926671,0.0368483889096522,0.0368483889096522,0.0597955197470837,0.0599901389632708,0.0599901389632708,0.120648993181114,0.0877687295762221,0,0
Weight_D,0.0199510712202162,0.0192966915148355,0.0234503553437892,0.0295233378437021,0.0234346890477279,0.0207508177106575,0.0182347898944594,0.0273169322704858,0.0193031505537839,0.0222723862777162,0.0361454783191331,0.0347003493483291,0.0157776599596306,0.0256200705092989,0.0231070571681718,0.028831439200844,0.0280999354781514,0.0233598799842202,0.0227198685047481,0.027450493670149
Bray_D,0.130541856699668,0.168967508160758,0.145620907623819,0.167286719290174,0.166486374768569,0.146870469661432,0.135142497156178,0.205948743288675,0.151851844261455,0.156522932517447,0.210124244891405,0.178252882049974,0.105811940932785,0.159966506088862,0.157991094892163,0.172146197924097,0.168780659228646,0.160779556460666,0.137752056612435,0.152411835823036
JC_D,0.166666666666667,0.4,0.25,0.142857142857143,0.333333333333333,0.285714285714286,0.25,0.4,0.444444444444444,0.4,0.25,0.142857142857143,0.142857142857143,0.142857142857143,0.25,0.25,0.285714285714286,0.333333333333333,0,0
JSD,0.0276738078662995,0.0414788052668003,0.0238113816079003,0.0194484083920058,0.033511036136096,0.0372579693408202,0.0221032847628881,0.0425474966252674,0.0611256356340047,0.0295708205798806,0.0389490096691551,0.0231589447782852,0.0159115889692554,0.0196227353280109,0.0270801505413577,0.0299626557647906,0.0370180897952704,0.0267669890639411,0.0143853604016736,0.0187268731662068
