C1_WGSerr_r0,C2_WGSerr_r0,C3_WGSerr_r0,C4_WGSerr_r0,C5_WGSerr_r0,C6_WGSerr_r0,C7_WGSerr_r0,C8_WGSerr_r0,C9_WGSerr_r0,C10_WGSerr_r0,C11_WGSerr_r0,C12_WGSerr_r0,C13_WGSerr_r0,C14_WGSerr_r0,C15_WGSerr_r0,C16_WGSerr_r0,C17_WGSerr_r0,C18_WGSerr_r0,C19_WGSerr_r0,C20_WGSerr_r0
Rank1,0.019026,0.164102,0.0385,0.098924,-0.056939,-0.026291,-0.017832,0.088317,0.00431399999999998,0.134538,-0.128631,-0.131576,-0.032186,-0.01386,-0.019584,-0.094063,-0.02795,-0.060697,-0.075729,-0.00448900000000002
Rank2,-0.022246,-0.012119,0.008658,-0.037042,0.040293,-0.00472899999999998,-0.035939,0.02175,-0.037099,-0.00992899999999999,0.077777,0.121413,0.027471,0.047218,0.027658,0.062417,-0.046945,0.040849,0.033256,-0.063445
Rank3,0.050737,0.00204299999999999,-0.039791,-0.074052,0.01395,0.004943,0.088625,-0.00570900000000002,0.028022,-0.036291,0.061029,0.011227,0.03527,0.00689400000000001,0.082808,0.064457,-0.019592,0.105422,0.012536,0.08284
Rank4,-0.026116,-0.035406,-0.00150500000000001,0.00459400000000001,0.019983,0.062647,-0.008061,-0.00287699999999999,-0.028092,-0.00998499999999999,0.061713,0.049164,-0.039159,0.01379,-0.000626000000000002,-0.013659,0.105058,-0.035475,0.027374,0.00622300000000001
Rank5,-0.013169,-0.021003,-0.000522000000000022,0.02118,0.00886100000000001,-0.017381,0.038898,-0.00452099999999998,0.039963,0.025377,0.032078,0.008481,0.019703,0.026394,-0.019404,0.013937,0.005593,0.008827,0.04504,-0.003128
Rank6,0.05,0.014865,0.047134,0.051344,0.052476,0.029384,-0.000414999999999992,0.004997,0.067056,-0.011178,-0.00878499999999999,0.009778,0.031057,-0.002826,0.02089,0.052592,0.03744,0.024431,-0.000916,0.029959
