C1_WGSerr_r0,C2_WGSerr_r0,C3_WGSerr_r0,C4_WGSerr_r0,C5_WGSerr_r0,C6_WGSerr_r0,C7_WGSerr_r0,C8_WGSerr_r0,C9_WGSerr_r0,C10_WGSerr_r0,C11_WGSerr_r0,C12_WGSerr_r0,C13_WGSerr_r0,C14_WGSerr_r0,C15_WGSerr_r0,C16_WGSerr_r0,C17_WGSerr_r0,C18_WGSerr_r0,C19_WGSerr_r0,C20_WGSerr_r0
sorted_JSD,0.0199586692038237,0.0849771949583771,0.0538635923521231,0.0560094182551352,0.0515531215872875,0.0328445938010721,0.0372795825174244,0.0704144860395419,0.0355343378143209,0.0716720727140816,0.04790144065641,0.0561916756450578,0.0263439876460893,0.0325089871568929,0.0367074278270388,0.0705951260301778,0.0313300380364425,0.0369461588134581,0.00777523454055778,0.0174474712945086
