C1_WGSerr_r0,C2_WGSerr_r0,C3_WGSerr_r0,C4_WGSerr_r0,C5_WGSerr_r0,C6_WGSerr_r0,C7_WGSerr_r0,C8_WGSerr_r0,C9_WGSerr_r0,C10_WGSerr_r0,C11_WGSerr_r0,C12_WGSerr_r0,C13_WGSerr_r0,C14_WGSerr_r0,C15_WGSerr_r0,C16_WGSerr_r0,C17_WGSerr_r0,C18_WGSerr_r0,C19_WGSerr_r0,C20_WGSerr_r0,C21_WGSerr_r0,C22_WGSerr_r0,C23_WGSerr_r0,C24_WGSerr_r0
bench_GCA_str1,0.6,0.6,0.6,0.6,0.6,0.6,0.6,0.6,0.6,0.6,0.6,0.6,0.6,0.6,0.6,0.6,0.6,0.6,0.6,0.6,0.6,0.6,0.6,0.6
bench_GCA_str2,0.25,0.25,0.25,0.25,0.25,0.25,0.25,0.25,0.25,0.25,0.25,0.25,0.25,0.25,0.25,0.25,0.25,0.25,0.25,0.25,0.25,0.25,0.25,0.25
bench_GCA_str3,0.1,0.1,0.1,0.1,0.1,0.1,0.1,0.1,0.1,0.1,0.1,0.1,0.1,0.1,0.1,0.1,0.1,0.1,0.1,0.1,0.1,0.1,0.1,0.1
bench_GCA_str4,0.05,0.05,0.05,0.05,0.05,0.05,0.05,0.05,0.05,0.05,0.05,0.05,0.05,0.05,0.05,0.05,0.05,0.05,0.05,0.05,0.05,0.05,0.05,0.05
predict_GCA_str1,0.713234883250987,0.653465060100563,0.705921688715975,0.66431965413654,0.655559669390166,0.66919733332084,0.714315394923068,0.653997270077775,0.705268639633147,0.67353304068537,0.659264734040004,0.675837704450268,0.713583163176865,0.676349176432275,0.712902947629967,0.682653033290988,0.680668334362284,0.681287197984704,0.655724112511942,0.667150253756807,0.649867627363001,0.6684437371975,0.650134265759157,0.653808428138463
predict_GCA_str2,0.216392351568886,0.271957921943308,0.242266146275784,0.267405926240323,0.278738311674523,0.255281625802756,0.219604272949481,0.274919003547741,0.247439250132736,0.271725599602859,0.273416916331006,0.252982155745632,0.226513909855919,0.248090805452041,0.22389603268424,0.249033549238518,0.246222057537677,0.250514102878843,0.282172980666742,0.259965612155449,0.281460109716629,0.259209275564888,0.279450282330872,0.28282704934777
predict_GCA_str3,0.0639364858747446,0.0681328980786825,0.0518121650082416,0.0682744196231364,0.0585753326571837,0.0670331375414906,0.0660803321274507,0.0710837263744849,0.047292110234117,0.0547413597117711,0.0673183496289893,0.0711801398041001,0.0599029269672159,0.075560018115684,0.0601978732848328,0.0672852839291229,0.0731096081000389,0.0681986991364528,0.0621029068213159,0.0728841340877439,0.0686722629203707,0.0723469872376121,0.0704154519099703,0.0633645225137671
predict_GCA_str4,0,0,0,0,0,0,0,0,0,0,0,0,0,0,0,0,0,0,0,0,0,0,0,0
