C1_WGSerr_r0,C2_WGSerr_r0,C3_WGSerr_r0,C4_WGSerr_r0,C5_WGSerr_r0,C6_WGSerr_r0,C7_WGSerr_r0,C8_WGSerr_r0,C9_WGSerr_r0,C10_WGSerr_r0,C11_WGSerr_r0,C12_WGSerr_r0,C13_WGSerr_r0,C14_WGSerr_r0,C15_WGSerr_r0,C16_WGSerr_r0,C17_WGSerr_r0,C18_WGSerr_r0,C19_WGSerr_r0,C20_WGSerr_r0,C21_WGSerr_r0,C22_WGSerr_r0,C23_WGSerr_r0,C24_WGSerr_r0
Rank1,-0.113234883250987,-0.0534650601005631,-0.105921688715975,-0.0643196541365401,-0.055559669390166,-0.06919733332084,-0.114315394923068,-0.053997270077775,-0.105268639633147,-0.07353304068537,-0.059264734040004,-0.0758377044502681,-0.113583163176865,-0.076349176432275,-0.112902947629967,-0.0826530332909881,-0.080668334362284,-0.0812871979847041,-0.055724112511942,-0.0671502537568071,-0.049867627363001,-0.0684437371975001,-0.050134265759157,-0.053808428138463
Rank2,0.033607648431114,-0.021957921943308,0.00773385372421601,-0.017405926240323,-0.028738311674523,-0.00528162580275598,0.030395727050519,-0.024919003547741,0.00256074986726401,-0.021725599602859,-0.023416916331006,-0.00298215574563199,0.023486090144081,0.00190919454795899,0.02610396731576,0.000966450761481996,0.00377794246232299,-0.000514102878843015,-0.032172980666742,-0.009965612155449,-0.031460109716629,-0.00920927556488799,-0.029450282330872,-0.03282704934777
Rank3,0.0360635141252554,0.0318671019213175,0.0481878349917584,0.0317255803768636,0.0414246673428163,0.0329668624585094,0.0339196678725493,0.0289162736255151,0.052707889765883,0.0452586402882289,0.0326816503710107,0.0288198601958999,0.0400970730327841,0.024439981884316,0.0398021267151672,0.0327147160708771,0.0268903918999611,0.0318013008635472,0.0378970931786841,0.0271158659122561,0.0313277370796293,0.0276530127623879,0.0295845480900297,0.0366354774862329
Rank4,0.05,0.05,0.05,0.05,0.05,0.05,0.05,0.05,0.05,0.05,0.05,0.05,0.05,0.05,0.05,0.05,0.05,0.05,0.05,0.05,0.05,0.05,0.05,0.05
