C10_WGSerr_r0,C11_WGSerr_r0,C12_WGSerr_r0,C13_WGSerr_r0,C14_WGSerr_r0,C15_WGSerr_r0,C16_WGSerr_r0,C17_WGSerr_r0,C18_WGSerr_r0,C19_WGSerr_r0,C1_WGSerr_r0,C20_WGSerr_r0,C2_WGSerr_r0,C3_WGSerr_r0,C4_WGSerr_r0,C5_WGSerr_r0,C6_WGSerr_r0,C7_WGSerr_r0,C8_WGSerr_r0,C9_WGSerr_r0
Rank1,-0.111151069990851,-0.202777292381708,-0.240471354488959,-0.319496660437796,-0.242310439958751,-0.17489066868657,-0.159276905120897,-0.319195431072079,-0.400006061263929,-0.230865873322397,-0.078935613006408,-0.219073199493626,-0.041769977514107,-0.121358748971377,-0.37168907781457,-0.205998533160881,-0.251186430415273,-0.313395652461579,-0.184124165888505,-0.214429439441136
Rank2,-0.089065394184891,-0.137810065680466,-0.021600823291429,-0.00573607711650301,-0.168094471041558,-0.172669827266347,-0.135908468734229,0.058484150824089,-0.014668013216701,-0.045779615508955,-0.117233997456852,-0.096637781880652,-0.085286017008151,-0.089977917693452,0.007801208951078,0.012676898424282,-0.140991929989999,0.036900213719361,-0.062903332302424,-0.119068598300202
Rank3,-0.080014061622211,-0.046237495806057,-0.00739095893063099,0.003551678455575,0.0584954738742561,0.00903785538331001,-0.057204362628515,0.024283454202259,0.01467407448063,-0.023354511168648,-0.049599686738257,-0.054666790104052,-0.082925749291323,0.00309417167302001,0.0638878688634918,-0.00197967464620299,-0.00782163959472801,0.04373308427377,-0.005225092556669,-0.035524323865336
Rank4,-0.019769474202047,0.0368248538682303,0.023578603861857,0.021681059098723,0.0356467344058439,0.0104619810562908,0.028937111495348,0.0038751841743658,0.15,0.1,-0.033171788370149,0.032763430658748,-0.0737194172948,-0.018740709493783,0.1,-0.007142237229916,0.1,0.000956185583048802,0.01304686860306,0.119022361606673
Rank5,0.1,0.1,-0.00411546715083799,0.1,0.0662627027202086,0.0780606595133162,0.123452624988294,0.0325526418713648,0.1,0.05,0.028941085571666,0.0876143408195829,0.03370116110838,-0.01312751830229,0.05,0.00244354661271751,0.1,0.0318061688853995,0.0892057221445381,0.1
Rank6,0.1,0.1,0.1,0.1,0.1,0.1,0.1,0.1,0.05,0.05,0.1,0.1,0.1,0.0401107227878814,0.05,0.1,0.1,0.1,0.05,0.05
Rank7,0.05,0.1,0.1,0.05,0.1,0.1,0.05,0.05,0.05,0.05,0.1,0.1,0.1,0.1,0.05,0.05,0.05,0.05,0.05,0.05
Rank8,0.05,0.05,0.05,0.05,0.05,0.05,0.05,0.05,0.05,0.05,0.05,0.05,0.05,0.1,0.05,0.05,0.05,0.05,0.05,0.05
