C10_WGSerr_r0,C11_WGSerr_r0,C12_WGSerr_r0,C13_WGSerr_r0,C14_WGSerr_r0,C15_WGSerr_r0,C16_WGSerr_r0,C17_WGSerr_r0,C18_WGSerr_r0,C19_WGSerr_r0,C1_WGSerr_r0,C20_WGSerr_r0,C2_WGSerr_r0,C3_WGSerr_r0,C4_WGSerr_r0,C5_WGSerr_r0,C6_WGSerr_r0,C7_WGSerr_r0,C8_WGSerr_r0,C9_WGSerr_r0
sorted_JSD,0.118690149833986,0.149344589565748,0.110709533472653,0.136413944287156,0.136325392722499,0.127986588989095,0.118475393766305,0.105909762381723,0.180131643768331,0.11796944425139,0.100937828824008,0.134972209107591,0.10229526108995,0.0848342267686711,0.148263919397263,0.084738405963127,0.168958923671668,0.101438027758075,0.0875481692557478,0.132117649374955
