C10_WGSerr_r0,C11_WGSerr_r0,C12_WGSerr_r0,C13_WGSerr_r0,C14_WGSerr_r0,C15_WGSerr_r0,C16_WGSerr_r0,C17_WGSerr_r0,C18_WGSerr_r0,C19_WGSerr_r0,C1_WGSerr_r0,C20_WGSerr_r0,C2_WGSerr_r0,C3_WGSerr_r0,C4_WGSerr_r0,C5_WGSerr_r0,C6_WGSerr_r0,C7_WGSerr_r0,C8_WGSerr_r0,C9_WGSerr_r0
GCA_002903105,0.230014061622211,0.0631751461317697,0,0,0.0643532655941561,0.322669827266347,0,0.141515849175911,0.13532592551937,0.680865873322397,0.071058914428334,0,0.06629883889162,0.239977917693452,0,0.151979674646203,0,0.0681938311146005,0.13695313139694,0.319068598300202
GCA_001675145,0.311151069990851,0.452777292381708,0.157390958930631,0.569496660437796,0.318094471041558,0.42489066868657,0.359276905120897,0.569195431072079,0.700006061263929,0,0,0.419073199493626,0.241769977514107,0.321358748971377,0.0361121311365082,0.0975564533872825,0.290991929989999,0.10626691572623,0.434124165888505,0.185524323865336
GCA_003586065,0.289065394184891,0.146237495806057,0.104115467150838,0.128318940901277,0.0915045261257439,0.0895380189437092,0.121062888504652,0.0961248158256342,0,0,0.133171788370149,0.246637781880652,0,0.118740709493783,0.67168907781457,0.107142237229916,0,0,0.262903332302424,0
GCA_001901465,0,0,0.440471354488959,0,0.492310439958751,0.14096214461669,0.207204362628515,0.125716545797741,0.164668013216701,0.195779615508955,0.149599686738257,0.204666790104052,0.235286017008151,0.11312751830229,0,0.455998533160881,0.157821639594728,0.0990438144169512,0.0107942778554619,0
GCA_008275005,0.169769474202047,0.337810065680466,0.126421396138143,0.155736077116503,0.0337372972797914,0,0.285908468734229,0.0674473581286352,0,0.123354511168648,0.328935613006408,0.0123856591804171,0.2237194172948,0.14690582832698,0.292198791048922,0,0,0.613395652461579,0,0.0309776383933269
GCA_003018655,0,0,0.171600823291429,0.146448321544425,0,0.0219393404866838,0.026547375011706,0,0,0,0.317233997456852,0.117236569341252,0.232925749291323,0.0598892772121186,0,0.187323101575718,0.551186430415273,0.113099786280639,0.155225092556669,0.464429439441136
