C10_WGSerr_r0,C10_WGSerr_r1,C10_WGSerr_r2,C11_WGSerr_r0,C11_WGSerr_r1,C11_WGSerr_r2,C12_WGSerr_r0,C12_WGSerr_r1,C12_WGSerr_r2,C13_WGSerr_r0,C13_WGSerr_r1,C13_WGSerr_r2,C14_WGSerr_r0,C14_WGSerr_r1,C14_WGSerr_r2,C15_WGSerr_r0,C15_WGSerr_r1,C15_WGSerr_r2,C16_WGSerr_r0,C16_WGSerr_r1,C16_WGSerr_r2,C17_WGSerr_r0,C17_WGSerr_r1,C17_WGSerr_r2,C18_WGSerr_r0,C18_WGSerr_r1,C18_WGSerr_r2,C19_WGSerr_r0,C19_WGSerr_r1,C19_WGSerr_r2,C1_WGSerr_r0,C1_WGSerr_r1,C1_WGSerr_r2,C20_WGSerr_r0,C20_WGSerr_r1,C20_WGSerr_r2,C2_WGSerr_r0,C2_WGSerr_r1,C2_WGSerr_r2,C3_WGSerr_r0,C3_WGSerr_r1,C3_WGSerr_r2,C4_WGSerr_r0,C4_WGSerr_r1,C4_WGSerr_r2,C5_WGSerr_r0,C5_WGSerr_r1,C5_WGSerr_r2,C6_WGSerr_r0,C6_WGSerr_r1,C6_WGSerr_r2,C7_WGSerr_r0,C7_WGSerr_r1,C7_WGSerr_r2,C8_WGSerr_r0,C8_WGSerr_r1,C8_WGSerr_r2,C9_WGSerr_r0,C9_WGSerr_r1,C9_WGSerr_r2
sorted_JSD,0.080347264024729,0.0809290079804324,0.0796877996829308,0.0679176804501516,0.0685947902184457,0.0688006031421972,0.106142972922595,0.106905400306969,0.106150047875215,0.0763676137070224,0.0765517647290922,0.0763953501543414,0.0778998882147468,0.0792579283507766,0.0779934805569651,0.0744247741254766,0.0738754590024455,0.0743884676040747,0.0634120851896733,0.0635218725187807,0.0648177260064647,0.0377803484373316,0.0380902885684114,0.037854162111014,0.0853990580701577,0.0991485025412582,0.0833799282805871,0.140450130414889,0.126664229236021,0.124944706733425,0.0990751364041923,0.0989880836579272,0.0992868488958576,0.104390296252608,0.10361062545845,0.103582761576902,0.0633690625182198,0.0625527521105718,0.062357356621301,0.0410831398585622,0.0399611934495401,0.0408782993129288,0.115849402472029,0.112920910260047,0.116300129551023,0.0835916499701475,0.0840014186334481,0.0841705733058232,0.078195959423671,0.0785877015634781,0.0781259754569512,0.0796783534293532,0.0802817147959229,0.0797169145471616,0.0589809638035569,0.0590244256956024,0.0593913582507513,0.0744719803232271,0.0744639417850377,0.0732738581367135
