C1_WGSerr_r0,C2_WGSerr_r0,C3_WGSerr_r0,C4_WGSerr_r0,C5_WGSerr_r0,C6_WGSerr_r0,C7_WGSerr_r0,C8_WGSerr_r0,C9_WGSerr_r0,C10_WGSerr_r0,C11_WGSerr_r0,C12_WGSerr_r0,C13_WGSerr_r0,C14_WGSerr_r0,C15_WGSerr_r0,C16_WGSerr_r0,C17_WGSerr_r0,C18_WGSerr_r0,C19_WGSerr_r0,C20_WGSerr_r0
UnW_D,0,0.10886641857613,0.0585606680381548,0,0.194283178186875,0.109690992848008,0.0903124230109252,0.0757022442649715,0.15695912321384,0.15084480841804,0.0903124230109252,0.0359492609225183,0.0359492609225183,0.0583703983265155,0.0585606680381548,0.0585606680381548,0.11777353586793,0.0857377117356757,0,0
Weight_D,0.0185189682156898,0.0189944992407709,0.0236563065579984,0.0301860328439189,0.0234029859646465,0.0203631269902054,0.0182894312127627,0.028063856937923,0.0194806285766983,0.0219320965579721,0.0349184126655947,0.034778097852478,0.0158591238132655,0.02562104358784,0.0231040428610409,0.02886667678232,0.0283863079893236,0.023138880679704,0.0230586040766195,0.0278757641110184
Bray_D,0.125230658445475,0.169097807927705,0.147815027443064,0.162637958512965,0.173893716597846,0.14721950925639,0.136828694639537,0.20450989547495,0.149328364520833,0.156085246095297,0.201900534589422,0.180315494038269,0.105818561423779,0.159762837366529,0.157464061545726,0.17076680234575,0.168747186896803,0.159157902258882,0.139613197952447,0.156810433055987
JC_D,0,0.4,0.25,0,0.4,0.285714285714286,0.25,0.333333333333333,0.444444444444444,0.4,0.25,0.142857142857143,0.142857142857143,0.142857142857143,0.25,0.25,0.285714285714286,0.333333333333333,0,0
JSD,0.0165685243359915,0.0411007995199571,0.0238894968429466,0.0157119421332195,0.0371777590090618,0.0372880277737754,0.0224792520809193,0.0388571803422599,0.0596172469522357,0.0295365571747773,0.0351083082649951,0.0240962888572133,0.0155368445238434,0.0189769757100259,0.0264282181901766,0.0288604811487797,0.0367627350024243,0.0264031557358854,0.0145958181115887,0.0193313103452682
