C1_WGSerr_r0,C18_WGSerr_r0,C19_WGSerr_r0,C2_WGSerr_r0,C20_WGSerr_r0,C3_WGSerr_r0,C4_WGSerr_r0,C5_WGSerr_r0,C6_WGSerr_r0,C7_WGSerr_r0,C8_WGSerr_r0,C10_WGSerr_r0,C9_WGSerr_r0,C11_WGSerr_r0,C12_WGSerr_r0,C13_WGSerr_r0,C14_WGSerr_r0,C15_WGSerr_r0,C16_WGSerr_r0,C17_WGSerr_r0
Rank1,0.019186,-0.061245,-0.078312,0.160879,-0.00712300000000005,0.037869,0.097738,-0.058857,-0.028267,-0.019265,0.086322,0.131719,0.00294800000000001,-0.12986,-0.133984,-0.032668,-0.015991,-0.021329,-0.095029,-0.029057
Rank2,-0.023891,0.04005,0.034315,-0.016318,-0.062383,0.00672600000000001,-0.039525,0.038072,-0.00633400000000001,-0.03589,0.019566,-0.00959299999999999,-0.038285,0.076385,0.120478,0.025896,0.04465,0.02761,0.061146,-0.047967
Rank3,0.050215,0.103186,0.012406,0.00173900000000002,0.082054,-0.03876,-0.075541,0.013921,0.00445800000000002,0.088844,-0.00852700000000001,-0.037949,0.029457,0.050741,0.013344,0.036705,0.00686299999999998,0.079462,0.061602,-0.018017
Rank4,-0.02639,-0.035857,0.026771,-0.035804,0.00612000000000001,-0.002751,0.00447800000000001,0.021694,0.060371,-0.00991599999999999,-0.00409100000000001,-0.01077,-0.027608,0.061658,0.048625,-0.039876,0.015728,-0.001397,-0.01367,0.103442
Rank5,-0.012983,0.008259,0.045904,-0.020648,-0.007497,-0.000905000000000017,0.021798,0.00944600000000001,-0.017332,0.039286,-0.00412999999999999,0.025793,0.037835,0.032658,0.00800500000000001,0.020088,0.025328,-0.019931,0.016512,0.00473900000000001
Rank6,0.038591,0.024835,-0.000690999999999997,0.015756,0.030745,0.045416,0.050976,0.053009,0.028403,-0.000536000000000002,0.00768200000000001,-0.010407,0.069257,-0.008414,0.008972,0.031466,-0.003528,0.0221,0.05277,0.038389
