C1_WGSerr_r0,C2_WGSerr_r0,C3_WGSerr_r0,C4_WGSerr_r0,C5_WGSerr_r0,C6_WGSerr_r0,C7_WGSerr_r0,C8_WGSerr_r0,C9_WGSerr_r0,C10_WGSerr_r0,C11_WGSerr_r0,C12_WGSerr_r0,C13_WGSerr_r0,C14_WGSerr_r0,C15_WGSerr_r0,C16_WGSerr_r0,C17_WGSerr_r0,C18_WGSerr_r0,C19_WGSerr_r0,C20_WGSerr_r0
sorted_JSD,0.0238855983556929,0.0849815745648226,0.0516237562641732,0.0529879781817654,0.0561461778477725,0.0323169715870555,0.0384454882854229,0.0669468426766957,0.0395888197659402,0.0736775610558416,0.0417655895675948,0.0585927073169383,0.0265575909984401,0.0327075574123799,0.0319640206784598,0.0712095940046081,0.0302763971190175,0.0373204909187883,0.00805645381604592,0.0168941747622522
