C1_WGSerr_r0,C2_WGSerr_r0,C3_WGSerr_r0,C4_WGSerr_r0,C5_WGSerr_r0,C6_WGSerr_r0,C7_WGSerr_r0,C8_WGSerr_r0,C9_WGSerr_r0,C10_WGSerr_r0,C11_WGSerr_r0,C12_WGSerr_r0,C13_WGSerr_r0,C14_WGSerr_r0,C15_WGSerr_r0,C16_WGSerr_r0,C17_WGSerr_r0,C18_WGSerr_r0,C19_WGSerr_r0,C20_WGSerr_r0
UnW_D,0.155304159197788,0.247909899311565,0.181747218262992,0.222222439251123,0.180854723052889,0.21267222911352,0.154353013750952,0.23425941449286,0.211845954991889,0.154353013750952,0.180854723052889,0.222222439251123,0.181747218262992,0.206753355435646,0.222222439251123,0.135834878168682,0.154353013750952,0.135834878168682,0.155304159197788,0.177239775385045
Weight_D,0.059655695799411,0.0761069368774733,0.0638581716793586,0.0744130229100074,0.0639155044255667,0.0659771686433779,0.0613850740653946,0.0772750936304665,0.0592026961425664,0.0780482842663691,0.0609514921197955,0.0704190299206827,0.0526343184542141,0.0699186587336108,0.0650450054791537,0.0674513419429267,0.0585106271244461,0.0606213358614859,0.0553424123182704,0.0534822563335912
Bray_D,0.313455977916955,0.363840395952414,0.299955257912029,0.326353344076528,0.309961316530013,0.339545697783847,0.307231481686554,0.365016495537046,0.343500807529373,0.353362791285431,0.306762095078045,0.311174701528991,0.28846732680958,0.322352017659194,0.315118130974966,0.30143972123917,0.305720322776056,0.304680193677488,0.289517524797544,0.291572341786076
JC_D,0.25,0.5,0.333333333333333,0.4,0.333333333333333,0.4,0.25,0.454545454545455,0.4,0.25,0.333333333333333,0.4,0.333333333333333,0.4,0.4,0.25,0.25,0.25,0.25,0.25
JSD,0.120613161410593,0.146170357963289,0.116482528017714,0.129652798631785,0.120578529126171,0.139405834276245,0.117789497049531,0.151378557240992,0.139746938822908,0.133652935454339,0.125352761412404,0.127798581706628,0.108824113335919,0.129320186289996,0.121173321644577,0.115536560942013,0.121342142975492,0.113671885837853,0.11225623979846,0.117118118952482
