C1_WGSerr_r0,C2_WGSerr_r0,C3_WGSerr_r0,C4_WGSerr_r0,C5_WGSerr_r0,C6_WGSerr_r0,C7_WGSerr_r0,C8_WGSerr_r0,C9_WGSerr_r0,C10_WGSerr_r0,C11_WGSerr_r0,C12_WGSerr_r0,C13_WGSerr_r0,C14_WGSerr_r0,C15_WGSerr_r0,C16_WGSerr_r0,C17_WGSerr_r0,C18_WGSerr_r0,C19_WGSerr_r0,C20_WGSerr_r0
Rank1,0.091145,0.18687,0.00753200000000001,0.097408,0.055864,-0.00971,0.044689,0.037877,0.059403,0.177033,0.021075,0.020951,0.019238,0.049385,0.05307,0.012443,0.00139300000000001,0.00184000000000001,0.049263,0.103835
Rank2,-0.033329,-0.018746,0.053989,0.01848,-0.041414,0.069052,0.038192,0.059291,-0.001861,-0.034798,-0.035797,0.103027,0.055333,0.042739,0.038586,0.013503,0.00867800000000002,0.043556,0.057232,0.00925799999999999
Rank3,0.054054,0.010313,0.009882,-0.015599,0.046211,0.033396,-0.010671,0.012837,0.042097,-0.045261,0.047241,-0.077802,0.082725,-0.010819,0.076747,0.075982,0.032922,0.091632,-0.046893,-0.030967
Rank4,0.000345999999999999,-0.008795,0.018525,-0.051624,0.046429,0.053359,-0.000272999999999995,0.048911,-0.027512,0.015271,0.048087,0.025193,-0.00962199999999999,0.037211,-0.046656,-0.022136,0.036063,-0.033541,0.00397,0.022538
Rank5,0.019758,-0.035897,0.023686,0.032025,0.005428,-0.038489,0.028386,-0.000908999999999993,0.011722,0.033506,0.040859,0.016177,-0.082421,0.00322500000000001,-0.015837,0.022345,0.035497,0.005286,0.035118,-0.013019
Rank6,-0.026464,0.00310900000000001,0.001474,0.042617,0.01005,0.00493200000000001,0.006398,0.027966,0.055691,0.001541,0.00786100000000001,0.019586,0.02824,-0.000166999999999994,0.001305,0.023258,-0.00915999999999999,-0.011314,0.000870000000000003,0.009077
