C1_WGSerr_r0,C2_WGSerr_r0,C3_WGSerr_r0,C4_WGSerr_r0,C5_WGSerr_r0,C6_WGSerr_r0,C7_WGSerr_r0,C8_WGSerr_r0,C9_WGSerr_r0,C10_WGSerr_r0,C11_WGSerr_r0,C12_WGSerr_r0,C13_WGSerr_r0,C14_WGSerr_r0,C15_WGSerr_r0,C16_WGSerr_r0,C17_WGSerr_r0,C18_WGSerr_r0,C19_WGSerr_r0,C20_WGSerr_r0
sorted_JSD,0.0289248172219447,0.0799896860173903,0.0442242379195569,0.0590975023114796,0.0535482001882282,0.0416364711116117,0.0355910594162442,0.0664563745911206,0.0455616640162656,0.0660901631763526,0.049664753816455,0.0532994488065032,0.031837327664863,0.0469406026643891,0.0297268517541529,0.0600348316065913,0.0215646304307599,0.0203440422094543,0.0235222049772732,0.021354432319129
