C1_WGSerr_r0,C10_WGSerr_r0,C11_WGSerr_r0,C12_WGSerr_r0,C13_WGSerr_r0,C14_WGSerr_r0,C15_WGSerr_r0,C16_WGSerr_r0,C17_WGSerr_r0,C18_WGSerr_r0,C19_WGSerr_r0,C2_WGSerr_r0,C20_WGSerr_r0,C3_WGSerr_r0,C4_WGSerr_r0,C5_WGSerr_r0,C6_WGSerr_r0,C7_WGSerr_r0,C8_WGSerr_r0,C9_WGSerr_r0
sorted_JSD,0.142133411642008,0.125413688390315,0.143561926722645,0.14905328601581,0.121592016289143,0.141762415194376,0.140888968301833,0.148807079466945,0.117345674657677,0.102867912928564,0.121922765806722,0.146510133411673,0.1473138459724,0.16707396639568,0.083617188083019,0.118012239798794,0.120703595092189,0.120331625942994,0.101032306417232,0.100335577947047
