C10_WGSerr_r0,C11_WGSerr_r0,C12_WGSerr_r0,C13_WGSerr_r0,C14_WGSerr_r0,C15_WGSerr_r0,C16_WGSerr_r0,C17_WGSerr_r0,C18_WGSerr_r0,C19_WGSerr_r0,C1_WGSerr_r0,C20_WGSerr_r0,C2_WGSerr_r0,C3_WGSerr_r0,C4_WGSerr_r0,C5_WGSerr_r0,C6_WGSerr_r0,C7_WGSerr_r0,C8_WGSerr_r0,C9_WGSerr_r0
UnW_D,0.309785486372303,0.309785486372303,0.262336298968122,0.312080514905475,0.260041270434949,0.328353591212794,0.262336298968122,0.260041270434949,0.498494460112844,0.708420641869665,0.495545280798656,0.262336298968122,0.313962119870964,0.201931260702932,0.370190524637493,0.328353591212794,0.500789488646016,0.313962119870964,0.386679444723562,0.363706335808317
Weight_D,0.0569580484242344,0.0648285678301488,0.0533529375938088,0.0714034572482905,0.063763531490377,0.0678449515245816,0.0607928248103627,0.0820489286198713,0.0927304867016686,0.0479444269831163,0.0556970286085267,0.083020628571229,0.0510884316496093,0.0439662900368481,0.0645215919155376,0.0344918463562463,0.0738968237462171,0.0632451110050373,0.059467237440637,0.0666802343394088
Bray_D,0.330434476726175,0.386905027696111,0.324752068680863,0.353675608405105,0.410987373124609,0.388304990192524,0.373168860323973,0.411691481044542,0.414701959473482,0.3,0.278964449761735,0.487909909901306,0.283598872801538,0.243170700711361,0.371622813374136,0.214609086722266,0.45,0.319366618969604,0.303150104239261,0.418014668325951
JC_D,0.5,0.5,0.375,0.5,0.375,0.375,0.375,0.375,0.625,0.625,0.375,0.375,0.375,0.25,0.625,0.375,0.625,0.375,0.5,0.5
JSD,0.130707561060895,0.149360718585612,0.131452655647729,0.154181206596944,0.159874262806067,0.155941430177648,0.135340905521207,0.186199886689971,0.180140937002667,0.117968758394495,0.100932525229143,0.206967754122337,0.102805374524887,0.0893207353853677,0.148271445008704,0.0847330210523591,0.189543867468812,0.116948220309519,0.109158146835994,0.16016826791135
