C10_WGSerr_r0,C11_WGSerr_r0,C12_WGSerr_r0,C13_WGSerr_r0,C14_WGSerr_r0,C15_WGSerr_r0,C16_WGSerr_r0,C17_WGSerr_r0,C18_WGSerr_r0,C19_WGSerr_r0,C1_WGSerr_r0,C20_WGSerr_r0,C2_WGSerr_r0,C3_WGSerr_r0,C4_WGSerr_r0,C5_WGSerr_r0,C6_WGSerr_r0,C7_WGSerr_r0,C8_WGSerr_r0,C9_WGSerr_r0
Rank1,-0.110802153515125,-0.202461117103463,-0.241286823463884,-0.319388092255052,-0.242658772662837,-0.174856625472068,-0.158936947609795,-0.318962997415806,-0.400060512175367,-0.230956607818479,-0.079507613736623,-0.219631567725547,-0.041749806527543,-0.121204202290295,-0.371622813374136,-0.206052196291663,-0.251015593630334,-0.313444342430594,-0.18425513629866,-0.212458027536532
Rank2,-0.089391288860596,-0.138229959820396,-0.021576570267115,-0.00605542994959501,-0.168328600461773,-0.172970792922853,-0.136238151087382,0.05828348427073,-0.014641447298115,-0.045396922516255,-0.117216696606427,-0.09680939652423,-0.085048242218032,-0.090216858320047,0.00767475886806301,0.012737962334505,-0.142064682390991,0.036931331911044,-0.062544984578474,-0.119424651016216
Rank3,-0.080241034350454,-0.046213950772251,-0.00789377299653801,0.003675608405105,0.0583628425882099,0.00952242820239699,-0.056790192852671,0.024696997056286,0.014701959473482,-0.023646469665267,-0.04930397490051,-0.054423946108178,-0.08298878726916,0.00293016924189299,0.0639480545060732,-0.00205464781756501,-0.00691972397867502,0.04407772346099,-0.00639914380130802,-0.036131989773203
Rank4,-0.019565523273825,0.0369050276961111,0.024752068680863,0.021767913799542,0.0356759250226802,0.010192028956023,0.028796431225875,0.00340799677381261,0.15,0.1,-0.032936164518175,0.032955000456649,-0.073812036786803,-0.019087840733263,0.1,-0.006502242613038,0.1,0.000580578126895909,0.012944854755088,0.118014668325951
Rank5,0.1,0.1,-0.003994901953327,0.1,0.066948605513719,0.0781129612365016,0.123168860323973,0.0325745193149779,0.1,0.05,0.028964449761735,0.0879099099013065,0.0335988728015373,-0.012661799367757,0.05,0.0018711243877606,0.1,0.0318547089316644,0.1,0.1
Rank6,0.1,0.1,0.1,0.1,0.1,0.1,0.1,0.1,0.05,0.05,0.1,0.1,0.1,0.0402405314694676,0.05,0.1,0.1,0.1,0.05,0.05
Rank7,0.05,0.1,0.1,0.05,0.1,0.1,0.05,0.05,0.05,0.05,0.1,0.1,0.1,0.1,0.05,0.05,0.05,0.05,0.05,0.05
Rank8,0.05,0.05,0.05,0.05,0.05,0.05,0.05,0.05,0.05,0.05,0.05,0.05,0.05,0.1,0.05,0.05,0.05,0.05,0.05,0.05
