C1_WGSerr_r0,C18_WGSerr_r0,C19_WGSerr_r0,C2_WGSerr_r0,C20_WGSerr_r0,C21_WGSerr_r0,C22_WGSerr_r0,C23_WGSerr_r0,C24_WGSerr_r0,C3_WGSerr_r0,C4_WGSerr_r0,C10_WGSerr_r0,C5_WGSerr_r0,C6_WGSerr_r0,C7_WGSerr_r0,C8_WGSerr_r0,C9_WGSerr_r0,C11_WGSerr_r0,C12_WGSerr_r0,C13_WGSerr_r0,C14_WGSerr_r0,C15_WGSerr_r0,C16_WGSerr_r0,C17_WGSerr_r0
sorted_JSD,0.0246747400819226,0.081182711769279,0.222886086524836,0.0228630692654526,0.277270213396668,0.219008949725152,0.250440995340184,0.220049140275665,0.228900574027894,0.055219861259176,0.0447093485114772,0.0691509242356637,0.0417847520841907,0.0155042777906678,0.0726985717761628,0.0398286650239081,0.0287708405609617,0.0256894620823883,0.0362752694062889,0.0947968623148592,0.123947276402623,0.0807586950865062,0.13386056465351,0.0761054354034365
