C1_WGSerr_r0,C18_WGSerr_r0,C19_WGSerr_r0,C2_WGSerr_r0,C20_WGSerr_r0,C21_WGSerr_r0,C22_WGSerr_r0,C23_WGSerr_r0,C24_WGSerr_r0,C3_WGSerr_r0,C4_WGSerr_r0,C10_WGSerr_r0,C5_WGSerr_r0,C6_WGSerr_r0,C7_WGSerr_r0,C8_WGSerr_r0,C9_WGSerr_r0,C11_WGSerr_r0,C12_WGSerr_r0,C13_WGSerr_r0,C14_WGSerr_r0,C15_WGSerr_r0,C16_WGSerr_r0,C17_WGSerr_r0
UnW_D,0.0470883816112813,0.328418742385057,0.421559920030694,0.202710962046886,0.398122282154532,0.436607093451253,0.436358128039978,0.420776814802035,0.456759903831033,0.121695493980426,0.221839572686648,0.240949541612986,0.147528591854977,0.108726483879645,0.207990669972335,0.274959659862242,0.226898782370043,0.138896002439114,0.233480005316685,0.335126447284027,0.367006270931647,0.334135281773827,0.389691821647627,0.352244586651796
Weight_D,0.133070758669999,0.131025477573396,0.211492221180624,0.241382604162125,0.280540028257531,0.179338356352852,0.330808056731583,0.176360853857611,0.21474416671378,0.107783450755682,0.273105133031634,0.292757277308178,0.109457494406105,0.158546858113239,0.153110564945841,0.244809765254786,0.119642057785961,0.0986515761533113,0.222746445925546,0.100313482893511,0.348579240359251,0.0864112738536253,0.359183733330233,0.0926398443000911
Bray_D,0.192955488656408,0.290096569508591,0.599647019259701,0.436063951193143,0.676913048015702,0.559737774470719,0.757312149147915,0.559503649827191,0.607266540247802,0.121388000227405,0.43736725355289,0.474471649471316,0.125995465458827,0.201102884902825,0.312279863456519,0.484351077307824,0.115219269483392,0.101724683700567,0.315927124795432,0.28913410320898,0.611361001482511,0.233960626625686,0.614605291503837,0.25325699019028
JC_D,0.25,0.769230769230769,0.833333333333333,0.625,0.789473684210526,0.842105263157895,0.842105263157895,0.833333333333333,0.85,0.5,0.666666666666667,0.636363636363636,0.6,0.5,0.625,0.727272727272727,0.714285714285714,0.5,0.666666666666667,0.769230769230769,0.764705882352941,0.769230769230769,0.777777777777778,0.785714285714286
JSD,0.0462707980633722,0.151447063827958,0.32528002124814,0.121419785218696,0.328124250720308,0.310465218044822,0.416284145626766,0.305474974006531,0.335408717129994,0.0551169456235061,0.136665635035344,0.164677189908213,0.059246353710423,0.060203755313795,0.136602552415329,0.157631285937379,0.0671580293839504,0.0459633583005893,0.159469045705841,0.144392791614973,0.240318349467957,0.119776326701708,0.254906197402163,0.136248231738011
