C1_WGSerr_r0,C2_WGSerr_r0,C3_WGSerr_r0,C4_WGSerr_r0,C5_WGSerr_r0,C6_WGSerr_r0,C7_WGSerr_r0,C8_WGSerr_r0,C9_WGSerr_r0,C10_WGSerr_r0,C11_WGSerr_r0,C12_WGSerr_r0,C13_WGSerr_r0,C14_WGSerr_r0,C15_WGSerr_r0,C16_WGSerr_r0,C17_WGSerr_r0,C18_WGSerr_r0,C19_WGSerr_r0,C20_WGSerr_r0,C21_WGSerr_r0,C22_WGSerr_r0,C23_WGSerr_r0,C24_WGSerr_r0
Rank1,-0.128197,0.0633509999999999,-0.071557,0.230372,-0.020814,-0.0414089999999999,-0.182284,0.0653779999999999,-0.0336960000000001,0.274817,-0.006046,-0.0547630000000001,-0.060284,0.235642,-0.02297,0.292144,0.0031429999999999,-0.00696099999999999,0.30655,0.40758,0.338704,0.409123,0.359185,0.350975
Rank2,0.128816,0.050748,-0.013313,-0.074983,-0.0642,0.045632,0.16916,0.050198,-0.00203100000000001,-0.062341,-0.028764,0.042172,0.19071,0.054923,0.147638,0.052888,0.124633,0.142126,0.154162,0.148797,0.153749,0.121866,0.134776,0.151526
Rank3,0.022434,-0.058759,0.1,-0.098873,0.089944,0.022316,0.083441,-0.00351399999999999,0.084768,-0.09858,0.085432,0.082759,0.058502,0.000392000000000003,0.054163,-0.057239,0.064556,0.058471,0.022365,0.014779,0.009591,0.01069,0.005759,0.008007
Rank4,0.05,0.034785,0.05,0.037356,0.05,0.036587,0.035063,0.028474,0.039658,0.028289,0.035909,0.037472,0.015733,0.010242,0.018489,0.007864,0.015979,0.014316,-0.013301,-0.019218,-0.030436,-0.034361,-0.025067,-0.033634
