C10_WGSerr_r0,C11_WGSerr_r0,C12_WGSerr_r0,C13_WGSerr_r0,C14_WGSerr_r0,C15_WGSerr_r0,C16_WGSerr_r0,C17_WGSerr_r0,C18_WGSerr_r0,C19_WGSerr_r0,C1_WGSerr_r0,C20_WGSerr_r0,C2_WGSerr_r0,C3_WGSerr_r0,C4_WGSerr_r0,C5_WGSerr_r0,C6_WGSerr_r0,C7_WGSerr_r0,C8_WGSerr_r0,C9_WGSerr_r0
Rank1,-0.014342463914273,0.014971012659813,0.011441096957015,0.00922310914786106,0.0070156042347379,0.00431048285069402,-0.00276834483720201,-0.007195090497642,-0.017179729121503,-0.0284265427182281,-0.05,0,-0.049191042755424,-0.0389196905164351,-0.0364902469644149,-0.029361245171308,-0.0228419893267261,-0.0242998850752629,-0.0249455858220921,-0.01742216466104
Rank2,0.014342463914273,-0.014971012659813,-0.011441096957015,-0.00922310914786201,-0.00701560423473702,-0.00431048285069402,0.00276834483720201,0.007195090497642,0.0171797291215032,0.0284265427182279,0.05,0,0.0491910427554241,0.038919690516435,0.036490246964415,0.029361245171308,0.022841989326726,0.024299885075263,0.024945585822092,0.01742216466104
