C10_WGSerr_r0,C11_WGSerr_r0,C12_WGSerr_r0,C13_WGSerr_r0,C14_WGSerr_r0,C15_WGSerr_r0,C16_WGSerr_r0,C17_WGSerr_r0,C18_WGSerr_r0,C19_WGSerr_r0,C1_WGSerr_r0,C20_WGSerr_r0,C2_WGSerr_r0,C3_WGSerr_r0,C4_WGSerr_r0,C5_WGSerr_r0,C6_WGSerr_r0,C7_WGSerr_r0,C8_WGSerr_r0,C9_WGSerr_r0
GCA_001675145,0.485657536085727,0.535028987340187,0.588558903042985,0.640776890852139,0.692984395765262,0.745689517149306,0.802768344837202,0.857195090497642,0.917179729121503,0.978426542718228,0,1,0.0508089572445759,0.111080309483565,0.163509753035585,0.220638754828692,0.277158010673274,0.325700114924737,0.375054414177908,0.43257783533896
GCA_002056065,0.514342463914273,0.464971012659813,0.411441096957015,0.359223109147862,0.307015604234737,0.254310482850694,0.197231655162798,0.142804909502358,0.0828202708784968,0.0215734572817721,1,0,0.949191042755424,0.888919690516435,0.836490246964415,0.779361245171308,0.722841989326726,0.674299885075263,0.624945585822092,0.56742216466104
