C1_WGSerr_r0,C2_WGSerr_r0,C3_WGSerr_r0,C4_WGSerr_r0,C5_WGSerr_r0,C6_WGSerr_r0,C7_WGSerr_r0,C8_WGSerr_r0,C9_WGSerr_r0,C10_WGSerr_r0,C11_WGSerr_r0,C12_WGSerr_r0,C13_WGSerr_r0,C14_WGSerr_r0,C15_WGSerr_r0,C16_WGSerr_r0,C17_WGSerr_r0,C18_WGSerr_r0,C19_WGSerr_r0,C20_WGSerr_r0,C1_WGSerr_r1,C2_WGSerr_r1,C3_WGSerr_r1,C4_WGSerr_r1,C5_WGSerr_r1,C6_WGSerr_r1,C7_WGSerr_r1,C8_WGSerr_r1,C9_WGSerr_r1,C10_WGSerr_r1,C11_WGSerr_r1,C12_WGSerr_r1,C13_WGSerr_r1,C14_WGSerr_r1,C15_WGSerr_r1,C16_WGSerr_r1,C17_WGSerr_r1,C18_WGSerr_r1,C19_WGSerr_r1,C20_WGSerr_r1,C1_WGSerr_r2,C2_WGSerr_r2,C3_WGSerr_r2,C4_WGSerr_r2,C5_WGSerr_r2,C6_WGSerr_r2,C7_WGSerr_r2,C8_WGSerr_r2,C9_WGSerr_r2,C10_WGSerr_r2,C11_WGSerr_r2,C12_WGSerr_r2,C13_WGSerr_r2,C14_WGSerr_r2,C15_WGSerr_r2,C16_WGSerr_r2,C17_WGSerr_r2,C18_WGSerr_r2,C19_WGSerr_r2,C20_WGSerr_r2
UnW_D,0.825085262750226,0,0,0,0,0,0,0,0,0,0,0,0,0,0,0,0,0,0,0,1,1,1,1,1,1,1,1,1,1,1,1,1,1,1,1,1,1,1,1,1,1,1,1,1,1,1,1,1,1,1,1,1,1,1,1,1,1,1,1
Weight_D,0.0119934180927571,0.0117993748436899,0.0093356024080864,0.00875285576304382,0.00704283378126887,0.00547907056131442,0.00582877362627156,0.00598365680666209,0.00417902609721423,0.00344030332408317,0.00359107228202196,0.00274435718490504,0.00221233208250874,0.00168282149521043,0.00103394846020066,0.0006640383411498,0.00172587457106888,0.00412087348149006,0.00681862823502658,0,1,1,1,1,1,1,1,1,1,1,1,1,1,1,1,1,1,1,1,1,1,1,1,1,1,1,1,1,1,1,1,1,1,1,1,1,1,1,1,1
Bray_D,0.05,0.049191042755424,0.038919690516435,0.036490246964415,0.029361245171308,0.022841989326726,0.024299885075263,0.024945585822092,0.01742216466104,0.014342463914273,0.014971012659813,0.011441096957015,0.00922310914786153,0.00701560423473746,0.00431048285069402,0.00276834483720201,0.007195090497642,0.0171797291215031,0.028426542718228,0,1,1,1,1,1,1,1,1,1,1,1,1,1,1,1,1,1,1,1,1,1,1,1,1,1,1,1,1,1,1,1,1,1,1,1,1,1,1,1,1
JC_D,0.5,0,0,0,0,0,0,0,0,0,0,0,0,0,0,0,0,0,0,0,1,1,1,1,1,1,1,1,1,1,1,1,1,1,1,1,1,1,1,1,1,1,1,1,1,1,1,1,1,1,1,1,1,1,1,1,1,1,1,1
JSD,0.0176492274645948,0.00441281583391653,0.00167366549921792,0.00112072606405359,0.000599160472754322,0.000317740470381066,0.000329995757170765,0.000327767585880649,0.000153896045438548,0.000102877828355734,0.000112886108513687,6.78639135295827e-05,4.64622088181543e-05,2.91045810557528e-05,1.23164772285365e-05,6.0186436680982e-06,5.17867339325324e-05,0.000444798589733472,0.00300660072521318,0,1,1,1,1,1,1,1,1,1,1,1,1,1,1,1,1,1,1,1,1,1,1,1,1,1,1,1,1,1,1,1,1,1,1,1,1,1,1,1,1
