C10_WGSerr_r0,C11_WGSerr_r0,C12_WGSerr_r0,C13_WGSerr_r0,C14_WGSerr_r0,C15_WGSerr_r0,C16_WGSerr_r0,C17_WGSerr_r0,C18_WGSerr_r0,C19_WGSerr_r0,C1_WGSerr_r0,C20_WGSerr_r0,C2_WGSerr_r0,C3_WGSerr_r0,C4_WGSerr_r0,C5_WGSerr_r0,C6_WGSerr_r0,C7_WGSerr_r0,C8_WGSerr_r0,C9_WGSerr_r0
sorted_JSD,0.000102877828355734,0.000112886108513687,6.78639135295827e-05,4.64622088181543e-05,2.91045810557528e-05,1.23164772285365e-05,6.0186436680982e-06,5.17867339325324e-05,0.000444798589733472,0.00300660072521318,0.0176492274645948,0,0.00441281583391653,0.00167366549921792,0.00112072606405359,0.000599160472754322,0.000317740470381066,0.000329995757170765,0.000327767585880649,0.000153896045438548
