C10_WGSerr_r0,C11_WGSerr_r0,C12_WGSerr_r0,C13_WGSerr_r0,C14_WGSerr_r0,C15_WGSerr_r0,C16_WGSerr_r0,C17_WGSerr_r0,C18_WGSerr_r0,C19_WGSerr_r0,C1_WGSerr_r0,C20_WGSerr_r0,C2_WGSerr_r0,C3_WGSerr_r0,C4_WGSerr_r0,C5_WGSerr_r0,C6_WGSerr_r0,C7_WGSerr_r0,C8_WGSerr_r0,C9_WGSerr_r0
sorted_JSD,0.000136497443015264,0.000169626483337936,0.000192452541906292,9.49028336443779e-05,4.74287387316591e-05,1.24580337264838e-05,2.08235087466996e-05,6.56342087380067e-05,0.00117923479177393,0.00367995291546657,0.0176492274645948,0,0.0046242528809718,0.00219504385250013,0.0013627120729795,0.000853238266997791,0.000628190884093949,0.000340136505725211,0.000203605684472704,0.000201002511660441
