C10_WGSerr_r0,C11_WGSerr_r0,C12_WGSerr_r0,C13_WGSerr_r0,C14_WGSerr_r0,C15_WGSerr_r0,C16_WGSerr_r0,C17_WGSerr_r0,C18_WGSerr_r0,C19_WGSerr_r0,C1_WGSerr_r0,C20_WGSerr_r0,C2_WGSerr_r0,C3_WGSerr_r0,C4_WGSerr_r0,C5_WGSerr_r0,C6_WGSerr_r0,C7_WGSerr_r0,C8_WGSerr_r0,C9_WGSerr_r0
GCA_002056065,0.516519925911552,0.468356799060323,0.419295315769426,0.363197940591083,0.308963855337908,0.254335253168555,0.194862332920727,0.141910228331921,0.0727659465020318,0.0191777216208475,1,0,0.950179510657569,0.894163046409373,0.840075710479005,0.784890369340187,0.731961570323681,0.674667078773524,0.61968570475044,0.569904704070917
GCA_001675145,0.483480074088448,0.531643200939677,0.580704684230574,0.636802059408917,0.691036144662092,0.745664746831445,0.805137667079273,0.858089771668079,0.927234053497968,0.980822278379152,0,1,0.0498204893424307,0.105836953590627,0.159924289520995,0.215109630659813,0.268038429676319,0.325332921226476,0.38031429524956,0.430095295929083
