C10_WGSerr_r0,C11_WGSerr_r0,C12_WGSerr_r0,C13_WGSerr_r0,C14_WGSerr_r0,C15_WGSerr_r0,C16_WGSerr_r0,C17_WGSerr_r0,C18_WGSerr_r0,C19_WGSerr_r0,C1_WGSerr_r0,C20_WGSerr_r0,C2_WGSerr_r0,C3_WGSerr_r0,C4_WGSerr_r0,C5_WGSerr_r0,C6_WGSerr_r0,C7_WGSerr_r0,C8_WGSerr_r0,C9_WGSerr_r0
Rank1,-0.016519925911552,0.0183567990603231,0.019295315769426,0.013197940591083,0.008963855337908,0.00433525316855499,-0.00513766707927299,-0.008089771668079,-0.0272340534979679,-0.0308222783791521,-0.05,0,-0.050179510657569,-0.0441630464093731,-0.0400757104790049,-0.034890369340187,-0.0319615703236811,-0.024667078773524,-0.0196857047504401,-0.0199047040709169
Rank2,0.016519925911552,-0.018356799060323,-0.019295315769426,-0.013197940591083,-0.008963855337908,-0.00433525316855499,0.00513766707927302,0.008089771668079,0.0272340534979682,0.0308222783791525,0.05,0,0.0501795106575693,0.044163046409373,0.040075710479005,0.034890369340187,0.031961570323681,0.024667078773524,0.01968570475044,0.019904704070917
