C1_WGSerr_r0,C10_WGSerr_r0,C11_WGSerr_r0,C12_WGSerr_r0,C13_WGSerr_r0,C14_WGSerr_r0,C15_WGSerr_r0,C16_WGSerr_r0,C17_WGSerr_r0,C18_WGSerr_r0,C19_WGSerr_r0,C2_WGSerr_r0,C20_WGSerr_r0,C21_WGSerr_r0,C22_WGSerr_r0,C23_WGSerr_r0,C24_WGSerr_r0,C3_WGSerr_r0,C4_WGSerr_r0,C5_WGSerr_r0,C6_WGSerr_r0,C7_WGSerr_r0,C8_WGSerr_r0,C9_WGSerr_r0
sorted_JSD,0.020082856778795,0.0247042132860015,0.0198456187078347,0.01991416143117,0.0185354744585376,0.0287181206329391,0.0195587184986592,0.0295236398299133,0.0194967915714604,0.0190881717995076,0.0180179445921745,0.00994078782441526,0.0192204638034807,0.0184432576761972,0.0201600034096185,0.0187711801688135,0.018278701177246,0.0182365473133832,0.023228579419076,0.018042577955971,0.0181521198356977,0.0209650458622018,0.0249768923691056,0.0193768033580003
