C1_WGSerr_r0,C2_WGSerr_r0,C3_WGSerr_r0,C4_WGSerr_r0,C5_WGSerr_r0,C6_WGSerr_r0,C7_WGSerr_r0,C8_WGSerr_r0,C9_WGSerr_r0,C10_WGSerr_r0,C11_WGSerr_r0,C12_WGSerr_r0,C13_WGSerr_r0,C14_WGSerr_r0,C15_WGSerr_r0,C16_WGSerr_r0,C17_WGSerr_r0,C18_WGSerr_r0,C19_WGSerr_r0,C20_WGSerr_r0,C21_WGSerr_r0,C22_WGSerr_r0,C23_WGSerr_r0,C24_WGSerr_r0
bench_GCA_str1,0.6,0.6,0.6,0.6,0.6,0.6,0.6,0.6,0.6,0.6,0.6,0.6,0.6,0.6,0.6,0.6,0.6,0.6,0.6,0.6,0.6,0.6,0.6,0.6
bench_GCA_str2,0.25,0.25,0.25,0.25,0.25,0.25,0.25,0.25,0.25,0.25,0.25,0.25,0.25,0.25,0.25,0.25,0.25,0.25,0.25,0.25,0.25,0.25,0.25,0.25
bench_GCA_str3,0.1,0.1,0.1,0.1,0.1,0.1,0.1,0.1,0.1,0.1,0.1,0.1,0.1,0.1,0.1,0.1,0.1,0.1,0.1,0.1,0.1,0.1,0.1,0.1
bench_GCA_str4,0.05,0.05,0.05,0.05,0.05,0.05,0.05,0.05,0.05,0.05,0.05,0.05,0.05,0.05,0.05,0.05,0.05,0.05,0.05,0.05,0.05,0.05,0.05,0.05
predict_GCA_str1,0.646179,0.482071,0.604167,0.528165,0.617021,0.625,0.637194,0.522388,0.595238,0.520548,0.6,0.62169,0.6,0.484496,0.583333,0.383333,0.578313,0.582418,0.625,0.666667,0.619048,0.661955,0.613636,0.622222
predict_GCA_str2,0.214286,0.267929,0.270833,0.322581,0.259691,0.25,0.212121,0.304348,0.26087,0.312785,0.25,0.230769,0.269231,0.348837,0.27381,0.292343,0.283389,0.285714,0.252747,0.215385,0.25,0.206897,0.25,0.25
predict_GCA_str3,0.139535,0.154293,0.125,0.149254,0.123288,0.125,0.150685,0.173264,0.143892,0.166667,0.15,0.147541,0.130769,0.166667,0.142857,0.200411,0.138298,0.131868,0.122253,0.117948,0.130952,0.131148,0.136364,0.127778
predict_GCA_str4,0,0.095707,0,0,0,0,0,0,0,0,0,0,0,0,0,0.123913,0,0,0,0,0,0,0,0
