C1_WGSerr_r0,C18_WGSerr_r0,C19_WGSerr_r0,C2_WGSerr_r0,C20_WGSerr_r0,C3_WGSerr_r0,C4_WGSerr_r0,C5_WGSerr_r0,C6_WGSerr_r0,C7_WGSerr_r0,C8_WGSerr_r0,C10_WGSerr_r0,C9_WGSerr_r0,C11_WGSerr_r0,C12_WGSerr_r0,C13_WGSerr_r0,C14_WGSerr_r0,C15_WGSerr_r0,C16_WGSerr_r0,C17_WGSerr_r0
UnW_D,0.049551915135454,0.123659998180383,0,0,0,0,0.0468902203329198,0.123659998180383,0.0683690700212774,0,0,0.0210544029700165,0,0.0509619818312895,0.0509619818312895,0.0311873788971782,0.0856130342676322,0,0.0210544029700165,0.0311873788971782
Weight_D,0.0103588786596402,0.0178411846632182,0.0169979285467434,0.0130574956499453,0.0140547667470216,0.0169705102443894,0.0152007832583019,0.0122466373390813,0.0100869645989803,0.0115002896390218,0.0149190735156801,0.0161070980591304,0.0149777625872123,0.0145450512804205,0.0107848854765953,0.0117535099911273,0.0107267939837807,0.0172761198946605,0.0132192291317324,0.0156919714493096
Bray_D,0.0983222296925616,0.100668828411979,0.159048869157236,0.0741498918416358,0.0920177728063634,0.109379138250679,0.11856066977928,0.0952078217385465,0.0618685296972145,0.0839266799592781,0.0783395246183985,0.100872165615265,0.102661094687129,0.105374998915827,0.10666626618942,0.0789990574977459,0.103610396613606,0.122254240681971,0.0969626323648157,0.10628752608972
JC_D,0.2,0.125,0,0,0,0,0.2,0.125,0.111111111111111,0,0,0.111111111111111,0,0.2,0.2,0.111111111111111,0.222222222222222,0,0.111111111111111,0.111111111111111
JSD,0.0158656369111509,0.0233610331436197,0.01453339624533,0.00559147817295126,0.0075898076260567,0.00791117986666341,0.020428016371513,0.0224308116308703,0.00853736513502017,0.00403510509446912,0.00860104955673165,0.0099821439342138,0.00800282643901068,0.0155558887510424,0.0272653633131096,0.00787363443173652,0.02653268336671,0.0111848115199788,0.011225674257744,0.0145594469228984
