C1_WGSerr_r0,C18_WGSerr_r0,C19_WGSerr_r0,C2_WGSerr_r0,C20_WGSerr_r0,C3_WGSerr_r0,C4_WGSerr_r0,C5_WGSerr_r0,C6_WGSerr_r0,C7_WGSerr_r0,C8_WGSerr_r0,C10_WGSerr_r0,C9_WGSerr_r0,C11_WGSerr_r0,C12_WGSerr_r0,C13_WGSerr_r0,C14_WGSerr_r0,C15_WGSerr_r0,C16_WGSerr_r0,C17_WGSerr_r0
Rank1,0.034765,-0.022057,0.135428,-0.00309499999999999,0.022029,0.03934,-0.05798,-0.052185,0.011924,0.052888,-0.013516,0.013083,0.026064,-0.021017,-0.030225,-0.00775599999999999,-0.048208,0.082873,-0.013058,0.024371
Rank2,0.022973,-0.036507,-0.078636,-0.016802,-0.00589500000000001,0.021662,0.086283,0.000927000000000011,-0.00420900000000002,-0.00609300000000002,0.001637,0.031977,0.032524,0.06066,0.00117999999999999,0.010267,0.00555800000000001,-0.010184,-0.035666,-0.020337
Rank3,-0.017263,-0.00603700000000001,-0.019607,-0.00767199999999998,-0.00448899999999999,0.029155,0.000104000000000007,0.034789,-0.00268200000000002,0.02471,-0.024062,-0.011348,-0.00174300000000002,-0.021019,0.00417300000000001,0.025998,0.030479,0.020744,0.00234500000000001,0.030424
Rank4,-0.012389,0.049583,0.029584,0.049009,0.00414100000000001,-0.019735,0.021539,-0.00489199999999999,-0.00614100000000001,-0.019595,0.039797,0.021569,0.02199,-0.012499,0.036871,0.030145,-0.012363,-0.027802,0.034036,-0.017018
Rank5,-0.00235,0.00822100000000001,-0.009221,0.010031,-0.020499,-0.011108,-0.004852,-0.000104999999999994,0.018661,-0.011286,0.018664,-0.004431,-0.008229,0.004054,0.00261700000000001,-0.010639,0.00390600000000001,-0.023236,0.038154,0.00610300000000001
Rank6,0.014347,-0.00828599999999999,-0.008157,0.014971,0.00448300000000001,-0.00996899999999999,0.001129,0.00304100000000002,0.046335,0.032467,0.00251700000000001,0.011234,-0.018271,0.02055,0.020517,-0.00478999999999999,0.010533,-0.01413,0.010436,0.010198
Rank7,0.02658,0.014807,-0.00281099999999999,0.031748,0.048498,0.000623000000000012,0.00139,0.010088,-0.002593,-0.008364,0.00336,-0.003702,-0.008895,0.037995,0.042142,-0.007415,0.025156,-0.01196,0.00142,0.00138100000000001
Rank8,0.000959000000000002,0.05,0.002353,-0.007768,0.020692,0.016848,0.022354,0.05,0.01387,-0.00766099999999999,0.02828,-0.00226799999999999,0.00345400000000001,-0.00270699999999999,0.001973,0.01707,0.034073,0.031002,0.019379,0.034496
