,AErrorFree.StrainPanDA,AErrorFree.StrainEst,AErrorFree.PStrain,ARTError.StrainPanDA,ARTError.StrainEst,ARTError.PStrain,WGSError.StrainPanDA,WGSError.StrainEst,WGSError.PStrain
AErrorFree.StrainPanDA,1,3.4612419119846e-10,0.0640233204991455,0.0189384405952892,4.71138025706623e-10,0.0596298368436611,0.00227990689014554,4.18811697780801e-10,0.123961779973357
AErrorFree.StrainEst,3.4612419119846e-10,1,1.17330123679525e-11,9.46950594233151e-10,0.93661249524681,1.43724943522955e-11,2.06468822397894e-08,0.0512194356970485,7.52114502164475e-12
AErrorFree.PStrain,0.0640233204991455,1.17330123679525e-11,1,0.204606421240944,3.02293693394439e-11,0.308904443856874,0.0418912581873951,2.73634040987737e-10,0.125256582838848
ARTError.StrainPanDA,0.0189384405952892,9.46950594233151e-10,0.204606421240944,1,1.1512303781622e-09,0.191657866651562,0.00903745248251621,2.23390585897033e-09,0.381621956421948
ARTError.StrainEst,4.71138025706623e-10,0.93661249524681,3.02293693394439e-11,1.1512303781622e-09,1,3.69969641348971e-11,1.15066839981008e-08,0.046096215658462,1.41787722428264e-11
ARTError.PStrain,0.0596298368436611,1.43724943522955e-11,0.308904443856874,0.191657866651562,3.69969641348971e-11,1,0.0453247290711796,3.23328214875607e-10,0.104167511482694
WGSError.StrainPanDA,0.00227990689014554,2.06468822397894e-08,0.0418912581873951,0.00903745248251621,1.15066839981008e-08,0.0453247290711796,1,7.31033514234510e-09,0.00973583669393917
WGSError.StrainEst,4.18811697780801e-10,0.0512194356970485,2.73634040987737e-10,2.23390585897033e-09,0.046096215658462,3.23328214875607e-10,7.31033514234510e-09,1,7.70872460192968e-11
WGSError.PStrain,0.123961779973357,7.52114502164475e-12,0.125256582838848,0.381621956421948,1.41787722428264e-11,0.104167511482694,0.00973583669393917,7.70872460192968e-11,1
