C1_WGSerr_r0,C2_WGSerr_r0,C3_WGSerr_r0,C4_WGSerr_r0,C5_WGSerr_r0,C6_WGSerr_r0,C7_WGSerr_r0,C8_WGSerr_r0,C9_WGSerr_r0,C10_WGSerr_r0,C11_WGSerr_r0,C12_WGSerr_r0,C13_WGSerr_r0,C14_WGSerr_r0,C15_WGSerr_r0,C16_WGSerr_r0,C17_WGSerr_r0,C18_WGSerr_r0,C19_WGSerr_r0,C20_WGSerr_r0,C21_WGSerr_r0,C22_WGSerr_r0,C23_WGSerr_r0,C24_WGSerr_r0,C1_WGSerr_r1,C2_WGSerr_r1,C3_WGSerr_r1,C4_WGSerr_r1,C5_WGSerr_r1,C6_WGSerr_r1,C7_WGSerr_r1,C8_WGSerr_r1,C9_WGSerr_r1,C10_WGSerr_r1,C11_WGSerr_r1,C12_WGSerr_r1,C13_WGSerr_r1,C14_WGSerr_r1,C15_WGSerr_r1,C16_WGSerr_r1,C17_WGSerr_r1,C18_WGSerr_r1,C19_WGSerr_r1,C20_WGSerr_r1,C21_WGSerr_r1,C22_WGSerr_r1,C23_WGSerr_r1,C24_WGSerr_r1,C1_WGSerr_r2,C2_WGSerr_r2,C3_WGSerr_r2,C4_WGSerr_r2,C5_WGSerr_r2,C6_WGSerr_r2,C7_WGSerr_r2,C8_WGSerr_r2,C9_WGSerr_r2,C10_WGSerr_r2,C11_WGSerr_r2,C12_WGSerr_r2,C13_WGSerr_r2,C14_WGSerr_r2,C15_WGSerr_r2,C16_WGSerr_r2,C17_WGSerr_r2,C18_WGSerr_r2,C19_WGSerr_r2,C20_WGSerr_r2,C21_WGSerr_r2,C22_WGSerr_r2,C23_WGSerr_r2,C24_WGSerr_r2
sorted_JSD,0.0204596669912684,0.00358937095969659,0.0278362113817104,0.0258777105367918,0.0260358272482263,0.0261488338909807,0.0206531934102055,0.00655340232761652,0.0269311460131334,0.0209893079315709,0.0244405005926243,0.0213492365271688,0.0289499520915598,0.0251957934548435,0.0282289468593516,0.0204370701309762,0.0248280529126757,0.0224026087711171,0.0299841104393422,0.0283694471116673,0.027586485728452,0.022754883316317,0.0272274327937566,0.0240843483064016,0.0204614105984555,0.00400838409682909,0.0279788891037694,0.0258849904912064,0.0261676325171563,0.0261210143055473,0.0206081594390137,0.00529270432379955,0.0268935238880382,0.0213419223660836,0.0242247588765495,0.0214785113917125,0.0290578436188938,0.0252409874052295,0.0278651346843972,0.0202695457678017,0.0254235261980788,0.0222351484553561,0.0299298333051211,0.0293423400903291,0.0273325207397872,0.0228839400106631,0.0268070753090924,0.0245044614502459,0.0203847906189994,0.00407082201395519,0.0278081182363023,0.0254864076777582,0.0261358521483478,0.0265705836154343,0.0206619586139651,0.00507213265318091,0.0266815725049953,0.0210370496206631,0.0246366749802803,0.0213548465365942,0.029043916620809,0.0259687228372701,0.0277923206877657,0.0204288970793959,0.0249340523809661,0.0223391683579695,0.0293659387656665,0.0290128285810183,0.0276940393526489,0.0227776426579825,0.0265248016777145,0.0237180574577545
