C10_WGSerr_r0,C11_WGSerr_r0,C12_WGSerr_r0,C13_WGSerr_r0,C14_WGSerr_r0,C15_WGSerr_r0,C16_WGSerr_r0,C17_WGSerr_r0,C18_WGSerr_r0,C19_WGSerr_r0,C1_WGSerr_r0,C20_WGSerr_r0,C2_WGSerr_r0,C3_WGSerr_r0,C4_WGSerr_r0,C5_WGSerr_r0,C6_WGSerr_r0,C7_WGSerr_r0,C8_WGSerr_r0,C9_WGSerr_r0
GCA_002056065,-0.014337823027692,-0.014960748984444,-0.011435228629856,-0.00921361338868804,-0.00700248111325202,-0.00429382566615899,0.002778843727997,0.007213095277362,0.0172122286428548,0.0284242336653372,-0.05,0,-0.049191882691897,-0.038929500802888,-0.0364907109712039,-0.029362897633464,-0.0228422962012941,-0.024305130220183,-0.0249441185408811,-0.017407711898339
GCA_001675145,0.014337823027692,0.014960748984444,0.011435228629856,0.00921361338868798,0.00700248111325197,0.00429382566615899,-0.00277884372799697,-0.00721309527736202,-0.017212228642855,-0.0284242336653371,0.05,0,0.0491918826918969,0.038929500802888,0.036490710971204,0.029362897633464,0.022842296201294,0.024305130220183,0.024944118540881,0.017407711898339
