C10_WGSerr_r0,C11_WGSerr_r0,C12_WGSerr_r0,C13_WGSerr_r0,C14_WGSerr_r0,C15_WGSerr_r0,C16_WGSerr_r0,C17_WGSerr_r0,C18_WGSerr_r0,C19_WGSerr_r0,C1_WGSerr_r0,C20_WGSerr_r0,C2_WGSerr_r0,C3_WGSerr_r0,C4_WGSerr_r0,C5_WGSerr_r0,C6_WGSerr_r0,C7_WGSerr_r0,C8_WGSerr_r0,C9_WGSerr_r0
UnW_D,0,0,0,0,0,0,0,0,0,0,0.825085262750226,0,0,0,0,0,0,0,0,0
Weight_D,0.00343919012222143,0.00358861035102457,0.00274294955888259,0.00221005435031121,0.00167967367355734,0.00102995292863312,0.000666556692886081,0.0017301933480859,0.00412866908843773,0.00681807436629224,0.0119934180927571,0,0.0117995763178757,0.00933795558542721,0.00875296706359219,0.00704323015465926,0.00547914417081434,0.00583003177059123,0.00598330485232162,0.00417555933670086
Bray_D,0.014337823027692,0.014960748984444,0.011435228629856,0.00921361338868801,0.007002481113252,0.00429382566615899,0.00277884372799699,0.00721309527736201,0.0172122286428549,0.0284242336653371,0.05,0,0.0491918826918969,0.038929500802888,0.036490710971204,0.029362897633464,0.022842296201294,0.024305130220183,0.024944118540881,0.017407711898339
JC_D,0,0,0,0,0,0,0,0,0,0,0.5,0,0,0,0,0,0,0,0,0
JSD,0.000102811245425923,0.000112731571201037,6.77944681239558e-05,4.63668643601125e-05,2.89961509655507e-05,1.22217376553289e-05,6.06450226517776e-06,5.20489121217755e-05,0.000446556964677568,0.00300599955333119,0.0176492274645948,0,0.004412992662981,0.00167456603565132,0.0011207557233978,0.000599229409997609,0.00031774911009519,0.000330139511147502,0.00032772879579638,0.000153640276098272
