C1_WGSerr_r0,C18_WGSerr_r0,C19_WGSerr_r0,C2_WGSerr_r0,C20_WGSerr_r0,C3_WGSerr_r0,C4_WGSerr_r0,C5_WGSerr_r0,C6_WGSerr_r0,C7_WGSerr_r0,C8_WGSerr_r0,C10_WGSerr_r0,C9_WGSerr_r0,C11_WGSerr_r0,C12_WGSerr_r0,C13_WGSerr_r0,C14_WGSerr_r0,C15_WGSerr_r0,C16_WGSerr_r0,C17_WGSerr_r0
sorted_JSD,0.093670444018186,0.00864032021444735,0.00479754980877535,0.0954302590152778,0,0.115937307656921,0.109191540565106,0.0932971959789759,0.0839110107551879,0.08428160427783,0.07580744120476,0.0659848803910384,0.0721838480469461,0.0485974202878869,0.0465968636234022,0.0414909568671241,0.0353286011546683,0.0288027364794785,0.0237325623616668,0.0171009767117305
