C1_WGSerr_r0,C18_WGSerr_r0,C19_WGSerr_r0,C2_WGSerr_r0,C20_WGSerr_r0,C3_WGSerr_r0,C4_WGSerr_r0,C5_WGSerr_r0,C6_WGSerr_r0,C7_WGSerr_r0,C8_WGSerr_r0,C10_WGSerr_r0,C9_WGSerr_r0,C11_WGSerr_r0,C12_WGSerr_r0,C13_WGSerr_r0,C14_WGSerr_r0,C15_WGSerr_r0,C16_WGSerr_r0,C17_WGSerr_r0
Rank1,0.036072,0.0143420000000001,0.00818799999999986,0.021933,0.00258900000000006,0.023184,0.0152070000000001,-0.000583,0.000988999999999907,-0.000712999999999964,-0.00392000000000003,-0.014148,-0.0040659999999999,0.038489,0.032322,0.031765,0.0280009999999999,0.0308390000000001,0.0217660000000001,0.023569
Rank2,0.016254,-0.007282,-0.00460799999999999,0.024018,0,0.026106,0.029582,0.033515,0.031397,0.033799,0.034936,0.041972,0.033728,-0.0172659999999999,-0.0165169999999999,-0.00757700000000006,-0.004633,-0.015926,0.000173000000000006,-0.010291
