V3,C1_WGSerr_r0,C10_WGSerr_r0,C11_WGSerr_r0,C12_WGSerr_r0,C13_WGSerr_r0,C14_WGSerr_r0,C15_WGSerr_r0,C16_WGSerr_r0,C17_WGSerr_r0,C18_WGSerr_r0,C19_WGSerr_r0,C2_WGSerr_r0,C20_WGSerr_r0,C3_WGSerr_r0,C4_WGSerr_r0,C5_WGSerr_r0,C6_WGSerr_r0,C7_WGSerr_r0,C8_WGSerr_r0,C9_WGSerr_r0
str-1,0.105263,0.421053,0.166667,0.166667,0.166667,0.223214,0.176471,0.142857,0.2,0.166667,0.136364,0.125,1,0.157895,0.190476,0.208333,0.2,0.116667,0.166667,0.192308
str-2,0.25,0.578947,0.333333,0.333333,0.25,0.3125,0.266667,0.25,0.8,0.25,0.863636,0.25,0,0.25,0.272727,0.291667,0.307692,0.216667,0.333333,0.307692
str-3,0.644737,0,0.5,0.5,0.583333,0.464286,0.556862,0.607143,0,0.583333,0,0.625,0,0.592105,0.536797,0.5,0.492308,0.283334,0.5,0.5
str-4,0,0,0,0,0,0,0,0,0,0,0,0,0,0,0,0,0,0.383333,0,0
