V3,C1_WGSerr_r0,C10_WGSerr_r0,C11_WGSerr_r0,C12_WGSerr_r0,C13_WGSerr_r0,C14_WGSerr_r0,C15_WGSerr_r0,C16_WGSerr_r0,C17_WGSerr_r0,C18_WGSerr_r0,C19_WGSerr_r0,C2_WGSerr_r0,C20_WGSerr_r0,C3_WGSerr_r0,C4_WGSerr_r0,C5_WGSerr_r0,C6_WGSerr_r0,C7_WGSerr_r0,C8_WGSerr_r0,C9_WGSerr_r0
str-1,0.104167,0.110279,0.228195,0.07621,0.111594,0.108108,0.133333,0.132179,0.138248,0.24,0.126642,0.150943,0.091601,0.137819,0.1375,0.16,0.130435,0.126984,0.16129,0.118084
str-2,0.226415,0.2,0.323529,0.162162,0.188406,0.180297,0.27971,0.207051,0.228196,0.325,0.219512,0.214374,0.174603,0.214286,0.229167,0.218743,0.163265,0.198016,0.255814,0.201065
str-3,0.29063,0.240741,0.448276,0.2,0.7,0.253968,0.586957,0.258065,0.290323,0.435,0.653846,0.253731,0.270833,0.265166,0.633333,0.256667,0.25,0.675,0.582896,0.286114
str-4,0.378788,0.44898,0,0.25,0,0.457627,0,0.402705,0.343233,0,0,0.380952,0.462963,0.382729,0,0.36459,0.4563,0,0,0.394737
str-5,0,0,0,0.311628,0,0,0,0,0,0,0,0,0,0,0,0,0,0,0,0
