V3,C1_WGSerr_r0,C10_WGSerr_r0,C11_WGSerr_r0,C12_WGSerr_r0,C13_WGSerr_r0,C14_WGSerr_r0,C15_WGSerr_r0,C16_WGSerr_r0,C17_WGSerr_r0,C18_WGSerr_r0,C19_WGSerr_r0,C2_WGSerr_r0,C20_WGSerr_r0,C3_WGSerr_r0,C4_WGSerr_r0,C5_WGSerr_r0,C6_WGSerr_r0,C7_WGSerr_r0,C8_WGSerr_r0,C9_WGSerr_r0
str-1,0.133333,0.15625,0.147619,0.143516,0.134976,0.156624,0.147436,0.142857,0.125,0.137888,0.112857,0.12963,0.161007,0.142857,0.116389,0.138889,0.131579,0.142424,0.10443,0.131579
str-2,0.2,0.217672,0.218841,0.20431,0.2,0.222222,0.208333,0.208494,0.2,0.227273,0.186667,0.208333,0.222222,0.209524,0.192982,0.194444,0.201754,0.190909,0.203262,0.2
str-3,0.252874,0.28125,0.285714,0.279561,0.285714,0.275,0.269231,0.275,0.294048,0.287013,0.28,0.273148,0.275862,0.257143,0.275768,0.25,0.285714,0.257576,0.272928,0.280186
str-4,0.413793,0.344828,0.347826,0.372613,0.37931,0.346154,0.375,0.373649,0.380952,0.347826,0.420476,0.388889,0.340909,0.390476,0.414861,0.416667,0.380953,0.409091,0.41938,0.388235
