V3,C1_WGSerr_r0,C10_WGSerr_r0,C11_WGSerr_r0,C12_WGSerr_r0,C13_WGSerr_r0,C14_WGSerr_r0,C15_WGSerr_r0,C16_WGSerr_r0,C17_WGSerr_r0,C18_WGSerr_r0,C19_WGSerr_r0,C2_WGSerr_r0,C20_WGSerr_r0,C3_WGSerr_r0,C4_WGSerr_r0,C5_WGSerr_r0,C6_WGSerr_r0,C7_WGSerr_r0,C8_WGSerr_r0,C9_WGSerr_r0
str-1,0.2,0.2,0.192308,0.212122,0.2,0.153846,0.125,0.222223,0.25,0.142857,0.130953,0.2,0.25,0.2,0.125,0.146853,0.116667,0.2,0.130952,0.127273
str-2,0.3,0.3125,0.307692,0.333333,0.3,0.227273,0.222222,0.333333,0.333333,0.22619,0.214286,0.244444,0.321429,0.3,0.225,0.307692,0.216667,0.3,0.202381,0.214286
str-3,0.5,0.4875,0.5,0.454545,0.5,0.272727,0.277778,0.444444,0.416667,0.27381,0.285714,0.555556,0.428571,0.5,0.275,0.545455,0.283334,0.5,0.297619,0.272727
str-4,0,0,0,0,0,0.346154,0.375,0,0,0.357143,0.369047,0,0,0,0.375,0,0.383333,0,0.369048,0.385714
