V3,C1_WGSerr_r0,C10_WGSerr_r0,C11_WGSerr_r0,C12_WGSerr_r0,C13_WGSerr_r0,C14_WGSerr_r0,C15_WGSerr_r0,C16_WGSerr_r0,C17_WGSerr_r0,C18_WGSerr_r0,C19_WGSerr_r0,C2_WGSerr_r0,C20_WGSerr_r0,C3_WGSerr_r0,C4_WGSerr_r0,C5_WGSerr_r0,C6_WGSerr_r0,C7_WGSerr_r0,C8_WGSerr_r0,C9_WGSerr_r0
str-1,0.116931,0.145833,0.146567,0.139535,0.153541,0.125,0.140351,0.157609,0.144928,0.130435,0.142857,0.15,0.146168,0.140909,0.126761,0.096638,0.138528,0.125405,0.135593,0.123509
str-2,0.19076,0.195122,0.217069,0.189495,0.211538,0.2,0.209302,0.217391,0.212955,0.210526,0.190476,0.206897,0.219697,0.2,0.2,0.144007,0.197479,0.195652,0.209877,0.2
str-3,0.250416,0.270834,0.272727,0.266715,0.279792,0.26087,0.255814,0.26,0.265306,0.288889,0.272727,0.273103,0.270499,0.268657,0.27541,0.182432,0.254902,0.28,0.290894,0.28
str-4,0.441893,0.388211,0.363637,0.404255,0.355129,0.41413,0.394533,0.365,0.376811,0.37015,0.39394,0.37,0.363636,0.390434,0.397829,0.25,0.409091,0.398943,0.363636,0.396491
str-5,0,0,0,0,0,0,0,0,0,0,0,0,0,0,0,0.326923,0,0,0,0
