V3,C1_WGSerr_r0,C10_WGSerr_r0,C11_WGSerr_r0,C12_WGSerr_r0,C13_WGSerr_r0,C14_WGSerr_r0,C15_WGSerr_r0,C16_WGSerr_r0,C17_WGSerr_r0,C18_WGSerr_r0,C19_WGSerr_r0,C2_WGSerr_r0,C20_WGSerr_r0,C3_WGSerr_r0,C4_WGSerr_r0,C5_WGSerr_r0,C6_WGSerr_r0,C7_WGSerr_r0,C8_WGSerr_r0,C9_WGSerr_r0
str-1,0.130435,0.133333,0.133333,0.125,0.117948,0.142857,0.134454,0.142857,0.14394,0.136905,0.1,0.133333,0.148148,0.105263,0.12,0.116884,0.142857,0.119047,0.125,0.130435
str-2,0.230769,0.214286,0.222222,0.214286,0.215385,0.214286,0.222689,0.214286,0.227273,0.220238,0.185185,0.2,0.227273,0.200619,0.2,0.2,0.214286,0.214286,0.2,0.202898
str-3,0.281653,0.267766,0.277778,0.285714,0.282052,0.257143,0.277311,0.266667,0.272727,0.279762,0.272727,0.28,0.272727,0.294118,0.255,0.254545,0.268908,0.280953,0.28,0.272727
str-4,0.357143,0.384615,0.366667,0.375,0.384615,0.385714,0.365546,0.37619,0.35606,0.363095,0.442088,0.386667,0.351852,0.4,0.425,0.428571,0.373949,0.385714,0.395,0.39394
