V3,C1_WGSerr_r0,C10_WGSerr_r0,C11_WGSerr_r0,C12_WGSerr_r0,C13_WGSerr_r0,C14_WGSerr_r0,C15_WGSerr_r0,C16_WGSerr_r0,C17_WGSerr_r0,C18_WGSerr_r0,C19_WGSerr_r0,C2_WGSerr_r0,C20_WGSerr_r0,C3_WGSerr_r0,C4_WGSerr_r0,C5_WGSerr_r0,C6_WGSerr_r0,C7_WGSerr_r0,C8_WGSerr_r0,C9_WGSerr_r0
str-1,0.115385,0.125038,0.219858,0.132306,0.115903,0.152542,0.139535,0.126344,0.121693,0.123529,0.115385,0.114379,0.110887,0.145833,0.147541,0.136174,0.173913,0.177519,0.102941,0.133333
str-2,0.25,0.2,0.333333,0.207317,0.169811,0.204173,0.300465,0.209677,0.214286,0.2,0.217391,0.193548,0.2,0.205882,0.25,0.197159,0.25,0.255814,0.147059,0.221657
str-3,0.296296,0.264706,0.446809,0.292683,0.247619,0.276596,0.56,0.290323,0.285714,0.276471,0.667224,0.317073,0.251613,0.273285,0.602459,0.269231,0.576087,0.566667,0.25,0.272917
str-4,0.338319,0.410256,0,0.367694,0.466667,0.366689,0,0.373656,0.378307,0.4,0,0.375,0.4375,0.375,0,0.397436,0,0,0.5,0.372093
