V3,C1_WGSerr_r0,C10_WGSerr_r0,C11_WGSerr_r0,C12_WGSerr_r0,C13_WGSerr_r0,C14_WGSerr_r0,C15_WGSerr_r0,C16_WGSerr_r0,C17_WGSerr_r0,C18_WGSerr_r0,C19_WGSerr_r0,C2_WGSerr_r0,C20_WGSerr_r0,C3_WGSerr_r0,C4_WGSerr_r0,C5_WGSerr_r0,C6_WGSerr_r0,C7_WGSerr_r0,C8_WGSerr_r0,C9_WGSerr_r0
str-1,0.2,0.461538,0.2,0.25,0.25,0.230769,0.2,0.2,0.222222,0.222222,0.111111,0.125,1,0.214286,0.205129,0.214286,0.207793,0.238096,0.166667,0.4
str-2,0.25,0.538462,0.3,0.35,0.307692,0.333333,0.285714,0.235294,0.25,0.333333,0.888889,0.272727,0,0.285714,0.333333,0.285714,0.363636,0.333333,0.333333,0.6
str-3,0.55,0,0.5,0.4,0.442308,0.435898,0.514286,0.564706,0.527778,0.444445,0,0.602273,0,0.5,0.461538,0.5,0.428571,0.428571,0.5,0
