V3,C1_WGSerr_r0,C10_WGSerr_r0,C11_WGSerr_r0,C12_WGSerr_r0,C13_WGSerr_r0,C14_WGSerr_r0,C15_WGSerr_r0,C16_WGSerr_r0,C17_WGSerr_r0,C18_WGSerr_r0,C19_WGSerr_r0,C2_WGSerr_r0,C20_WGSerr_r0,C3_WGSerr_r0,C4_WGSerr_r0,C5_WGSerr_r0,C6_WGSerr_r0,C7_WGSerr_r0,C8_WGSerr_r0,C9_WGSerr_r0
str-1,0.2,0.230769,0.110345,0.222222,0.176471,0.142857,0.1,0.153846,0.133333,0.116667,0.117647,0.222223,0.133333,0.134615,0.2,0.214286,0.1,0.2,0.15873,0.205129
str-2,0.333333,0.333333,0.2,0.35,0.272727,0.214286,0.2,0.222222,0.2,0.216667,0.222222,0.333333,0.2,0.215385,0.285714,0.319047,0.2,0.261538,0.285714,0.333333
str-3,0.466667,0.435898,0.264655,0.427778,0.550802,0.285714,0.3,0.277778,0.277778,0.283334,0.660131,0.444444,0.266667,0.25,0.514286,0.466667,0.3,0.538462,0.555556,0.461538
str-4,0,0,0.425,0,0,0.357143,0.4,0.346154,0.388889,0.383333,0,0,0.4,0.4,0,0,0.4,0,0,0
