V3,C1_WGSerr_r0,C10_WGSerr_r0,C11_WGSerr_r0,C12_WGSerr_r0,C13_WGSerr_r0,C14_WGSerr_r0,C15_WGSerr_r0,C16_WGSerr_r0,C17_WGSerr_r0,C18_WGSerr_r0,C19_WGSerr_r0,C2_WGSerr_r0,C20_WGSerr_r0,C3_WGSerr_r0,C4_WGSerr_r0,C5_WGSerr_r0,C6_WGSerr_r0,C7_WGSerr_r0,C8_WGSerr_r0,C9_WGSerr_r0
str-1,0.09375,0.428571,0.4,0.363636,0.297297,0.192308,0.176471,0.190476,0.162791,0.133333,0.085106,0.15,1,0.152174,0.243902,0.225806,0.109744,0.114113,0.221839,0.107143
str-2,0.90625,0.571429,0.6,0.636364,0.702703,0.311111,0.25,0.809524,0.837209,0.866667,0.914894,0.85,0,0.228571,0.756098,0.333333,0.22389,0.210887,0.344828,0.392857
str-3,0,0,0,0,0,0.496581,0.573529,0,0,0,0,0,0,0.619255,0,0.440861,0.25611,0.305242,0.433333,0.5
str-4,0,0,0,0,0,0,0,0,0,0,0,0,0,0,0,0,0.410256,0.369758,0,0
