V3,C1_WGSerr_r0,C10_WGSerr_r0,C11_WGSerr_r0,C12_WGSerr_r0,C13_WGSerr_r0,C14_WGSerr_r0,C15_WGSerr_r0,C16_WGSerr_r0,C17_WGSerr_r0,C18_WGSerr_r0,C19_WGSerr_r0,C2_WGSerr_r0,C20_WGSerr_r0,C3_WGSerr_r0,C4_WGSerr_r0,C5_WGSerr_r0,C6_WGSerr_r0,C7_WGSerr_r0,C8_WGSerr_r0,C9_WGSerr_r0
str-1,0.137931,0.102564,0.396226,0.083451,0.25,0.22,0.24,0.194444,0.150685,0.127273,0.092308,0.179487,0.083333,0.166667,0.100581,0.315789,0.25,0.212121,0.421053,0.404255
str-2,0.25,0.210827,0.603774,0.23913,0.350649,0.333333,0.76,0.805556,0.849315,0.872727,0.907692,0.820513,0.916667,0.25,0.225,0.684211,0.336207,0.347879,0.578947,0.595745
str-3,0.612069,0.307692,0,0.302419,0.399351,0.446667,0,0,0,0,0,0,0,0.583333,0.261905,0,0.413793,0.44,0,0
str-4,0,0.378917,0,0.375,0,0,0,0,0,0,0,0,0,0,0.412514,0,0,0,0,0
