V3,C1_WGSerr_r0,C10_WGSerr_r0,C11_WGSerr_r0,C12_WGSerr_r0,C13_WGSerr_r0,C14_WGSerr_r0,C15_WGSerr_r0,C16_WGSerr_r0,C17_WGSerr_r0,C18_WGSerr_r0,C19_WGSerr_r0,C2_WGSerr_r0,C20_WGSerr_r0,C3_WGSerr_r0,C4_WGSerr_r0,C5_WGSerr_r0,C6_WGSerr_r0,C7_WGSerr_r0,C8_WGSerr_r0,C9_WGSerr_r0
str-1,0.090909,0.416667,0.166667,0.166667,0.107143,0.2,0.166667,0.15,0.2,0.166667,0.142857,0.15,1,0.15,0.166667,0.208333,0.3,0.166667,0.166667,0.4
str-2,0.25,0.583333,0.333333,0.333333,0.22619,0.3,0.266667,0.25,0.8,0.833333,0.857143,0.266667,0,0.25,0.272727,0.291667,0.7,0.333333,0.333333,0.6
str-3,0.659091,0,0.5,0.5,0.273809,0.5,0.566666,0.6,0,0,0,0.583333,0,0.6,0.560606,0.5,0,0.5,0.5,0
str-4,0,0,0,0,0.392858,0,0,0,0,0,0,0,0,0,0,0,0,0,0,0
