V3,C1_WGSerr_r0,C10_WGSerr_r0,C11_WGSerr_r0,C12_WGSerr_r0,C13_WGSerr_r0,C14_WGSerr_r0,C15_WGSerr_r0,C16_WGSerr_r0,C17_WGSerr_r0,C18_WGSerr_r0,C19_WGSerr_r0,C2_WGSerr_r0,C20_WGSerr_r0,C3_WGSerr_r0,C4_WGSerr_r0,C5_WGSerr_r0,C6_WGSerr_r0,C7_WGSerr_r0,C8_WGSerr_r0,C9_WGSerr_r0
str-1,0.125,0.133333,0.142857,0.115385,0.166667,0.125,0.153846,0.108975,0.116667,0.133333,0.108333,0.136363,0.153846,0.133333,0.142857,0.125,0.126786,0.152778,0.108271,0.142857
str-2,0.214286,0.2,0.214286,0.2,0.227273,0.182692,0.222222,0.214286,0.216667,0.2,0.2,0.227273,0.222222,0.2,0.2,0.2,0.1875,0.222222,0.2,0.214286
str-3,0.285714,0.255556,0.285714,0.3,0.272727,0.271255,0.277778,0.307692,0.283334,0.282052,0.291667,0.272727,0.277778,0.25,0.27381,0.3,0.285714,0.263889,0.263158,0.285714
str-4,0.375,0.411111,0.357143,0.384615,0.333333,0.421053,0.346154,0.369047,0.383333,0.384615,0.4,0.363637,0.346154,0.416667,0.383333,0.375,0.4,0.361111,0.428571,0.357143
