C10_WGSerr_r0,C11_WGSerr_r0,C12_WGSerr_r0,C13_WGSerr_r0,C14_WGSerr_r0,C15_WGSerr_r0,C16_WGSerr_r0,C17_WGSerr_r0,C18_WGSerr_r0,C19_WGSerr_r0,C1_WGSerr_r0,C20_WGSerr_r0,C2_WGSerr_r0,C3_WGSerr_r0,C4_WGSerr_r0,C5_WGSerr_r0,C6_WGSerr_r0,C7_WGSerr_r0,C8_WGSerr_r0,C9_WGSerr_r0
bench_rank1,0.5,0.55,0.6,0.65,0.7,0.75,0.8,0.85,0.9,0.95,0.95,1,0.9,0.85,0.8,0.75,0.7,0.65,0.6,0.55
bench_rank2,0.5,0.45,0.4,0.35,0.3,0.25,0.2,0.15,0.1,0.05,0.05,0,0.1,0.15,0.2,0.25,0.3,0.35,0.4,0.45
bench_rank3,0,0,0,0,0,0,0,0,0,0,0,0,0,0,0,0,0,0,0,0
predict_rank1,0.5147644082842,0.534586706678451,0.588120532462437,0.64037563523753,0.692556410827199,0.745288268753391,0.802471589708937,0.856881571608164,0.917027382298246,0.978331481747425,1,1,0.949314892974211,0.889027904126567,0.836650611067754,0.779557782179677,0.723085393989034,0.674617879035731,0.625306332572918,0.567818526306749
predict_rank2,0.4852355917158,0.465413293321549,0.411879467537562,0.35962436476247,0.307443589172801,0.254711731246609,0.197528410291063,0.143118428391836,0.0829726177017539,0.0216685182525753,0,0,0.0506851070257888,0.110972095873433,0.163349388932246,0.220442217820323,0.276914606010966,0.325382120964269,0.374693667427082,0.432181473693251
predict_rank3,0,0,9.99200722162641e-16,0,0,0,0,0,1.11022302462516e-16,-2.22044604925031e-16,0,0,2.22044604925031e-16,0,0,0,0,0,0,0
