C10_WGSerr_r0,C11_WGSerr_r0,C12_WGSerr_r0,C13_WGSerr_r0,C14_WGSerr_r0,C15_WGSerr_r0,C16_WGSerr_r0,C17_WGSerr_r0,C18_WGSerr_r0,C19_WGSerr_r0,C1_WGSerr_r0,C20_WGSerr_r0,C2_WGSerr_r0,C3_WGSerr_r0,C4_WGSerr_r0,C5_WGSerr_r0,C6_WGSerr_r0,C7_WGSerr_r0,C8_WGSerr_r0,C9_WGSerr_r0
bench_rank1,0.5,0.55,0.6,0.65,0.7,0.75,0.8,0.85,0.9,0.95,0.95,1,0.9,0.85,0.8,0.75,0.7,0.65,0.6,0.55
bench_rank2,0.5,0.45,0.4,0.35,0.3,0.25,0.2,0.15,0.1,0.05,0.05,0,0.1,0.15,0.2,0.25,0.3,0.35,0.4,0.45
bench_rank3,0,0,0,0,0,0,0,0,0,0,0,0,0,0,0,0,0,0,0,0
predict_rank1,0.514424594829569,0.534955411638879,0.588468882218966,0.640701902022788,0.692916709350967,0.745602283410839,0.802721004758041,0.857099192331503,0.917176545421582,0.978432026903866,1,1,0.949177880812707,0.888939032160021,0.836510008547395,0.779394311307119,0.722886276332191,0.674361616159835,0.625011522022512,0.5674858586855
predict_rank2,0.485575405170431,0.465044588361121,0.411531117781034,0.359298097977212,0.307083290649033,0.254397716589161,0.19727899524196,0.142900807668497,0.0828234545784182,0.0215679730961341,0,0,0.0508221191872928,0.111060967839979,0.163489991452605,0.220605688692881,0.277113723667809,0.325638383840165,0.374988477977488,0.4325141413145
predict_rank3,0,0,0,0,0,0,-8.88178419700125e-16,0,-2.22044604925031e-16,0,0,0,1.11022302462516e-16,0,0,0,0,0,0,0
