C10_WGSerr_r0,C11_WGSerr_r0,C12_WGSerr_r0,C13_WGSerr_r0,C14_WGSerr_r0,C15_WGSerr_r0,C16_WGSerr_r0,C17_WGSerr_r0,C18_WGSerr_r0,C19_WGSerr_r0,C1_WGSerr_r0,C20_WGSerr_r0,C2_WGSerr_r0,C3_WGSerr_r0,C4_WGSerr_r0,C5_WGSerr_r0,C6_WGSerr_r0,C7_WGSerr_r0,C8_WGSerr_r0,C9_WGSerr_r0
sorted_JSD,0.000104059731375454,0.000113997009645467,6.89336504893249e-05,4.72185726867222e-05,2.96670342565327e-05,1.28185682815216e-05,5.81403760826322e-06,5.04016840245575e-05,0.000444626539734788,0.00300802890800007,0.0176492274645948,0,0.00441004551822759,0.00167544123148573,0.00112198960226091,0.000600540710983847,0.000318988566747216,0.000331689645438539,0.000329513121761869,0.000155025779460287
