C10_WGSerr_r0,C11_WGSerr_r0,C12_WGSerr_r0,C13_WGSerr_r0,C14_WGSerr_r0,C15_WGSerr_r0,C16_WGSerr_r0,C17_WGSerr_r0,C18_WGSerr_r0,C19_WGSerr_r0,C1_WGSerr_r0,C20_WGSerr_r0,C2_WGSerr_r0,C3_WGSerr_r0,C4_WGSerr_r0,C5_WGSerr_r0,C6_WGSerr_r0,C7_WGSerr_r0,C8_WGSerr_r0,C9_WGSerr_r0
Rank1,-0.014424594829569,0.015044588361121,0.011531117781034,0.00929809797721204,0.0070832906490329,0.00439771658916099,-0.00272100475804093,-0.00709919233150302,-0.017176545421582,-0.028432026903866,-0.05,0,-0.049177880812707,-0.038939032160021,-0.0365100085473949,-0.029394311307119,-0.0228862763321911,-0.024361616159835,-0.025011522022512,-0.0174858586855
Rank2,0.014424594829569,-0.015044588361121,-0.011531117781034,-0.00929809797721204,-0.00708329064903301,-0.00439771658916099,0.00272100475804002,0.007099192331503,0.0171765454215818,0.0284320269038659,0.05,0,0.0491778808127072,0.038939032160021,0.036510008547395,0.029394311307119,0.022886276332191,0.024361616159835,0.025011522022512,0.0174858586855
