C10_WGSerr_r0,C11_WGSerr_r0,C12_WGSerr_r0,C13_WGSerr_r0,C14_WGSerr_r0,C15_WGSerr_r0,C16_WGSerr_r0,C17_WGSerr_r0,C18_WGSerr_r0,C19_WGSerr_r0,C1_WGSerr_r0,C20_WGSerr_r0,C2_WGSerr_r0,C3_WGSerr_r0,C4_WGSerr_r0,C5_WGSerr_r0,C6_WGSerr_r0,C7_WGSerr_r0,C8_WGSerr_r0,C9_WGSerr_r0
sorted_JSD,0.0188448677081224,0.0273988995839626,0.0365606958526885,0.0261538506525455,0.00336207163195103,0.038385365161226,0.00730553518890119,0.0171901845379726,0.0141421959774374,0.037431186682155,0.0184348937015865,0.0319677863511763,0.0327306576879372,0.00583174493805761,0.0396706645037337,0.000835636847211803,0.00962183091815626,0.0127414798699899,0.0754127797763832,0.0678848880698188
