C1_WGSerr_r0,C2_WGSerr_r0,C3_WGSerr_r0,C4_WGSerr_r0,C5_WGSerr_r0,C6_WGSerr_r0,C7_WGSerr_r0,C8_WGSerr_r0,C9_WGSerr_r0,C10_WGSerr_r0,C11_WGSerr_r0,C12_WGSerr_r0,C13_WGSerr_r0,C14_WGSerr_r0,C15_WGSerr_r0,C16_WGSerr_r0,C17_WGSerr_r0,C18_WGSerr_r0,C19_WGSerr_r0,C20_WGSerr_r0,C1_WGSerr_r1,C2_WGSerr_r1,C3_WGSerr_r1,C4_WGSerr_r1,C5_WGSerr_r1,C6_WGSerr_r1,C7_WGSerr_r1,C8_WGSerr_r1,C9_WGSerr_r1,C10_WGSerr_r1,C11_WGSerr_r1,C12_WGSerr_r1,C13_WGSerr_r1,C14_WGSerr_r1,C15_WGSerr_r1,C16_WGSerr_r1,C17_WGSerr_r1,C18_WGSerr_r1,C19_WGSerr_r1,C20_WGSerr_r1,C1_WGSerr_r2,C2_WGSerr_r2,C3_WGSerr_r2,C4_WGSerr_r2,C5_WGSerr_r2,C6_WGSerr_r2,C7_WGSerr_r2,C8_WGSerr_r2,C9_WGSerr_r2,C10_WGSerr_r2,C11_WGSerr_r2,C12_WGSerr_r2,C13_WGSerr_r2,C14_WGSerr_r2,C15_WGSerr_r2,C16_WGSerr_r2,C17_WGSerr_r2,C18_WGSerr_r2,C19_WGSerr_r2,C20_WGSerr_r2
Rank1,-0.128422841399285,-0.178270109426836,-0.053277621928597,-0.136007859131784,-0.019311789135978,-0.100944980793194,-0.147804735181515,-0.179295936151783,-0.227211476583033,-0.01179260454317,-0.014924718147749,-0.034422569790731,-0.144210812095368,-0.065672876929574,-0.098161924008372,-0.028507352144553,-0.048494689263859,-0.103579639280559,-0.12128802191168,-0.175224511476547,0,0,0,0,0,0,0,0,0,0,0,0,0,0,0,0,0,0,0,0,0,0,0,0,0,0,0,0,0,0,0,0,0,0,0,0,0,0,0,0
Rank2,-0.018879125582229,0.02188899510417,-0.035301738183048,0.019637578831533,-0.015960845920024,-0.00955485203374501,0.042780377369482,-0.020704063848217,0.025457980773121,-0.058313153144205,-0.107699330220288,-0.00836724970598002,0.030750906102159,0.00321478245824397,-0.030020911936577,-0.064419051326444,-0.070481844107834,0.000779092507092016,0.0212880219116801,0.044261812873402,0,0,0,0,0,0,0,0,0,0,0,0,0,0,0,0,0,0,0,0,0,0,0,0,0,0,0,0,0,0,0,0,0,0,0,0,0,0,0,0
Rank3,0.083697121592016,0.033369534373098,0.029499708173831,0.024100157187744,0.00660244003827401,0.040198130754022,0.062062790903787,0.1,0.05932084952398,0.020105757687376,0.0726240483680368,-0.057210180503289,0.0634599059932089,0.023793657029455,0.02818283594495,0.024987122722455,0.01533218435427,0.011802068276056,0.05,0.0809626986031447,0,0,0,0,0,0,0,0,0,0,0,0,0,0,0,0,0,0,0,0,0,0,0,0,0,0,0,0,0,0,0,0,0,0,0,0,0,0,0,0
Rank4,0.0636048453894987,0.123011579949568,0.0590796519378146,0.1,0.028670195017727,0.0703017020729158,0.0429615669082469,0.1,0.15,0.05,0.05,0.1,0.05,0.038664437441874,0.1,0.0679392807485409,0.103644349017423,0.0909984784974103,0.05,0.05,0,0,0,0,0,0,0,0,0,0,0,0,0,0,0,0,0,0,0,0,0,0,0,0,0,0,0,0,0,0,0,0,0,0,0,0,0,0,0,0
