C10_WGSerr_r0,C11_WGSerr_r0,C12_WGSerr_r0,C13_WGSerr_r0,C14_WGSerr_r0,C15_WGSerr_r0,C16_WGSerr_r0,C17_WGSerr_r0,C18_WGSerr_r0,C19_WGSerr_r0,C1_WGSerr_r0,C20_WGSerr_r0,C2_WGSerr_r0,C3_WGSerr_r0,C4_WGSerr_r0,C5_WGSerr_r0,C6_WGSerr_r0,C7_WGSerr_r0,C8_WGSerr_r0,C9_WGSerr_r0
sorted_JSD,0.018591454825827,0.027137412363927,0.0363971868151929,0.0263982495907686,0.00331191436147711,0.0383988937501844,0.00770216435558176,0.0170378166331949,0.0127605338224609,0.0378521173098891,0.0166600543481177,0.0318269188771496,0.0310501891097941,0.0056450489155471,0.0397763538975885,0.000842037691443749,0.00996418244125809,0.0134540549233973,0.0754644161540342,0.0494158393763558
