C10_WGSerr_r0,C11_WGSerr_r0,C12_WGSerr_r0,C13_WGSerr_r0,C14_WGSerr_r0,C15_WGSerr_r0,C16_WGSerr_r0,C17_WGSerr_r0,C18_WGSerr_r0,C19_WGSerr_r0,C1_WGSerr_r0,C20_WGSerr_r0,C2_WGSerr_r0,C3_WGSerr_r0,C4_WGSerr_r0,C5_WGSerr_r0,C6_WGSerr_r0,C7_WGSerr_r0,C8_WGSerr_r0,C9_WGSerr_r0
Rank1,-0.01024720835145,-0.0200569820162571,-0.033516572472298,-0.146885196059248,-0.065450856071824,-0.099351144488039,-0.024414184983203,-0.041668696396682,-0.094877713570069,-0.125287293454507,-0.120555960995789,-0.175403654188189,-0.168245485782793,-0.052696087580421,-0.138740438414667,-0.019899747836993,-0.104598955335141,-0.151107628764925,-0.180654503472244,-0.213797316354451
Rank2,-0.054443828005296,-0.10276401607729,-0.013173377097059,0.033564009149285,0.00373954526696496,-0.02849294007403,-0.067196777053815,-0.076818910949693,-0.00312498296074704,0.0252872934545065,-0.022349965446613,0.04545973111834,0.015143844545321,-0.035452592268628,0.020333494202376,-0.016742742046469,-0.00587962602636899,0.042725389278253,-0.019345496527756,0.019312243262179
Rank3,0.014691036356746,0.0728209980935469,-0.053310050430644,0.0633211869099623,0.023305479634895,0.027844084562068,0.021080966615198,0.015612994729655,0.00983858347889999,0.05,0.083555753347341,0.0799439230698487,0.031158272785001,0.030923317637095,0.023924818147687,0.00887540892938002,0.038331737427119,0.0657147683890726,0.1,0.0554949236372853
Rank4,0.05,0.05,0.1,0.05,0.038405831169963,0.1,0.0705299954218202,0.10287461261672,0.0881641130519161,0.05,0.0593501730950607,0.05,0.121943368452471,0.0572253622119538,0.1,0.027767080954082,0.0721468439343915,0.0426674710975991,0.1,0.138990149454987
