C1_WGSerr_r0,C18_WGSerr_r0,C19_WGSerr_r0,C2_WGSerr_r0,C20_WGSerr_r0,C3_WGSerr_r0,C4_WGSerr_r0,C5_WGSerr_r0,C6_WGSerr_r0,C7_WGSerr_r0,C8_WGSerr_r0,C10_WGSerr_r0,C9_WGSerr_r0,C11_WGSerr_r0,C12_WGSerr_r0,C13_WGSerr_r0,C14_WGSerr_r0,C15_WGSerr_r0,C16_WGSerr_r0,C17_WGSerr_r0
Rank1,0.0291539999999999,0.014774,0.00855799999999995,0.0304140000000001,0.00207499999999994,0.0280659999999999,0.011563,0.00762099999999999,0.00452699999999995,-0.00125500000000001,0.000611000000000028,-0.007969,0.00241200000000008,0.038139,0.042304,0.034846,0.032682,0.022156,0.02686,0.013453
Rank2,0.0161,-0.00486099999999999,-0.002377,0.020467,0,0.02046,0.02155,0.028031,0.034439,0.0318639999999999,0.036902,0.03949,0.03276,-0.001133,-0.0156019999999999,-0.014478,-0.00988800000000001,-0.012332,-0.014096,-0.000574999999999992
