C1_WGSerr_r0,C18_WGSerr_r0,C19_WGSerr_r0,C2_WGSerr_r0,C20_WGSerr_r0,C3_WGSerr_r0,C4_WGSerr_r0,C5_WGSerr_r0,C6_WGSerr_r0,C7_WGSerr_r0,C8_WGSerr_r0,C10_WGSerr_r0,C9_WGSerr_r0,C11_WGSerr_r0,C12_WGSerr_r0,C13_WGSerr_r0,C14_WGSerr_r0,C15_WGSerr_r0,C16_WGSerr_r0,C17_WGSerr_r0
sorted_JSD,0.102848782494971,0.00769612073340858,0.00615720466523629,0.0943359866295541,0,0.10563952177054,0.103584008150485,0.101539662039774,0.0872759487714635,0.0925301933840946,0.075516270222377,0.0730483807712991,0.0691464108461031,0.053896621326527,0.0523764559549166,0.039394974450875,0.0305875889943718,0.0287489541342995,0.0208204458159349,0.0137706356134153
