C1_WGSerr_r0,C18_WGSerr_r0,C19_WGSerr_r0,C2_WGSerr_r0,C20_WGSerr_r0,C3_WGSerr_r0,C4_WGSerr_r0,C5_WGSerr_r0,C6_WGSerr_r0,C7_WGSerr_r0,C8_WGSerr_r0,C10_WGSerr_r0,C9_WGSerr_r0,C11_WGSerr_r0,C12_WGSerr_r0,C13_WGSerr_r0,C14_WGSerr_r0,C15_WGSerr_r0,C16_WGSerr_r0,C17_WGSerr_r0
bench_rank1,0.95,0.9,0.95,0.9,1,0.85,0.8,0.75,0.7,0.65,0.6,0.5,0.55,0.55,0.6,0.65,0.7,0.75,0.8,0.85
bench_rank2,0.05,0.1,0.05,0.1,0,0.15,0.2,0.25,0.3,0.35,0.4,0.5,0.45,0.45,0.4,0.35,0.3,0.25,0.2,0.15
bench_rank3,0,0,0,0,0,0,0,0,0,0,0,0,0,0,0,0,0,0,0,0
predict_rank1,0.920846,0.885226,0.941442,0.869586,0.997925,0.821934,0.788437,0.742379,0.695473,0.651255,0.599389,0.507969,0.547588,0.511861,0.557696,0.615154,0.667318,0.727844,0.77314,0.836547
predict_rank2,0.0339,0.104861,0.052377,0.079533,0,0.12954,0.17845,0.221969,0.265561,0.318136,0.363098,0.46051,0.41724,0.451133,0.415602,0.364478,0.309888,0.262332,0.214096,0.150575
predict_rank3,0.0452539999999999,0.00991299999999995,0.00618099999999999,0.0508810000000001,0.00207499999999994,0.048526,0.0331129999999999,0.035652,0.0389660000000001,0.0306089999999999,0.037513,0.031521,0.035172,0.037006,0.026702,0.0203679999999999,0.022794,0.00982399999999994,0.012764,0.0128780000000001
