C1_WGSerr_r0,C18_WGSerr_r0,C19_WGSerr_r0,C2_WGSerr_r0,C20_WGSerr_r0,C3_WGSerr_r0,C4_WGSerr_r0,C5_WGSerr_r0,C6_WGSerr_r0,C7_WGSerr_r0,C8_WGSerr_r0,C10_WGSerr_r0,C9_WGSerr_r0,C11_WGSerr_r0,C12_WGSerr_r0,C13_WGSerr_r0,C14_WGSerr_r0,C15_WGSerr_r0,C16_WGSerr_r0,C17_WGSerr_r0
UnW_D,0.157440497323005,0,0,0.157440497323005,0,0.157440497323005,0.157440497323005,0.157440497323005,0.122838445303553,0.122838445303553,0.122838445303553,0.122838445303553,0.122838445303553,0.122838445303553,0.119311755769234,0,0,0,0,0
Weight_D,0.00614059156097016,0.00141783662858401,0.000648305590214112,0.00695339141240054,0,0.00672235069311779,0.00560465114849576,0.00719234110642872,0.00726065563641534,0.00712516575276392,0.00710288546371763,0.00862840481986396,0.00645233646380145,0.00645770027161104,0.00866986968824524,0.00529054555275014,0.00410567085554273,0.00358236650364566,0.00404515271207077,0.000609122299637021
Bray_D,0.046356,0.00986640282560508,0.0054844496917724,0.0505705365654569,0.00103857752418131,0.047952867626311,0.031396634836931,0.035425807351824,0.0311312427948606,0.0282900508068676,0.0277511352737158,0.035627204768701,0.0282389709381583,0.0275922657139333,0.0369968898600185,0.0249157419156692,0.0215303817609293,0.0173291206405865,0.0206095300205914,0.00705945583612885
JC_D,0.5,0,0,0.5,0,0.5,0.5,0.5,0.333333333333333,0.333333333333333,0.333333333333333,0.333333333333333,0.333333333333333,0.333333333333333,0.333333333333333,0,0,0,0,0
JSD,0.0170793562002715,4.72940727649072e-05,1.87462195196675e-05,0.0181259874611505,0,0.0168986800000364,0.0105849731162133,0.012621342842914,0.00843469246174873,0.00845040245145479,0.00647506284703328,0.00858157601936997,0.00756059726256198,0.00562633398100247,0.00589942233143179,0.000263629023348745,0.000171664923272566,0.000145852368248158,0.000215514643280395,6.27849814287642e-06
