C1_WGSerr_r0,C18_WGSerr_r0,C19_WGSerr_r0,C2_WGSerr_r0,C20_WGSerr_r0,C3_WGSerr_r0,C4_WGSerr_r0,C5_WGSerr_r0,C6_WGSerr_r0,C7_WGSerr_r0,C8_WGSerr_r0,C10_WGSerr_r0,C9_WGSerr_r0,C11_WGSerr_r0,C12_WGSerr_r0,C13_WGSerr_r0,C14_WGSerr_r0,C15_WGSerr_r0,C16_WGSerr_r0,C17_WGSerr_r0
UnW_D,0.049551915135454,0.123659998180383,0,0,0,0,0.0468902203329198,0.123659998180383,0.0683690700212774,0,0,0.0210544029700165,0,0.0509619818312895,0.0509619818312895,0.0311873788971782,0.0856130342676322,0,0.0210544029700165,0.0311873788971782
Weight_D,0.0102744715646915,0.0175193921478396,0.0169687753990029,0.0130998889238181,0.0140646012283769,0.0170418189297947,0.0151789150667763,0.0122574160597941,0.0100886336607971,0.011528728685771,0.0148541856104689,0.0161184231555006,0.0150072982190329,0.0145536914978494,0.0107848358320455,0.0116812116161351,0.0107301242450636,0.017315666869285,0.0132427035678175,0.0156732852162491
Bray_D,0.0977306579679386,0.0999207849269723,0.158946759514256,0.0740234571447236,0.0921252666680475,0.109507792933579,0.118670286235239,0.0954361169229166,0.0619382456270834,0.0841299413592847,0.0784682361822327,0.100907909678826,0.102643433113039,0.1054610679102,0.106857774942974,0.0788168837442539,0.103687907715441,0.122285043360929,0.0969732740823252,0.106139638401538
JC_D,0.2,0.125,0,0,0,0,0.2,0.125,0.111111111111111,0,0,0.111111111111111,0,0.2,0.2,0.111111111111111,0.222222222222222,0,0.111111111111111,0.111111111111111
JSD,0.0157836305884049,0.0232976918386272,0.0145277120006011,0.00560312848832882,0.00760857323452408,0.00795843463760872,0.0204785476290705,0.0224649779844342,0.00853253434261527,0.0040634576428581,0.00856087580681048,0.00999010707622974,0.00802079024697328,0.0155420917929193,0.0272715639152124,0.0078706156991572,0.0265567698943629,0.0112213480929427,0.0111381721254047,0.0145041948498146
