C1_WGSerr_r0,C18_WGSerr_r0,C19_WGSerr_r0,C2_WGSerr_r0,C20_WGSerr_r0,C3_WGSerr_r0,C4_WGSerr_r0,C5_WGSerr_r0,C6_WGSerr_r0,C7_WGSerr_r0,C8_WGSerr_r0,C10_WGSerr_r0,C9_WGSerr_r0,C11_WGSerr_r0,C12_WGSerr_r0,C13_WGSerr_r0,C14_WGSerr_r0,C15_WGSerr_r0,C16_WGSerr_r0,C17_WGSerr_r0
sorted_JSD,0.0597573714786362,0.0329803121925942,0.0549900387326247,0.066914069606944,0.0371078715002395,0.0298173481521472,0.0599169076041808,0.0303679550204961,0.0769643258149718,0.0669036693188693,0.0276601981537153,0.0328575601247564,0.0645028959293815,0.0423878901166147,0.0684093470984526,0.0417900796683953,0.0398703381680797,0.0260013618773152,0.0546535864324529,0.0246092781843636
