C1_WGSerr_r0,C18_WGSerr_r0,C19_WGSerr_r0,C2_WGSerr_r0,C20_WGSerr_r0,C3_WGSerr_r0,C4_WGSerr_r0,C5_WGSerr_r0,C6_WGSerr_r0,C7_WGSerr_r0,C8_WGSerr_r0,C10_WGSerr_r0,C9_WGSerr_r0,C11_WGSerr_r0,C12_WGSerr_r0,C13_WGSerr_r0,C14_WGSerr_r0,C15_WGSerr_r0,C16_WGSerr_r0,C17_WGSerr_r0
Rank1,0.036096,-0.019927,0.135078,-0.00281299999999998,0.021961,0.039321,-0.058101,-0.052284,0.011984,0.053009,-0.013754,0.013033,0.026343,-0.021101,-0.030372,-0.007797,-0.048331,0.08285,-0.012851,0.024387
Rank2,0.022923,-0.037215,-0.079033,-0.016548,-0.00594900000000001,0.021911,0.086219,0.000978000000000007,-0.00417100000000001,-0.00590600000000002,0.001414,0.032073,0.032659,0.060596,0.00126699999999999,0.01025,0.00550399999999998,-0.010025,-0.035841,-0.020413
Rank3,-0.017128,-0.00647700000000001,-0.019506,-0.00765700000000002,-0.00454800000000002,0.028979,0.000261999999999998,0.034671,-0.002747,0.024814,-0.02418,-0.011264,-0.00150600000000001,-0.021198,0.004133,0.025815,0.030371,0.020848,0.002357,0.030374
Rank4,-0.012508,0.050233,0.029622,0.049061,0.00417300000000001,-0.019733,0.021494,-0.004802,-0.006135,-0.019706,0.039321,0.021628,0.022166,-0.012573,0.036762,0.030139,-0.012471,-0.02778,0.034015,-0.016846
Rank5,-0.002066,0.007497,-0.00919199999999999,0.01014,-0.02059,-0.010639,-0.00476699999999999,-0.00011499999999999,0.018671,-0.011332,0.018444,-0.00449099999999999,-0.008172,0.00401800000000001,0.00264900000000001,-0.010599,0.00382300000000001,-0.023154,0.038164,0.00608900000000001
Rank6,0.014355,-0.008322,-0.008187,0.014977,0.00443900000000001,-0.010001,0.001125,0.00321300000000001,0.046257,0.032635,0.002604,0.011201,-0.018207,0.020582,0.020525,-0.00519399999999999,0.010725,-0.014053,0.010729,0.010223
Rank7,0.02688,0.015087,-0.002866,0.031874,0.048486,0.000900999999999999,0.001362,0.01016,-0.002655,-0.008262,0.003368,-0.00372599999999999,-0.008932,0.038057,0.042115,-0.007549,0.025104,-0.011899,0.001508,0.001431
Rank8,0.00114300000000001,0.05,0.002355,-0.00782799999999999,0.020788,0.016741,0.022388,0.05,0.013899,-0.007759,0.028149,-0.00217899999999999,0.003415,-0.002651,0.002035,0.017159,0.034006,0.03111,0.019361,0.034366
