C10_WGSerr_r0,C11_WGSerr_r0,C12_WGSerr_r0,C13_WGSerr_r0,C14_WGSerr_r0,C15_WGSerr_r0,C16_WGSerr_r0,C17_WGSerr_r0,C18_WGSerr_r0,C19_WGSerr_r0,C1_WGSerr_r0,C20_WGSerr_r0,C2_WGSerr_r0,C3_WGSerr_r0,C4_WGSerr_r0,C5_WGSerr_r0,C6_WGSerr_r0,C7_WGSerr_r0,C8_WGSerr_r0,C9_WGSerr_r0
Rank1,-0.021173212506684,-0.035719288714271,-0.022115908814562,-0.143103845717351,-0.078647051177388,-0.116644225976673,-0.027665470409293,-0.024291940406523,-0.080423046826866,-0.087776588412284,-0.088778237831071,-0.146404588075179,-0.14178857642557,-0.090129130696119,-0.154823425457029,-0.032029450617975,-0.12661659112993,-0.151666108399111,-0.088494907045766,-0.174318651925994
Rank2,-0.030727635053587,-0.089919235520481,-0.035011875739008,0.049454479517806,-0.043584059500109,0.00979686093917198,-0.041558897958186,-0.034300422544144,-0.051621016553079,-0.012223411587716,-0.025342205740997,0.015021354889432,0.033476964383433,0.00798106932350395,-0.025182865884812,0.034735711172327,0.034898502615954,0.010044799161787,-0.081803801153626,0.033886190757253
Rank3,0.00190084756027098,0.0756385242347524,-0.04287221544643,0.043649366199545,0.047708053259921,0.006847365037501,0.040846120298478,-0.030416559628881,0.048751837786077,0.05,0.069987667544377,0.0813832331857466,-0.00919408938761498,0.040682447268761,0.0800062913418409,-0.02717048837121,0.020933641496924,0.0661081235320122,0.0702987081993917,0.00894653991970298
Rank4,0.05,0.05,0.1,0.05,0.0745230574175766,0.1,0.028378248069001,0.0890089225795487,0.0832922255938686,0.05,0.0441327760276913,0.05,0.117505701429753,0.041465614103854,0.1,0.024464227816858,0.0707844470170521,0.0755131857053117,0.1,0.131485921249038
