C1_WGSerr_r0,C18_WGSerr_r0,C19_WGSerr_r0,C2_WGSerr_r0,C20_WGSerr_r0,C3_WGSerr_r0,C4_WGSerr_r0,C5_WGSerr_r0,C6_WGSerr_r0,C7_WGSerr_r0,C8_WGSerr_r0,C10_WGSerr_r0,C9_WGSerr_r0,C11_WGSerr_r0,C12_WGSerr_r0,C13_WGSerr_r0,C14_WGSerr_r0,C15_WGSerr_r0,C16_WGSerr_r0,C17_WGSerr_r0
sorted_JSD,0.0215780226337002,0.0440464382165101,0.0230073962405911,0.0810178510068663,0.0260822563717336,0.0347298531015637,0.0474767556800226,0.041535459117817,0.0286778470584239,0.0319264453214704,0.0624080458074165,0.0790746273480845,0.0409606272077177,0.0564240165637131,0.0618142023320112,0.0199566685709703,0.036052087033004,0.0435729945499287,0.0615665479368984,0.028033130607179
