C1_WGSerr_r0,C18_WGSerr_r0,C19_WGSerr_r0,C2_WGSerr_r0,C20_WGSerr_r0,C3_WGSerr_r0,C4_WGSerr_r0,C5_WGSerr_r0,C6_WGSerr_r0,C7_WGSerr_r0,C8_WGSerr_r0,C10_WGSerr_r0,C9_WGSerr_r0,C11_WGSerr_r0,C12_WGSerr_r0,C13_WGSerr_r0,C14_WGSerr_r0,C15_WGSerr_r0,C16_WGSerr_r0,C17_WGSerr_r0
Rank1,0.01628,-0.063851,-0.070589,0.1566,-0.009884,0.036026,0.097437,-0.066436,-0.025463,-0.021218,0.094234,0.090307,-0.00578300000000004,-0.134864,-0.131577,-0.025691,-0.026871,-0.015298,-0.093767,-0.027195
Rank2,-0.031472,0.029694,0.025405,-0.013363,-0.066023,0.013806,-0.021708,0.048546,-0.023701,-0.02643,0.013559,0.000179000000000012,-0.041006,0.073895,0.123932,0.023326,0.053881,0.019442,0.049594,-0.044403
Rank3,0.048117,0.104069,0.011313,0.00114899999999998,0.080219,-0.03278,-0.064309,0.015579,0.008662,0.069194,-0.013224,-0.039491,0.024146,0.026393,0.013759,0.037879,0.001335,0.049158,0.062461,-0.018639
Rank4,-0.025065,-0.038243,0.025876,-0.034255,-0.0014,-0.011091,-0.007825,0.020168,0.055664,-0.008675,-0.00261800000000001,-0.00608999999999998,-0.037937,0.061536,0.042274,-0.039196,0.011082,-0.00803999999999999,-0.021331,0.095587
Rank5,-0.007422,0.001781,0.047001,-0.023596,0.000433999999999997,0.001945,0.008353,0.00145200000000001,-0.026461,0.028428,-0.014025,0.018277,0.03449,0.031737,0.00138600000000001,0.011688,0.021176,-0.016759,0.015419,0.001829
Rank6,0.05,0.028121,0.001969,0.014356,0.03495,0.046295,0.054453,0.05078,0.03866,-0.004736,0.002971,-0.000531999999999991,0.077717,-0.00754299999999999,0.007867,0.03358,-0.002937,0.024065,0.049468,0.037386
