C1_WGSerr_r0,C18_WGSerr_r0,C19_WGSerr_r0,C2_WGSerr_r0,C20_WGSerr_r0,C3_WGSerr_r0,C4_WGSerr_r0,C5_WGSerr_r0,C6_WGSerr_r0,C7_WGSerr_r0,C8_WGSerr_r0,C10_WGSerr_r0,C9_WGSerr_r0,C11_WGSerr_r0,C12_WGSerr_r0,C13_WGSerr_r0,C14_WGSerr_r0,C15_WGSerr_r0,C16_WGSerr_r0,C17_WGSerr_r0
UnW_D,0.143245247249969,0.0539162779493697,0.0359492609225183,0.0585606680381548,0.0359492609225183,0.0359492609225183,0.0359492609225183,0.0359492609225183,0.0986849621894348,0,0.0784849418977166,0.0359492609225183,0.0775568477819531,0.0539162779493697,0.0583703983265155,0.137584931043049,0.0585606680381548,0.0585606680381548,0.0982795734635875,0.0359492609225183
Weight_D,0.0203884840904427,0.0228766197140309,0.021580646823048,0.0210997293143625,0.027073466216286,0.0247900394304191,0.0289815269581165,0.0247288470141676,0.020641343595527,0.0194435872538811,0.0257066883757337,0.0188698211952589,0.0181181003793675,0.0323023045273177,0.034838206371992,0.0159579176533525,0.0267011138055823,0.018948141041856,0.0277634585271941,0.0252075795802605
Bray_D,0.137096434994117,0.1510870817467,0.141523207007726,0.151193810720921,0.156950777149573,0.148539782559013,0.169319637598745,0.148748837706847,0.152734991044991,0.121976411771806,0.189566839814214,0.120840635843557,0.133076167222037,0.182239929585177,0.179670736870923,0.108891004351373,0.173440987165327,0.129776555677867,0.169163009386976,0.153194738591962
JC_D,0.166666666666667,0.25,0.142857142857143,0.25,0.142857142857143,0.142857142857143,0.142857142857143,0.142857142857143,0.285714285714286,0,0.333333333333333,0.142857142857143,0.25,0.25,0.142857142857143,0.375,0.25,0.25,0.333333333333333,0.142857142857143
JSD,0.0290913931612018,0.024835901699518,0.0198449762995862,0.0295342424638215,0.0234576509349258,0.0194004634194487,0.0220607535326585,0.0217091703851321,0.0335954654648966,0.010553990920092,0.0350476581079174,0.0169867340938588,0.0336347930013117,0.0270658103131592,0.0226379963654032,0.0298425446002749,0.0257582826613342,0.0177059564390529,0.0317884377081156,0.0234582382717572
