C1_WGSerr_r0,C2_WGSerr_r0,C3_WGSerr_r0,C4_WGSerr_r0,C5_WGSerr_r0,C6_WGSerr_r0,C7_WGSerr_r0,C8_WGSerr_r0,C9_WGSerr_r0,C10_WGSerr_r0,C11_WGSerr_r0,C12_WGSerr_r0,C13_WGSerr_r0,C14_WGSerr_r0,C15_WGSerr_r0,C16_WGSerr_r0,C17_WGSerr_r0,C18_WGSerr_r0,C19_WGSerr_r0,C20_WGSerr_r0,C1_WGSerr_r1,C2_WGSerr_r1,C3_WGSerr_r1,C4_WGSerr_r1,C5_WGSerr_r1,C6_WGSerr_r1,C7_WGSerr_r1,C8_WGSerr_r1,C9_WGSerr_r1,C10_WGSerr_r1,C11_WGSerr_r1,C12_WGSerr_r1,C13_WGSerr_r1,C14_WGSerr_r1,C15_WGSerr_r1,C16_WGSerr_r1,C17_WGSerr_r1,C18_WGSerr_r1,C19_WGSerr_r1,C20_WGSerr_r1,C1_WGSerr_r2,C2_WGSerr_r2,C3_WGSerr_r2,C4_WGSerr_r2,C5_WGSerr_r2,C6_WGSerr_r2,C7_WGSerr_r2,C8_WGSerr_r2,C9_WGSerr_r2,C10_WGSerr_r2,C11_WGSerr_r2,C12_WGSerr_r2,C13_WGSerr_r2,C14_WGSerr_r2,C15_WGSerr_r2,C16_WGSerr_r2,C17_WGSerr_r2,C18_WGSerr_r2,C19_WGSerr_r2,C20_WGSerr_r2
Rank1,-0.00689400000000001,0.00492500000000001,-0.034055,-0.016413,-0.028554,-0.04105,-0.025735,0.146345,0.00146200000000002,-0.05095,-0.018641,0.00415699999999997,-0.0199260000000001,-0.01962,-0.045651,-0.03201,0.054009,-0.038913,-0.0322209999999999,0.1179,0,0,0,0,0,0,0,0,0,0,0,0,0,0,0,0,0,0,0,0,0,0,0,0,0,0,0,0,0,0,0,0,0,0,0,0,0,0,0,0
Rank2,0.116927,0.028413,0.129096,-0.00908100000000001,0.069723,0.085175,0.00398100000000001,-0.032433,0.079941,0.00926299999999997,0.02807,0.054662,0.017715,-0.017718,0.120394,0.015265,0.062299,0.00468499999999999,0.060236,-0.035484,0,0,0,0,0,0,0,0,0,0,0,0,0,0,0,0,0,0,0,0,0,0,0,0,0,0,0,0,0,0,0,0,0,0,0,0,0,0,0,0
Rank3,-0.030615,0.033148,-0.017066,0.060544,0.010983,0.00801099999999999,0.014091,-0.017663,-0.014724,0.109843,0.00381499999999999,0.041864,-0.00389900000000001,0.018902,-0.00682000000000002,0.048154,-0.011808,0.088134,0.012257,-0.00494600000000001,0,0,0,0,0,0,0,0,0,0,0,0,0,0,0,0,0,0,0,0,0,0,0,0,0,0,0,0,0,0,0,0,0,0,0,0,0,0,0,0
Rank4,-0.013956,-0.001747,0.00716599999999998,0.030895,0.024844,0.010329,0.055874,5.40000000000124e-05,-0.01362,0.00497,0.024843,-0.004604,0.037084,0.095576,0.010363,0.040374,-0.021919,0.011709,0.018653,0.007308,0,0,0,0,0,0,0,0,0,0,0,0,0,0,0,0,0,0,0,0,0,0,0,0,0,0,0,0,0,0,0,0,0,0,0,0,0,0,0,0
