C1_WGSerr_r0,C18_WGSerr_r0,C19_WGSerr_r0,C2_WGSerr_r0,C20_WGSerr_r0,C3_WGSerr_r0,C4_WGSerr_r0,C5_WGSerr_r0,C6_WGSerr_r0,C7_WGSerr_r0,C8_WGSerr_r0,C10_WGSerr_r0,C9_WGSerr_r0,C11_WGSerr_r0,C12_WGSerr_r0,C13_WGSerr_r0,C14_WGSerr_r0,C15_WGSerr_r0,C16_WGSerr_r0,C17_WGSerr_r0
UnW_D,0.0747470340283696,0.123998391990496,0.187312776115555,0.0747470340283696,0.0747470340283696,0.0747470340283696,0.0461924122059235,0.0747470340283696,0.0461924122059235,0.0461924122059235,0.0997396192587729,0.0747470340283696,0.0313419242977176,0.253861963248772,0.0997396192587729,0.126803620853439,0.0984447743500998,0.0997396192587729,0.0461924122059235,0.144365372093326
Weight_D,0.0168428161810172,0.0118041643331539,0.0120050492009023,0.0109386284311273,0.0143866812147213,0.0126848067401991,0.0103537196296417,0.014200748270391,0.0148468716692445,0.0100630922059518,0.0128946893155997,0.0156425999692907,0.0126088982680749,0.00949336503160794,0.0132163402512609,0.00942198895985694,0.0125161674037814,0.0152340775672017,0.012201221360559,0.015133238266704
Bray_D,0.100167163503841,0.102790054196758,0.109158642089143,0.0907107348860223,0.102150322430333,0.116573515656683,0.0750408619205586,0.120322239634681,0.0992172837160071,0.0563925422675317,0.135092496662622,0.103084132580992,0.0672471974376573,0.0640614543050584,0.128732095588198,0.0530495788272984,0.0962000007144487,0.118801783800826,0.0799313621909781,0.128522728484935
JC_D,0.333333333333333,0.428571428571429,0.5,0.333333333333333,0.333333333333333,0.333333333333333,0.2,0.333333333333333,0.2,0.2,0.428571428571429,0.333333333333333,0.2,0.4,0.428571428571429,0.4,0.333333333333333,0.428571428571429,0.2,0.428571428571429
JSD,0.0165253355658884,0.0212293239596092,0.0470381065064531,0.019611511867861,0.0156190888215442,0.0222034307023368,0.0185693670013674,0.0238619399273925,0.0152283935730593,0.00969123967383827,0.0305546158278832,0.0163100803140643,0.00871184462999439,0.0268936675704634,0.0293352347436537,0.0224206630291101,0.0251201139145291,0.0249659113201902,0.0125540253705033,0.0277166576184081
