C1_WGSerr_r0,C10_WGSerr_r0,C11_WGSerr_r0,C12_WGSerr_r0,C13_WGSerr_r0,C14_WGSerr_r0,C15_WGSerr_r0,C16_WGSerr_r0,C17_WGSerr_r0,C18_WGSerr_r0,C19_WGSerr_r0,C2_WGSerr_r0,C20_WGSerr_r0,C3_WGSerr_r0,C4_WGSerr_r0,C5_WGSerr_r0,C6_WGSerr_r0,C7_WGSerr_r0,C8_WGSerr_r0,C9_WGSerr_r0
sorted_JSD,0.0038577858550364,0.0764255033143905,0.0557146911126282,0.0930364827670043,0.0784355587367591,0.119467293147372,0.100941934270738,0.000700747708756408,0.0688265277451821,0.00485241982613296,0.00907255428248013,0.0767011622691362,0,0.0510869333467684,0.0641085445055368,0.125533990546368,0.138273012221727,0.0404613753635535,0.0457992148144095,0.0602950522994151
