C10_WGSerr_r0,C10_WGSerr_r1,C10_WGSerr_r2,C11_WGSerr_r0,C11_WGSerr_r1,C11_WGSerr_r2,C12_WGSerr_r0,C12_WGSerr_r1,C12_WGSerr_r2,C13_WGSerr_r0,C13_WGSerr_r1,C13_WGSerr_r2,C14_WGSerr_r0,C14_WGSerr_r1,C14_WGSerr_r2,C15_WGSerr_r0,C15_WGSerr_r1,C15_WGSerr_r2,C16_WGSerr_r0,C16_WGSerr_r1,C16_WGSerr_r2,C17_WGSerr_r0,C17_WGSerr_r1,C17_WGSerr_r2,C18_WGSerr_r0,C18_WGSerr_r1,C18_WGSerr_r2,C19_WGSerr_r0,C19_WGSerr_r1,C19_WGSerr_r2,C1_WGSerr_r0,C1_WGSerr_r1,C1_WGSerr_r2,C20_WGSerr_r0,C20_WGSerr_r1,C20_WGSerr_r2,C21_WGSerr_r0,C21_WGSerr_r1,C21_WGSerr_r2,C22_WGSerr_r0,C22_WGSerr_r1,C22_WGSerr_r2,C23_WGSerr_r0,C23_WGSerr_r1,C23_WGSerr_r2,C24_WGSerr_r0,C24_WGSerr_r1,C24_WGSerr_r2,C2_WGSerr_r0,C2_WGSerr_r1,C2_WGSerr_r2,C3_WGSerr_r0,C3_WGSerr_r1,C3_WGSerr_r2,C4_WGSerr_r0,C4_WGSerr_r1,C4_WGSerr_r2,C5_WGSerr_r0,C5_WGSerr_r1,C5_WGSerr_r2,C6_WGSerr_r0,C6_WGSerr_r1,C6_WGSerr_r2,C7_WGSerr_r0,C7_WGSerr_r1,C7_WGSerr_r2,C8_WGSerr_r0,C8_WGSerr_r1,C8_WGSerr_r2,C9_WGSerr_r0,C9_WGSerr_r1,C9_WGSerr_r2
sorted_JSD,0.0214203529947421,0.0213269144513488,0.0215063767844295,0.0185796775632027,0.0186218939341019,0.0186049648585194,0.00436869990132371,0.00436634603723876,0.00429396637467601,0.0179888041400001,0.0179615664875842,0.0180083029234184,0.01879491322701,0.01890376451996,0.0188537477675914,0.0180003935358353,0.0179660507310515,0.0179483849554708,0.00737655017373992,0.00584485419002578,0.0067690539393529,0.017719682389799,0.0177591240060991,0.0177793849785764,0.00139961130488501,0.00122931802103446,0.0010954738706671,0.0190226110558873,0.0190342017619194,0.0190037419994882,0.020008779053159,0.0200712443752791,0.0199801800126309,0.0199475595044209,0.0199988982120595,0.0203065848234666,0.0195029961613445,0.0194995003877205,0.0195279056196983,0.0198361012735717,0.00916298993835599,0.0198301467659693,0.0242152976852588,0.0250149134341017,0.0249251686363095,0.0195693817592196,0.0195809341598695,0.0196069115712891,0.0176762199678328,0.0176885147482795,0.0176873732794277,0.0202672506051438,0.0202975992934735,0.0202591784068339,0.0241043748837951,0.0239337549928735,0.0239119096532984,0.0181740246679882,0.018179156280459,0.0182018756335666,0.0187999141023002,0.0188091196154225,0.0186885925962812,0.0213452043179533,0.0212447086814224,0.0211119985575656,0.0182734765680182,0.0182376810779542,0.0181386654261817,0.0207950062496911,0.0206216355127386,0.0205923652842502
