C1_WGSerr_r0,C10_WGSerr_r0,C11_WGSerr_r0,C12_WGSerr_r0,C13_WGSerr_r0,C14_WGSerr_r0,C15_WGSerr_r0,C16_WGSerr_r0,C17_WGSerr_r0,C18_WGSerr_r0,C19_WGSerr_r0,C2_WGSerr_r0,C20_WGSerr_r0,C3_WGSerr_r0,C4_WGSerr_r0,C5_WGSerr_r0,C6_WGSerr_r0,C7_WGSerr_r0,C8_WGSerr_r0,C9_WGSerr_r0
sorted_JSD,0.0983297058049415,0.10173779225896,0.117689677623177,0.0831200375343131,0.110410472133912,0.0570551015066058,0.0382152918919832,0.121045736573747,0.141642882930815,0.0592068903823404,0.0577490768402243,0.0749947420482923,0.0749301611613866,0.166692532374494,0.0769745192734786,0.145138054446977,0.047963034162005,0.100414908603682,0.0781950405220651,0.0757519697726452
