C10_WGSerr_r0,C11_WGSerr_r0,C12_WGSerr_r0,C13_WGSerr_r0,C14_WGSerr_r0,C15_WGSerr_r0,C16_WGSerr_r0,C17_WGSerr_r0,C18_WGSerr_r0,C19_WGSerr_r0,C1_WGSerr_r0,C20_WGSerr_r0,C2_WGSerr_r0,C3_WGSerr_r0,C4_WGSerr_r0,C5_WGSerr_r0,C6_WGSerr_r0,C7_WGSerr_r0,C8_WGSerr_r0,C9_WGSerr_r0
UnW_D,0.414190931255116,0.208564971275047,0.533543004353536,0.073061208589275,0.398039241667764,0.633819716830826,0.473376292418791,0.225971769115252,0.073061208589275,0.457675390590755,0.354024219320371,0.31221614254543,0.414190931255116,0.073061208589275,0.33787252973302,0.33787252973302,0.913755626569822,0.278687168569344,0.33787252973302,0.073061208589275
Weight_D,0.0656716119606184,0.0872859078090159,0.0986175344207986,0.0266895702388872,0.0652816011074892,0.094746793262233,0.0591315532788614,0.0452447994344909,0.0606049623581812,0.0626725537876806,0.125530494793145,0.0716149927731558,0.0767820890285776,0.0313416153167842,0.0478886067463127,0.0691974074433371,0.10631707483227,0.0545630062849523,0.05672404898771,0.038740189593484
Bray_D,0.401396566545099,0.444896017028681,0.486116012569793,0.141618778467939,0.37551700423182,0.483925312289805,0.313257705900852,0.268804422431705,0.324560407336687,0.399575222774011,0.589863557968048,0.330757409978567,0.474182425210334,0.177375727815642,0.281545164723836,0.373281191921692,0.75,0.345990609395309,0.430266644791199,0.247969516559923
JC_D,0.666666666666667,0.333333333333333,0.666666666666667,0.166666666666667,0.5,0.666666666666667,0.5,0.333333333333333,0.166666666666667,0.666666666666667,0.5,0.5,0.666666666666667,0.166666666666667,0.333333333333333,0.333333333333333,0.833333333333333,0.5,0.333333333333333,0.166666666666667
JSD,0.154663742934797,0.142016954456592,0.172517649569166,0.0282124287928427,0.157275386091061,0.218617391236971,0.134983984181401,0.103921330878853,0.0736890661059964,0.179699331668843,0.255899785533793,0.123992097800441,0.186595440010616,0.0482346745115922,0.0999950359988335,0.134172237586363,0.380395665848578,0.126911592912052,0.173383457719247,0.0565648895670933
