C1_WGSerr_r0,C2_WGSerr_r0,C3_WGSerr_r0,C4_WGSerr_r0,C5_WGSerr_r0,C6_WGSerr_r0,C7_WGSerr_r0,C8_WGSerr_r0,C9_WGSerr_r0,C10_WGSerr_r0,C11_WGSerr_r0,C12_WGSerr_r0,C13_WGSerr_r0,C14_WGSerr_r0,C15_WGSerr_r0,C16_WGSerr_r0,C17_WGSerr_r0,C18_WGSerr_r0,C19_WGSerr_r0,C20_WGSerr_r0
GCA_003586065,0.1,0.1,-0.052399151943957,-0.119204809855636,-0.373281191921692,0.2,-0.345990609395308,0.130266644791199,0.052988366310329,0.1,0.05,0.05,-0.076486326205446,-0.328069566937581,-0.47668551276426,0.1,-0.128692614840888,-0.31686139342601,-0.396149940840318,0.0307574099785666
GCA_002056065,0.189863557968048,0.2,0.010811381470039,0.0678806595744882,0.047770393593075,-0.75,0.1,-0.273389199929978,-0.181864187307726,0.1,0.0763616576754629,0.05,-0.010675548920436,0.05,0.1,0.00445985033819002,0.010252524370067,0.0662084404690285,0.05,0.05
GCA_001675145,-0.501339708309819,0.0741824252103338,0.053987902136962,0.1,0.15,0.2,0.028162595210566,0.1,0.076720367533436,0.051396566545099,0.048550148149118,0.1,0.071870419243852,0.15,0.25,0.1,0.008551898061638,0.136598324646261,0.001044685871462,-0.155300978007095
GCA_900622695,0.1,0.05,-0.124976575871686,-0.1623403548682,0.0659343704005692,0.05,0.05,-0.066065774127607,0.0182607827161578,0.05,-0.444896017028681,-0.486116012569794,0.019748359224087,-0.047447437294238,0.05,-0.313257705900853,-0.140111807590818,-0.007699013910677,0.1,-0.175456431971472
GCA_008275005,-0.088523849658229,-0.474182425210334,0.012576444208641,0.013664505149348,0.009576427928048,0.05,0.067828014184743,-0.090811670733614,-0.066105329252197,-0.401396566545099,0.1199842112041,0.186116012569793,-0.054456903342057,0.02551700423182,0.036443146070445,0.00879785556266199,0.05,0.071753642221398,0.1,0.05
GCA_002903105,0.2,0.05,0.1,0.1,0.1,0.25,0.1,0.2,0.1,0.1,0.15,0.1,0.05,0.15,0.05,0.1,0.2,0.05,0.15,0.2
