C10_WGSerr_r0,C11_WGSerr_r0,C12_WGSerr_r0,C13_WGSerr_r0,C14_WGSerr_r0,C15_WGSerr_r0,C16_WGSerr_r0,C17_WGSerr_r0,C18_WGSerr_r0,C19_WGSerr_r0,C1_WGSerr_r0,C20_WGSerr_r0,C2_WGSerr_r0,C3_WGSerr_r0,C4_WGSerr_r0,C5_WGSerr_r0,C6_WGSerr_r0,C7_WGSerr_r0,C8_WGSerr_r0,C9_WGSerr_r0
sorted_JSD,0.154663742934797,0.135613474011558,0.172517649569166,0.0282124287928427,0.126661920984867,0.203039581894081,0.134983984181401,0.0750817900162523,0.0736890661059964,0.179699331668843,0.195908250799703,0.104496738890917,0.177552902015652,0.0378255492527074,0.0999950359988335,0.128082148983575,0.380395665848578,0.11526932020758,0.118815802668004,0.0492141639959669
