C10_WGSerr_r0,C11_WGSerr_r0,C12_WGSerr_r0,C13_WGSerr_r0,C14_WGSerr_r0,C15_WGSerr_r0,C16_WGSerr_r0,C17_WGSerr_r0,C18_WGSerr_r0,C19_WGSerr_r0,C1_WGSerr_r0,C20_WGSerr_r0,C2_WGSerr_r0,C3_WGSerr_r0,C4_WGSerr_r0,C5_WGSerr_r0,C6_WGSerr_r0,C7_WGSerr_r0,C8_WGSerr_r0,C9_WGSerr_r0
sorted_JSD,0.213513372559496,0.227242176053173,0.230607840537118,0.164413643875432,0.204709441223267,0.209319877077737,0.220400068019309,0.293740942248989,0.342014488007186,0.244099370497397,0.229121307520654,0.258035648892512,0.23735295191935,0.172129536486519,0.342014488007186,0.206230413682872,0.208557859938815,0.13186679523827,0.170105803410152,0.191554511222318
