C1_WGSerr_r0,C18_WGSerr_r0,C19_WGSerr_r0,C2_WGSerr_r0,C20_WGSerr_r0,C3_WGSerr_r0,C4_WGSerr_r0,C5_WGSerr_r0,C6_WGSerr_r0,C7_WGSerr_r0,C8_WGSerr_r0,C10_WGSerr_r0,C9_WGSerr_r0,C11_WGSerr_r0,C12_WGSerr_r0,C13_WGSerr_r0,C14_WGSerr_r0,C15_WGSerr_r0,C16_WGSerr_r0,C17_WGSerr_r0
sorted_JSD,0.0721657456036621,0.0423573209903944,0.0700836355243439,0.0733226294806152,0.0407467522737386,0.0448088475752422,0.0591102163209015,0.0485306769054929,0.0760341555584128,0.0854781145989468,0.0426862586011432,0.0387067801699568,0.0781718044898664,0.0533516807085771,0.0818773782599068,0.0521211803667372,0.0561940206771578,0.0244256506854143,0.0576226081570316,0.0263989762821095
