C1_WGSerr_r0,C18_WGSerr_r0,C19_WGSerr_r0,C2_WGSerr_r0,C20_WGSerr_r0,C3_WGSerr_r0,C4_WGSerr_r0,C5_WGSerr_r0,C6_WGSerr_r0,C7_WGSerr_r0,C8_WGSerr_r0,C10_WGSerr_r0,C9_WGSerr_r0,C11_WGSerr_r0,C12_WGSerr_r0,C13_WGSerr_r0,C14_WGSerr_r0,C15_WGSerr_r0,C16_WGSerr_r0,C17_WGSerr_r0
UnW_D,0.107153241623657,0.0909661524881526,0.116810931786801,0.0909661524881526,0.0909661524881526,0.0909661524881526,0.12987951802979,0.203377276417374,0.0909661524881526,0.116810931786801,0.0909661524881526,0.108397686768118,0.0909661524881526,0.133274338732015,0.133274338732015,0.116810931786801,0.166426453722103,0.0909661524881526,0.0909661524881526,0.116810931786801
Weight_D,0.0184339910706406,0.0204670258593779,0.025381908878513,0.0194567684188332,0.0183168635412271,0.023049148289889,0.020671480407591,0.0185637069050567,0.0163657836463912,0.0186482329022775,0.0183164402558407,0.0230066525482611,0.0217787475678361,0.0203795945112382,0.0167063777962122,0.0181985442630729,0.0152656402479297,0.0236936986171436,0.0183902515309666,0.0223091576910364
Bray_D,0.106322389325163,0.101381073006948,0.183315390195419,0.0931854285021943,0.110008981878292,0.121747481694748,0.130965684759626,0.11343793262575,0.0806593754060049,0.117120824212798,0.0866564425065855,0.121893815446706,0.115544355180399,0.118767921087244,0.129563853269028,0.0999041115076965,0.124704334035066,0.133105353217638,0.104714167010086,0.12893468564554
JC_D,0.2,0.111111111111111,0.2,0.111111111111111,0.111111111111111,0.111111111111111,0.272727272727273,0.222222222222222,0.111111111111111,0.2,0.111111111111111,0.2,0.111111111111111,0.272727272727273,0.272727272727273,0.2,0.3,0.111111111111111,0.111111111111111,0.2
JSD,0.0257944193513355,0.0235344006348971,0.032965121231881,0.0199082945229088,0.0190196732897538,0.021536766829632,0.0315456226575247,0.0351691299916323,0.018186993721975,0.0244549912215538,0.0195054130469849,0.0253204568053405,0.0234176377681802,0.028510736027411,0.0396876545150415,0.0217821219310107,0.0406536641930452,0.0262148585955591,0.0179377329894326,0.028111432797072
