C1_WGSerr_r0,C18_WGSerr_r0,C19_WGSerr_r0,C2_WGSerr_r0,C20_WGSerr_r0,C3_WGSerr_r0,C4_WGSerr_r0,C5_WGSerr_r0,C6_WGSerr_r0,C7_WGSerr_r0,C8_WGSerr_r0,C10_WGSerr_r0,C9_WGSerr_r0,C11_WGSerr_r0,C12_WGSerr_r0,C13_WGSerr_r0,C14_WGSerr_r0,C15_WGSerr_r0,C16_WGSerr_r0,C17_WGSerr_r0
Rank1,0.039824,-0.013147,0.14579,0.00193200000000002,0.026467,0.042357,-0.04831,-0.047121,0.01928,0.065447,-0.00992499999999996,0.019513,0.031666,-0.014622,-0.024024,-0.00169599999999998,-0.043155,0.08717,-0.010135,0.027479
Rank2,0.026017,-0.031142,-0.072162,-0.014366,-0.00444,0.025907,0.088615,0.00769400000000001,-0.000774000000000025,-0.001413,0.008382,0.03615,0.037188,0.064692,0.00525899999999999,0.014363,0.00899,-0.00562199999999999,-0.031117,-0.016004
Rank3,-0.014395,-0.004299,-0.014045,-0.005468,0.000757000000000008,0.031064,0.00161900000000001,0.038115,-0.000347000000000014,0.027037,-0.018756,-0.00575300000000001,0.00223300000000001,-0.019213,0.007242,0.02871,0.033614,0.024579,0.005546,0.033023
Rank4,-0.01116,0.053337,0.032946,0.050103,0.00507199999999999,-0.016077,0.024635,-0.003288,-0.00563,-0.015081,0.042433,0.025216,0.023896,-0.00899,0.040237,0.032709,-0.00902499999999999,-0.024695,0.036934,-0.013747
Rank5,2.00000000000061e-05,0.011195,-0.009279,0.010596,-0.017455,-0.00928999999999999,-0.005753,0.000958000000000014,0.020474,-0.00786100000000001,0.020059,-0.004394,-0.004895,0.00461700000000001,0.00368800000000001,-0.00779099999999999,0.00570200000000001,-0.01997,0.04173,0.008754
Rank6,0.017103,-0.006422,-0.008018,0.017273,0.008035,-0.00672499999999999,0.00133100000000001,0.00547,0.048004,0.035275,0.002632,0.015567,-0.012978,0.022518,0.022837,-0.000132999999999994,0.01072,-0.010031,0.00892900000000001,0.012557
Rank7,0.028169,0.017924,-0.00514099999999999,0.035265,0.048636,0.004029,0.00273,0.011469,0.002268,-0.00681999999999999,0.00413,-0.004333,-0.007902,0.041119,0.043285,-0.007261,0.026999,-0.008671,0.002467,0.00346900000000001
Rank8,-0.001608,0.036064,0.003711,-0.006547,0.0227,0.019129,0.023981,0.034242,0.014542,-0.004841,0.026596,-0.000385999999999997,0.004049,-0.001923,0.002962,0.018721,0.031894,0.027318,0.020712,0.035693
