C1_WGSerr_r0,C18_WGSerr_r0,C19_WGSerr_r0,C2_WGSerr_r0,C20_WGSerr_r0,C3_WGSerr_r0,C4_WGSerr_r0,C5_WGSerr_r0,C6_WGSerr_r0,C7_WGSerr_r0,C8_WGSerr_r0,C10_WGSerr_r0,C9_WGSerr_r0,C11_WGSerr_r0,C12_WGSerr_r0,C13_WGSerr_r0,C14_WGSerr_r0,C15_WGSerr_r0,C16_WGSerr_r0,C17_WGSerr_r0
UnW_D,0.107153241623657,0,0.0909661524881526,0.0909661524881526,0,0.0909661524881526,0.12987951802979,0.203377276417374,0.0909661524881526,0.12987951802979,0.0909661524881526,0.108397686768118,0.0909661524881526,0.133274338732015,0.133274338732015,0.0909661524881526,0.166426453722103,0.0909661524881526,0.0909661524881526,0.133274338732015
Weight_D,0.0143922357376052,0.0155213734467111,0.0210439338323175,0.016420908350475,0.0143147294088606,0.0195324155767637,0.0169626737070491,0.0148323015378196,0.0134166473942325,0.0137841239581451,0.0167162462058684,0.0195086749865661,0.0179224027324679,0.0166874440861898,0.0127159760490049,0.0158377224286293,0.0124767525987052,0.0207573142759006,0.0150675329183815,0.0180147172256023
Bray_D,0.100605845968345,0.0896105840980331,0.168017345213062,0.0832372361731469,0.0945583459147285,0.115509647242253,0.126297993191541,0.104300674891842,0.0682023569337855,0.10457280829807,0.0839860690134555,0.112127324331121,0.106124709816451,0.11211306489824,0.116375813139808,0.0837407480753521,0.113991746758388,0.12853846927528,0.0953146435796278,0.120344549856146
JC_D,0.2,0,0.111111111111111,0.111111111111111,0,0.111111111111111,0.272727272727273,0.222222222222222,0.111111111111111,0.272727272727273,0.111111111111111,0.2,0.111111111111111,0.272727272727273,0.272727272727273,0.111111111111111,0.3,0.111111111111111,0.111111111111111,0.272727272727273
JSD,0.0186196499209518,0.0111593375199645,0.0207219603317668,0.0128393965463111,0.00774367670226313,0.0136362345782028,0.0254274327882258,0.028085897344001,0.0110006778379128,0.0189264774779652,0.0134141926733276,0.0174205847607928,0.0147806001819431,0.021594750110166,0.0328760363727337,0.0106278103808419,0.0330641453660475,0.0192598418223851,0.0105773197420026,0.0237641425835376
