C1_WGSerr_r0,C18_WGSerr_r0,C19_WGSerr_r0,C2_WGSerr_r0,C20_WGSerr_r0,C3_WGSerr_r0,C4_WGSerr_r0,C5_WGSerr_r0,C6_WGSerr_r0,C7_WGSerr_r0,C8_WGSerr_r0,C10_WGSerr_r0,C9_WGSerr_r0,C11_WGSerr_r0,C12_WGSerr_r0,C13_WGSerr_r0,C14_WGSerr_r0,C15_WGSerr_r0,C16_WGSerr_r0,C17_WGSerr_r0
sorted_JSD,0.0636488244292808,0.0398744042125742,0.0613024826796165,0.0753331623233713,0.0409711533573141,0.0396300676210126,0.0593306166310952,0.0361700686904005,0.074814999529892,0.0805959530579258,0.0345366021310465,0.0437462212219076,0.0730986373169855,0.0453006676948248,0.0784743773986203,0.0489332136730999,0.0483068385661496,0.0331337189479648,0.0581961414315949,0.0340425061588032
