C1_WGSerr_r0,C2_WGSerr_r0,C3_WGSerr_r0,C4_WGSerr_r0,C5_WGSerr_r0,C6_WGSerr_r0,C7_WGSerr_r0,C8_WGSerr_r0,C9_WGSerr_r0,C10_WGSerr_r0,C11_WGSerr_r0,C12_WGSerr_r0,C13_WGSerr_r0,C14_WGSerr_r0,C15_WGSerr_r0,C16_WGSerr_r0,C17_WGSerr_r0,C18_WGSerr_r0,C19_WGSerr_r0,C20_WGSerr_r0
sorted_JSD,0.0237154062536946,0.099273751994208,0.0674513361437288,0.0537719479862066,0.0360272549335538,0.0261499538223014,0.057965115799516,0.0584136228991561,0.0584722613973629,0.0997596721086107,0.0551233674630541,0.0689248236411493,0.0143680005523534,0.042576736827693,0.0597786020185864,0.08917372119016,0.0353230652893578,0.0310545808401974,0.0332319936068813,0.0212346589772394
