C1_WGSerr_r0,C18_WGSerr_r0,C19_WGSerr_r0,C2_WGSerr_r0,C20_WGSerr_r0,C3_WGSerr_r0,C4_WGSerr_r0,C5_WGSerr_r0,C6_WGSerr_r0,C7_WGSerr_r0,C8_WGSerr_r0,C10_WGSerr_r0,C9_WGSerr_r0,C11_WGSerr_r0,C12_WGSerr_r0,C13_WGSerr_r0,C14_WGSerr_r0,C15_WGSerr_r0,C16_WGSerr_r0,C17_WGSerr_r0
Rank1,0.029836,-0.065224,-0.069342,0.164678,-0.00325199999999998,0.04621,0.108264,-0.067907,-0.023679,-0.018666,0.06586,0.088141,-0.044958,-0.128317,-0.139406,-0.031132,-0.017465,-0.013989,-0.086331,-0.020983
Rank2,-0.032088,0.023964,0.031994,0.013281,-0.064809,0.007161,-0.021845,0.060526,-0.012884,-0.020846,-0.00431399999999998,-0.011221,-0.03243,0.074998,0.130912,0.013882,0.057761,0.022993,0.053515,-0.034448
Rank3,0.064875,0.120883,0.008269,0.00826200000000002,0.086367,-0.033622,-0.066581,0.021032,0.00838000000000003,0.080403,-0.017945,-0.036492,0.027338,0.046514,0.023265,0.054161,0.010461,0.070369,0.047502,-0.025275
Rank4,-0.026031,-0.026266,0.036261,-0.019676,0.00424500000000001,-0.012975,-0.00522999999999998,0.023991,0.054055,0.012546,-0.000122000000000011,0.00311400000000001,-0.027403,0.05906,0.045055,-0.040514,0.01289,0.015457,-0.00609399999999999,0.092676
Rank5,-0.016233,-0.010649,0.052837,-0.022731,-0.000363999999999996,0.02596,0.007899,0.00501800000000001,-0.021963,0.037964,-0.00659,0.024826,0.036901,0.032145,0.00497300000000001,0.02218,0.027697,-0.015941,0.019166,0.002817
Rank6,0.038559,0.030905,0.01048,0.014419,0.027063,0.056296,0.060351,0.046217,0.036796,-0.00541599999999999,0.001084,0.007257,0.085378,-0.006873,0.021921,0.03873,0.000633000000000009,0.023709,0.052927,0.03396
