C1_WGSerr_r0,C2_WGSerr_r0,C3_WGSerr_r0,C4_WGSerr_r0,C5_WGSerr_r0,C6_WGSerr_r0,C7_WGSerr_r0,C8_WGSerr_r0,C9_WGSerr_r0,C10_WGSerr_r0,C11_WGSerr_r0,C12_WGSerr_r0,C13_WGSerr_r0,C14_WGSerr_r0,C15_WGSerr_r0,C16_WGSerr_r0,C17_WGSerr_r0,C18_WGSerr_r0,C19_WGSerr_r0,C20_WGSerr_r0
UnW_D,0.0986849621894348,0.143097453568648,0.0458163098146291,0.123846960043969,0.108949357336944,0.106575135599487,0.110472264672122,0.0193185478816586,0.022581018781252,0.0807745491125254,0.0775568477819531,0.108975370059805,0.161263564009901,0.0585606680381548,0.110472264672122,0.130344576602755,0.0359492609225183,0.0359492609225183,0.0939564668805584,0
Weight_D,0.017875309840095,0.0172855728400886,0.0269834552911661,0.0274120020280714,0.0228144506619174,0.0184931578178929,0.0216073009199413,0.0224510632647408,0.0189110049711028,0.0197209864883493,0.0335643009333742,0.0371292813802628,0.0200826577587437,0.0269787907802999,0.0204215316926802,0.026777787529061,0.0227548547646716,0.0241619896811157,0.0240341343822076,0.026493894816157
Bray_D,0.138215696194184,0.182011539801673,0.173616478460679,0.180313320960435,0.167434667307827,0.149642649193137,0.169422445057104,0.149645916199745,0.13480617958523,0.134328403730929,0.194812858726646,0.214027581081972,0.12533895659206,0.198067657724967,0.167438551960247,0.157015744595823,0.142129844629661,0.156524775254504,0.164949910442309,0.145455850313982
JC_D,0.285714285714286,0.454545454545455,0.25,0.333333333333333,0.333333333333333,0.375,0.333333333333333,0.142857142857143,0.142857142857143,0.25,0.25,0.333333333333333,0.375,0.25,0.333333333333333,0.333333333333333,0.142857142857143,0.142857142857143,0.25,0
JSD,0.030554208504212,0.0511530409135163,0.0304255331683167,0.0335896996784095,0.0344096098671219,0.0364547321565365,0.033870412440398,0.0187066213654958,0.0267120504681058,0.0261284729401005,0.0333917324895935,0.0365963844264806,0.0313353036326298,0.0364196256364109,0.0347063507627674,0.0295869331845856,0.0225776218161836,0.0257814042228597,0.0291271318875073,0.0172250343202721
