C1_WGSerr_r0,C18_WGSerr_r0,C19_WGSerr_r0,C2_WGSerr_r0,C20_WGSerr_r0,C3_WGSerr_r0,C4_WGSerr_r0,C5_WGSerr_r0,C6_WGSerr_r0,C7_WGSerr_r0,C8_WGSerr_r0,C10_WGSerr_r0,C9_WGSerr_r0,C11_WGSerr_r0,C12_WGSerr_r0,C13_WGSerr_r0,C14_WGSerr_r0,C15_WGSerr_r0,C16_WGSerr_r0,C17_WGSerr_r0
UnW_D,0.0689128868992146,0.172370724688738,0.573484816646825,0.0923604304642913,0.214266971167735,0.16810640446295,0.0747470340283696,0.0994272352155808,0,0.155990986716614,0.0979831187291199,0.0164169318417311,0.0946272852192044,0.304352202805175,0.129457532955536,0,0.197904646718578,0.0997396192587729,0.0747470340283696,0.128990834852068
Weight_D,0.0201642277158904,0.0179044990834839,0.0177547449065703,0.0116144930099153,0.0195102639655776,0.016999278690231,0.019624250594496,0.0215252285512968,0.0220360146771393,0.0186718221157625,0.0153349381282812,0.0221051519258318,0.0133946664699088,0.0129683064004826,0.0171780673810791,0.0190931494126765,0.0196462945460363,0.025345505679857,0.0209796672352369,0.0128758494434139
Bray_D,0.150411273023531,0.172239541944292,0.128315180231728,0.0931632730277441,0.144428701210181,0.139387926560946,0.129380237316734,0.12528969984773,0.113554039427042,0.134597943153292,0.14778104721712,0.134770994319636,0.103293693053465,0.0750507427362221,0.164349456950841,0.0930013077055936,0.136185145378209,0.167798658571923,0.143816716343626,0.147742543747284
JC_D,0.333333333333333,0.555555555555556,0.7,0.333333333333333,0.428571428571429,0.5,0.333333333333333,0.2,0,0.5,0.428571428571429,0.2,0.333333333333333,0.5,0.5,0,0.5,0.428571428571429,0.333333333333333,0.555555555555556
JSD,0.0271213569891437,0.0583844528342422,0.0634926403677972,0.0155434825184409,0.0320213088314196,0.0371434744649027,0.0313810781232524,0.0176196506634947,0.00884173875138911,0.0432509318447983,0.0313326431657934,0.0146662451061736,0.0159522516639975,0.0309819155183861,0.0389117656213171,0.00785071927192141,0.0329907991629799,0.0294595993758259,0.0242934012382152,0.0421923165309861
