C1_WGSerr_r0,C18_WGSerr_r0,C19_WGSerr_r0,C2_WGSerr_r0,C20_WGSerr_r0,C3_WGSerr_r0,C4_WGSerr_r0,C5_WGSerr_r0,C6_WGSerr_r0,C7_WGSerr_r0,C8_WGSerr_r0,C10_WGSerr_r0,C9_WGSerr_r0,C11_WGSerr_r0,C12_WGSerr_r0,C13_WGSerr_r0,C14_WGSerr_r0,C15_WGSerr_r0,C16_WGSerr_r0,C17_WGSerr_r0
sorted_JSD,0.0323381515570198,0.0850114112433822,0.0639201198207093,0.0470856123659281,0.0836365693349234,0.112758571890707,0.0573361828505588,0.0609128492567685,0.0547355378141306,0.0366902294158289,0.0955241686747171,0.0424450947060434,0.0315319683864199,0.0450799077496036,0.093060082908874,0.0166906186386805,0.0733439648869365,0.076067154215361,0.0500317639619359,0.0877652939627204
