C1_WGSerr_r0,C2_WGSerr_r0,C3_WGSerr_r0,C4_WGSerr_r0,C5_WGSerr_r0,C6_WGSerr_r0,C7_WGSerr_r0,C8_WGSerr_r0,C9_WGSerr_r0,C10_WGSerr_r0,C11_WGSerr_r0,C12_WGSerr_r0,C13_WGSerr_r0,C14_WGSerr_r0,C15_WGSerr_r0,C16_WGSerr_r0,C17_WGSerr_r0,C18_WGSerr_r0,C19_WGSerr_r0,C20_WGSerr_r0,C1_WGSerr_r1,C2_WGSerr_r1,C3_WGSerr_r1,C4_WGSerr_r1,C5_WGSerr_r1,C6_WGSerr_r1,C7_WGSerr_r1,C8_WGSerr_r1,C9_WGSerr_r1,C10_WGSerr_r1,C11_WGSerr_r1,C12_WGSerr_r1,C13_WGSerr_r1,C14_WGSerr_r1,C15_WGSerr_r1,C16_WGSerr_r1,C17_WGSerr_r1,C18_WGSerr_r1,C19_WGSerr_r1,C20_WGSerr_r1,C1_WGSerr_r2,C2_WGSerr_r2,C3_WGSerr_r2,C4_WGSerr_r2,C5_WGSerr_r2,C6_WGSerr_r2,C7_WGSerr_r2,C8_WGSerr_r2,C9_WGSerr_r2,C10_WGSerr_r2,C11_WGSerr_r2,C12_WGSerr_r2,C13_WGSerr_r2,C14_WGSerr_r2,C15_WGSerr_r2,C16_WGSerr_r2,C17_WGSerr_r2,C18_WGSerr_r2,C19_WGSerr_r2,C20_WGSerr_r2
Rank1,0.026801,0.014219,-0.010876,-0.060799,-0.070206,-0.092568,-0.063693,0.158221,0.029699,-0.095723,-0.001085,0.00364500000000001,-0.063158,-0.073714,-0.098687,-0.080252,0.069219,-0.001162,0.0266150000000001,0.145765,0,0,0,0,0,0,0,0,0,0,0,0,0,0,0,0,0,0,0,0,0,0,0,0,0,0,0,0,0,0,0,0,0,0,0,0,0,0,0,0
Rank2,0.075543,0.030112,0.132519,0.018444,0.098458,0.096561,0.025079,-0.023013,0.057511,0.030569,0.034716,0.069237,0.048018,0.018952,0.147871,0.037098,0.090257,0.028394,0.052987,-0.058244,0,0,0,0,0,0,0,0,0,0,0,0,0,0,0,0,0,0,0,0,0,0,0,0,0,0,0,0,0,0,0,0,0,0,0,0,0,0,0,0
Rank3,-0.006356,0.020032,-0.029283,0.078352,0.022646,0.00359499999999999,0.030597,-0.029665,-0.002995,0.110697,-0.027376,0.058922,0.036634,0.029089,-0.01393,0.079807,0.00411300000000001,0.056371,0.024512,0.005776,0,0,0,0,0,0,0,0,0,0,0,0,0,0,0,0,0,0,0,0,0,0,0,0,0,0,0,0,0,0,0,0,0,0,0,0,0,0,0,0
Rank4,-0.00770599999999999,-0.00701199999999999,0.02085,0.052346,0.030044,0.030104,0.081453,0.009398,0.00217899999999999,0.013362,0.025708,-0.02689,0.033114,0.0936,0.027886,0.047053,-0.016059,0.059126,0.027804,0.003691,0,0,0,0,0,0,0,0,0,0,0,0,0,0,0,0,0,0,0,0,0,0,0,0,0,0,0,0,0,0,0,0,0,0,0,0,0,0,0,0
