C10_WGSerr_r0,C11_WGSerr_r0,C12_WGSerr_r0,C13_WGSerr_r0,C14_WGSerr_r0,C15_WGSerr_r0,C16_WGSerr_r0,C17_WGSerr_r0,C18_WGSerr_r0,C19_WGSerr_r0,C1_WGSerr_r0,C20_WGSerr_r0,C2_WGSerr_r0,C3_WGSerr_r0,C4_WGSerr_r0,C5_WGSerr_r0,C6_WGSerr_r0,C7_WGSerr_r0,C8_WGSerr_r0,C9_WGSerr_r0
Rank1,-0.02121239810399,-0.03588191752417,-0.022257996251914,-0.143009498172814,-0.078365171515906,-0.116653594519425,-0.027529370459666,-0.024202884310868,-0.080512781807219,-0.087292769417229,-0.088580632025047,-0.146254813082243,-0.141704073689259,-0.090128698098874,-0.154768807034432,-0.031980660119377,-0.126615555358718,-0.15154377695991,-0.0880165796153001,-0.174350079919691
Rank2,-0.030716763866553,-0.090073924125329,-0.034850135280773,0.049381655958001,-0.043776029057926,0.00982013495186196,-0.041655077559724,-0.034194417131941,-0.051782963226472,-0.01270723058277,-0.025475060366866,0.014673735043934,0.033314299688342,0.008231537193986,-0.025380333165774,0.034661665528437,0.034864202335521,0.010002126348739,-0.081927554615183,0.033909429769047
Rank3,0.00192916197054399,0.0759558416494989,-0.042891868467314,0.043627842214813,0.047576326797586,0.00683345956756398,0.040882066526459,-0.030578054548473,0.04891605853785,0.05,0.069892427984182,0.0815810780383086,-0.00917208911949,0.040668822611038,0.0801491402002059,-0.027255421627024,0.020972262597229,0.0658886978852255,0.0699441342304835,0.00886101930018998
Rank4,0.05,0.05,0.1,0.05,0.074564873776247,0.1,0.028302381492931,0.0889753559912817,0.0833796864958415,0.05,0.0441632644077303,0.05,0.117561863120406,0.04122833829385,0.1,0.024574416217964,0.0707790904259677,0.075652952725946,0.1,0.131579630850455
