C10_WGSerr_r0,C11_WGSerr_r0,C12_WGSerr_r0,C13_WGSerr_r0,C14_WGSerr_r0,C15_WGSerr_r0,C16_WGSerr_r0,C17_WGSerr_r0,C18_WGSerr_r0,C19_WGSerr_r0,C1_WGSerr_r0,C20_WGSerr_r0,C2_WGSerr_r0,C3_WGSerr_r0,C4_WGSerr_r0,C5_WGSerr_r0,C6_WGSerr_r0,C7_WGSerr_r0,C8_WGSerr_r0,C9_WGSerr_r0
GCA_002056065,0.05,-0.03588191752417,-0.072257996251914,0.043627842214813,-0.043776029057926,0.00683345956756398,0.028302381492931,-0.030578054548473,-0.051782963226472,-0.087292769417229,0.0441632644077303,0.05,-0.016685700311658,-0.090128698098874,-0.025380333165774,-0.027255421627024,0.020972262597229,0.010002126348739,-0.081927554615183,0.00886101930018998
GCA_003586065,-0.02121239810399,0.0759558416494989,0.1,-0.143009498172814,-0.078365171515906,-0.116653594519425,-0.027529370459666,0.0889753559912817,0.0833796864958415,0.05,0.069892427984182,0.014673735043934,0.117561863120406,0.040668822611038,-0.154768807034432,-0.031980660119377,-0.126615555358718,-0.15154377695991,0.0699441342304835,0.131579630850455
GCA_008275005,0.00192916197054399,0.05,0.015149864719227,0.05,0.074564873776247,0.00982013495186196,0.040882066526459,0.015805582868059,0.04891605853785,-0.01270723058277,-0.025475060366866,-0.146254813082243,0.04082791088051,0.008231537193986,0.0801491402002059,0.034661665528437,0.034864202335521,0.075652952725946,-0.0880165796153001,0.033909429769047
GCA_001675145,-0.030716763866553,-0.090073924125329,-0.042891868467314,0.049381655958001,0.047576326797586,0.1,-0.041655077559724,-0.074202884310868,-0.080512781807219,0.05,-0.088580632025047,0.0815810780383086,-0.141704073689259,0.04122833829385,0.1,0.024574416217964,0.0707790904259677,0.0658886978852255,0.1,-0.174350079919691
