C10_WGSerr_r0,C11_WGSerr_r0,C12_WGSerr_r0,C13_WGSerr_r0,C14_WGSerr_r0,C15_WGSerr_r0,C16_WGSerr_r0,C17_WGSerr_r0,C18_WGSerr_r0,C19_WGSerr_r0,C1_WGSerr_r0,C20_WGSerr_r0,C2_WGSerr_r0,C3_WGSerr_r0,C4_WGSerr_r0,C5_WGSerr_r0,C6_WGSerr_r0,C7_WGSerr_r0,C8_WGSerr_r0,C9_WGSerr_r0
GCA_002056065,0,0.53588191752417,0.372257996251914,0.106372157785187,0.393776029057926,0.143166540432436,0.121697618507069,0.230578054548473,0.351782963226472,0.887292769417229,0.0558367355922697,0,0.216685700311658,0.440128698098874,0.275380333165774,0.227255421627024,0.129027737402771,0.189997873651261,0.281927554615183,0.14113898069981
GCA_003586065,0.37121239810399,0.0740441583505011,0,0.743009498172814,0.428365171515906,0.516653594519425,0.377529370459666,0.0610246440087183,0.0666203135041585,0,0.130107572015818,0.185326264956066,0.0324381368795935,0.109331177388962,0.654768807034432,0.331980660119377,0.576615555358718,0.70154377695991,0.0300558657695165,0.0184203691495451
GCA_008275005,0.298070838029456,0,0.334850135280773,0,0.075435126223753,0.340179865048138,0.159117933473541,0.334194417131941,0.20108394146215,0.11270723058277,0.375475060366866,0.746254813082243,0.20917208911949,0.341768462806014,0.0698508597997941,0.265338334471563,0.215135797664479,0.024347047274054,0.6880165796153,0.216090570230953
GCA_001675145,0.330716763866553,0.390073924125329,0.292891868467314,0.150618344041999,0.102423673202414,0,0.341655077559724,0.374202884310868,0.380512781807219,0,0.438580632025047,0.0684189219616914,0.541704073689259,0.10877166170615,0,0.175425583782036,0.0792209095740323,0.0841113021147745,0,0.624350079919691
