C10_WGSerr_r0,C11_WGSerr_r0,C12_WGSerr_r0,C13_WGSerr_r0,C14_WGSerr_r0,C15_WGSerr_r0,C16_WGSerr_r0,C17_WGSerr_r0,C18_WGSerr_r0,C19_WGSerr_r0,C1_WGSerr_r0,C20_WGSerr_r0,C2_WGSerr_r0,C3_WGSerr_r0,C4_WGSerr_r0,C5_WGSerr_r0,C6_WGSerr_r0,C7_WGSerr_r0,C8_WGSerr_r0,C9_WGSerr_r0
sorted_JSD,0.0178603682194924,0.0271542007346643,0.0361554495554626,0.0247526616454665,0.0111589371092838,0.0384535408843156,0.00284143171213414,0.0108852870647844,0.0129796767820629,0.0359767918859692,0.00961634792864165,0.0292540812875232,0.0265310031675218,0.00585051801418581,0.0476412897978865,0.00177377735393279,0.0105164291819452,0.0217111780516494,0.0495807878641899,0.0370904548077422
