C10_WGSerr_r0,C11_WGSerr_r0,C12_WGSerr_r0,C13_WGSerr_r0,C14_WGSerr_r0,C15_WGSerr_r0,C16_WGSerr_r0,C17_WGSerr_r0,C18_WGSerr_r0,C19_WGSerr_r0,C1_WGSerr_r0,C20_WGSerr_r0,C2_WGSerr_r0,C3_WGSerr_r0,C4_WGSerr_r0,C5_WGSerr_r0,C6_WGSerr_r0,C7_WGSerr_r0,C8_WGSerr_r0,C9_WGSerr_r0
UnW_D,0.0769907701942391,0.195668027172504,0.173393870429713,0.195668027172504,0,0.454436141389092,0,0,0,0.693971600425717,0,0.0769907701942391,0,0,0.454436141389092,0,0,0,0.454436141389092,0
Weight_D,0.0102767459623057,0.0258725912614323,0.019404799544638,0.0264972725214646,0.0213783555463216,0.0265270445774492,0.0154982933901411,0.0213147008979191,0.0246692705350335,0.0192178711485343,0.0238058158779791,0.0310464539579967,0.0366702857790876,0.0161525112760623,0.0362561284359431,0.0100102032793702,0.025894551251339,0.0305341481459045,0.0372621446014341,0.0431955295021245
Bray_D,0.0519291619705435,0.125955841649499,0.115149864719227,0.143009498172814,0.122141200573833,0.116653594519426,0.06918444801939,0.104780938859341,0.132295745033691,0.0999999999999995,0.114055692391913,0.146254813082243,0.158389774000917,0.090128698098874,0.180149140200206,0.059236081746401,0.126615555358718,0.15154377695991,0.169944134230483,0.174350079919692
JC_D,0.25,0.25,0.25,0.25,0,0.25,0,0,0,0.5,0,0.25,0,0,0.25,0,0,0,0.25,0
JSD,0.0178603682194924,0.0271542007346643,0.0375346434484139,0.0247526616454665,0.0111589371092838,0.0384535408843156,0.00284143171213414,0.0123590148249358,0.0129796767820629,0.0359767918859692,0.00961634792864165,0.0292540812875232,0.0269604093381586,0.00585051801418581,0.0476412897978865,0.00177377735393279,0.0105164291819452,0.0217111780516494,0.0495807878641899,0.0370904548077422
