C11_WGSerr_r1,C11_WGSerr_r0,C13_WGSerr_r1,C1_WGSerr_r1,C2_WGSerr_r0,C9_WGSerr_r2,C14_WGSerr_r1,C11_WGSerr_r2,C20_WGSerr_r0,C6_WGSerr_r2,C12_WGSerr_r2,C19_WGSerr_r2,C17_WGSerr_r0,C15_WGSerr_r0,C12_WGSerr_r0,C12_WGSerr_r1,C7_WGSerr_r1,C3_WGSerr_r2,C9_WGSerr_r0,C10_WGSerr_r0,C13_WGSerr_r0,C17_WGSerr_r1,C20_WGSerr_r1,C1_WGSerr_r2,C10_WGSerr_r2,C5_WGSerr_r0,C19_WGSerr_r1,C2_WGSerr_r2,C16_WGSerr_r2,C8_WGSerr_r0,C14_WGSerr_r0,C19_WGSerr_r0,C3_WGSerr_r0,C13_WGSerr_r2,C15_WGSerr_r1,C14_WGSerr_r2,C7_WGSerr_r0,C9_WGSerr_r1,C8_WGSerr_r1,C5_WGSerr_r2,C4_WGSerr_r1,C17_WGSerr_r2,C18_WGSerr_r1,C4_WGSerr_r2,C6_WGSerr_r0,C3_WGSerr_r1,C16_WGSerr_r0,C10_WGSerr_r1,C4_WGSerr_r0,C16_WGSerr_r1,C20_WGSerr_r2,C15_WGSerr_r2,C1_WGSerr_r0,C8_WGSerr_r2,C18_WGSerr_r2,C7_WGSerr_r2,C6_WGSerr_r1,C2_WGSerr_r1,C18_WGSerr_r0,C5_WGSerr_r1
Rank1,0.03935,0.0347120000000001,0.03389,0.029875,0.021724,-0.010064,0.032585,0.032873,0.00108600000000003,0.00133499999999998,0.036299,0.00592599999999999,0.016958,0.026023,0.03189,0.03364,-0.00516499999999998,0.016578,-0.0140699999999999,-0.00893900000000003,0.034838,0.0210229999999999,0.002027,0.0324019999999999,-0.013857,0.00270799999999993,0.00598399999999999,0.022184,0.0254180000000001,-0.00608900000000001,0.028798,0.00744099999999992,0.016949,0.033301,0.031013,0.0258649999999999,-0.00713999999999992,-0.00826399999999994,-0.00866100000000003,0.00403799999999999,0.0114400000000001,0.022193,0.0126440000000001,0.00872300000000004,-0.00102800000000003,0.011914,0.0192620000000001,-0.010308,0.0117790000000001,0.0234780000000001,0.00148700000000002,0.023452,0.030486,-0.012636,0.013123,-0.00232199999999994,0.00141499999999994,0.0246139999999999,0.013395,0.004579
Rank2,-0.014816,-0.00985900000000001,-0.012742,0.018355,0.021738,0.035397,-0.012635,-0.010458,0,0.033816,-0.011067,-0.002196,-0.00906799999999999,-0.013004,-0.010359,-0.014502,0.034394,0.026807,0.037709,0.037347,-0.0128050000000001,-0.010494,0,0.016286,0.037639,0.033048,-0.00349699999999999,0.021392,-0.014332,0.037461,-0.015807,-0.003915,0.026278,-0.014281,-0.014467,-0.014051,0.036305,0.038315,0.034485,0.031154,0.027348,-0.00981699999999999,-0.00797099999999999,0.029295,0.033764,0.024632,-0.00984499999999999,0.03868,0.029315,-0.013898,0,-0.012843,0.016006,0.036712,-0.00801099999999999,0.034513,0.034097,0.021869,-0.00806599999999999,0.029818
