C1_WGSerr_r0,C2_WGSerr_r0,C3_WGSerr_r0,C4_WGSerr_r0,C5_WGSerr_r0,C6_WGSerr_r0,C7_WGSerr_r0,C8_WGSerr_r0,C9_WGSerr_r0,C10_WGSerr_r0,C11_WGSerr_r0,C12_WGSerr_r0,C13_WGSerr_r0,C14_WGSerr_r0,C15_WGSerr_r0,C16_WGSerr_r0,C17_WGSerr_r0,C18_WGSerr_r0,C19_WGSerr_r0,C20_WGSerr_r0,C1_WGSerr_r1,C2_WGSerr_r1,C3_WGSerr_r1,C4_WGSerr_r1,C5_WGSerr_r1,C6_WGSerr_r1,C7_WGSerr_r1,C8_WGSerr_r1,C9_WGSerr_r1,C10_WGSerr_r1,C11_WGSerr_r1,C12_WGSerr_r1,C13_WGSerr_r1,C14_WGSerr_r1,C15_WGSerr_r1,C16_WGSerr_r1,C17_WGSerr_r1,C18_WGSerr_r1,C19_WGSerr_r1,C20_WGSerr_r1,C1_WGSerr_r2,C2_WGSerr_r2,C3_WGSerr_r2,C4_WGSerr_r2,C5_WGSerr_r2,C6_WGSerr_r2,C7_WGSerr_r2,C8_WGSerr_r2,C9_WGSerr_r2,C10_WGSerr_r2,C11_WGSerr_r2,C12_WGSerr_r2,C13_WGSerr_r2,C14_WGSerr_r2,C15_WGSerr_r2,C16_WGSerr_r2,C17_WGSerr_r2,C18_WGSerr_r2,C19_WGSerr_r2,C20_WGSerr_r2
sorted_JSD,0.0905371501259348,0.0932040064433941,0.101578975633738,0.100127307359323,0.0916785897277147,0.0832229983610793,0.0747655973946362,0.0714482694190064,0.0709961526056892,0.0603317716308656,0.0486051802221588,0.0508987792914722,0.0411174174316078,0.0342508985931401,0.0259282519837684,0.0221643357275475,0.0170967769151341,0.010661216839802,0.000578358882412772,0,0.0910232926433244,0.089072538191494,0.103301043429231,0.0980177623556829,0.102318873489736,0.0827203807733203,0.0870131003938253,0.0723871174485156,0.0647694704776409,0.0609238976042557,0.0518752560069904,0.0510169982446796,0.040084410708328,0.0353015898476979,0.0288672965961115,0.0234623771758341,0.0196535772247014,0.00867983911018599,0.000691789360417528,0,0.0917222361624778,0.0887977610712337,0.106013981415958,0.0977834997351542,0.0876306227419832,0.0850924546857872,0.0818555755289185,0.0726108817962666,0.0682614745948987,0.0590315032234346,0.0547748263244581,0.0469468685671757,0.0397086781788426,0.0358717278502871,0.0282422147223965,0.0233966718792712,0.0163188813530805,0.00827581330725583,0.000617174986435949,0
