C10_WGSerr_r0,C11_WGSerr_r0,C12_WGSerr_r0,C13_WGSerr_r0,C14_WGSerr_r0,C15_WGSerr_r0,C16_WGSerr_r0,C17_WGSerr_r0,C18_WGSerr_r0,C19_WGSerr_r0,C1_WGSerr_r0,C20_WGSerr_r0,C2_WGSerr_r0,C3_WGSerr_r0,C4_WGSerr_r0,C5_WGSerr_r0,C6_WGSerr_r0,C7_WGSerr_r0,C8_WGSerr_r0,C9_WGSerr_r0
sorted_JSD,0.0178628592945819,0.0271201345416215,0.0361560611624648,0.0247745847899142,0.0111953723667654,0.0384544059240823,0.00285353632802611,0.0109004186398221,0.0129863068806519,0.035975569263275,0.00964936541694135,0.029233945022275,0.0265636223716026,0.00586279112880344,0.0476965321205235,0.0017748278560586,0.0105092738942713,0.0217968146364621,0.0496827618240432,0.0371088372981262
