C10_WGSerr_r0,C11_WGSerr_r0,C12_WGSerr_r0,C13_WGSerr_r0,C14_WGSerr_r0,C15_WGSerr_r0,C16_WGSerr_r0,C17_WGSerr_r0,C18_WGSerr_r0,C19_WGSerr_r0,C1_WGSerr_r0,C20_WGSerr_r0,C2_WGSerr_r0,C3_WGSerr_r0,C4_WGSerr_r0,C5_WGSerr_r0,C6_WGSerr_r0,C7_WGSerr_r0,C8_WGSerr_r0,C9_WGSerr_r0
GCA_003586065,-0.021219133947344,0.0758251390003176,0.1,-0.143179242380229,-0.078490248241415,-0.116671166297903,-0.027645569143457,0.0890305016620596,0.0833366127379095,0.05,0.069988349192633,0.014897720408094,0.117594496796743,0.04065742364079,-0.154935776985177,-0.031988059803785,-0.126656540079429,-0.151776004869145,0.070175792603076,0.131576313182924
GCA_008275005,0.00202943903573799,0.05,0.015262352174489,0.05,0.0746683813744485,0.00990696809387898,0.040993378588221,0.0158404796785,0.049093378033055,-0.012343672205781,-0.02538744929935,-0.146352259077778,0.04084286520899,0.00839743254967595,0.0803432352045522,0.034789628167449,0.035038652974852,0.0757566266006629,-0.088147595186654,0.033992354948959
GCA_002056065,0.05,-0.035860094489657,-0.07228719068363,0.043652383296393,-0.043831372652836,0.00676419820402399,0.028341209348725,-0.030547602278447,-0.051817758890458,-0.0876563277942189,0.0442238129434086,0.05,-0.01656846132879,-0.090310814423735,-0.025407458219375,-0.027269064471788,0.020915420994416,0.00998645809583101,-0.082028197416422,0.00899073787066398
GCA_001675145,-0.030810305088394,-0.08996504451066,-0.042975161490859,0.049526859083837,0.047653239519802,0.1,-0.04168901879349,-0.074323379062112,-0.080612231880507,0.05,-0.088824712836692,0.0814545386696836,-0.141868900676943,0.041255958233269,0.1,0.024467496108125,0.0707024661101614,0.0660329201726508,0.1,-0.174559406002547
