C10_WGSerr_r0,C11_WGSerr_r0,C12_WGSerr_r0,C13_WGSerr_r0,C14_WGSerr_r0,C15_WGSerr_r0,C16_WGSerr_r0,C17_WGSerr_r0,C18_WGSerr_r0,C19_WGSerr_r0,C1_WGSerr_r0,C20_WGSerr_r0,C2_WGSerr_r0,C3_WGSerr_r0,C4_WGSerr_r0,C5_WGSerr_r0,C6_WGSerr_r0,C7_WGSerr_r0,C8_WGSerr_r0,C9_WGSerr_r0
UnW_D,0.341129722665841,0.135503762685772,0.268731683209791,0.225971769115252,0.0601667119347444,0.2185204566346,0.264811321143745,0.152910560525977,0.073061208589275,0.0601667119347444,0.135503762685772,0.22345694989816,0.354024219320371,0,0.264811321143745,0.264811321143745,0.145459248045325,0.145459248045325,0.264811321143745,0
Weight_D,0.0398284900800882,0.0364100184550966,0.0484538966695186,0.0343058365295352,0.0352712767423895,0.0264845171046247,0.0342631763997811,0.0208114960377673,0.0256979618017941,0.0329511510435727,0.0262235620076804,0.0350312722456295,0.0357553210474657,0.00987428574663575,0.0289129281536316,0.0454052827539661,0.0469964824876708,0.0200632889044568,0.0442709958805731,0.0385221390599739
Bray_D,0.25,0.194149289282188,0.274826896829591,0.213424570451442,0.192551308531434,0.186877581064434,0.217959763760775,0.144881850965107,0.155794462033865,0.204601845697448,0.149267855498139,0.158018552871867,0.210576046794972,0.0662017473109555,0.14971701070305,0.211795659635803,0.258652466380317,0.126139201491131,0.256858705040815,0.197624984363459
JC_D,0.5,0.166666666666667,0.5,0.333333333333333,0.166666666666667,0.333333333333333,0.166666666666667,0.166666666666667,0.166666666666667,0.166666666666667,0.166666666666667,0.333333333333333,0.5,0,0.166666666666667,0.166666666666667,0.166666666666667,0.166666666666667,0.166666666666667,0
JSD,0.0963886967283866,0.0357614080610919,0.0969749914337437,0.0499904212205814,0.0472312460575402,0.0592019305338829,0.0564080364458505,0.0260333795686852,0.0310243345930456,0.0480821261603272,0.0407688681032678,0.0449356652720453,0.076941577021425,0.00280021359300241,0.0424548777397801,0.0644031091924533,0.0482013453100575,0.0294982015503965,0.0628229996391539,0.0254734402769624
