C1_WGSerr_r0,C2_WGSerr_r0,C3_WGSerr_r0,C4_WGSerr_r0,C5_WGSerr_r0,C6_WGSerr_r0,C7_WGSerr_r0,C8_WGSerr_r0,C9_WGSerr_r0,C10_WGSerr_r0,C11_WGSerr_r0,C12_WGSerr_r0,C13_WGSerr_r0,C14_WGSerr_r0,C15_WGSerr_r0,C16_WGSerr_r0,C17_WGSerr_r0,C18_WGSerr_r0,C19_WGSerr_r0,C20_WGSerr_r0
Rank1,-0.082093202057385,-0.162523516413145,-0.035728528743298,-0.059251066355436,-0.149286231866557,-0.180689848921878,-0.048093435808823,-0.094619159803986,-0.190762832120899,-0.161932040947305,-0.194149289282188,-0.237651124435539,-0.138634101417654,-0.048605478597578,-0.092271141273333,-0.095282161681857,-0.02069497412932,-0.155794462033865,-0.150842343802369,-0.070758858841576
Rank2,-0.067174653440753,-0.048052530381828,0.019526781432342,-0.06110661254983,0.021524325638399,-0.077962617458439,-0.075772480502932,-0.162239545236829,0.028178484350812,-0.081980037628056,0.00543209396666902,-0.037175772394052,-0.074790469033788,-0.037928988669036,-0.094606439791101,-0.037408615451713,-0.049073646700505,0.005339909425574,0.034207837175876,-0.087259694030291
Rank3,0.018888542766605,0.010576046794972,-0.029040030874103,-0.014972481680108,-0.022706134747589,0.08943923776226,0.01238175838114,0.0643131575704014,0.09313784775744,-0.006087921424639,0.043360011944827,0.0748268968295903,0.087782887384697,-0.093945829933856,0.00467682783558099,-0.085268986627205,-0.025113230135282,0.031994025672053,-0.053759501895079,0.002829873215275
Rank4,0.0296272522060419,0.1,0.00564678838793201,-0.014386850117676,0.010196706978343,0.098599709519499,-0.002273285179376,0.069147634858193,-0.004732698536054,0.1,0.049118870224732,0.1,0.025641683066745,0.0643013855440628,0.0822007532288527,0.0501655204167679,0.003629488277722,0.0271226128794879,0.033592472727973,0.0551886796565916
Rank5,0.0507520605254921,0.05,0.012792606627398,0.0497170107030495,0.0402713339974041,0.0206135190985574,0.0637574431099902,0.0233979126122204,0.0201214170196177,0.1,0.0462383131459604,0.05,0.05,0.0661789116564067,0.05,0.0677942433440066,0.0412523626873846,0.0413379140567501,0.0868015357935984,0.05
Rank6,0.05,0.05,0.026802383169728,0.1,0.1,0.05,0.05,0.1,0.0540577815290831,0.05,0.05,0.05,0.05,0.05,0.05,0.1,0.05,0.05,0.05,0.05
