C1_WGSerr_r0,C2_WGSerr_r0,C3_WGSerr_r0,C4_WGSerr_r0,C5_WGSerr_r0,C6_WGSerr_r0,C7_WGSerr_r0,C8_WGSerr_r0,C9_WGSerr_r0,C10_WGSerr_r0,C11_WGSerr_r0,C12_WGSerr_r0,C13_WGSerr_r0,C14_WGSerr_r0,C15_WGSerr_r0,C16_WGSerr_r0,C17_WGSerr_r0,C18_WGSerr_r0,C19_WGSerr_r0,C20_WGSerr_r0
sorted_JSD,0.0278406049681807,0.076941577021425,0.00269904781292445,0.0424548777397801,0.0455048034828534,0.0482013453100575,0.0285856886091836,0.0602407318212244,0.025051773305172,0.0963886967283866,0.0357614080610919,0.0969749914337437,0.0499904212205814,0.0375592442517928,0.0573481959605394,0.0563033436653058,0.0219680974632942,0.0310243345930456,0.0480821261603272,0.0449356652720453
