C10_WGSerr_r0,C11_WGSerr_r0,C12_WGSerr_r0,C13_WGSerr_r0,C14_WGSerr_r0,C15_WGSerr_r0,C16_WGSerr_r0,C17_WGSerr_r0,C18_WGSerr_r0,C19_WGSerr_r0,C1_WGSerr_r0,C20_WGSerr_r0,C2_WGSerr_r0,C3_WGSerr_r0,C4_WGSerr_r0,C5_WGSerr_r0,C6_WGSerr_r0,C7_WGSerr_r0,C8_WGSerr_r0,C9_WGSerr_r0
GCA_900622695,0.05,-0.194149289282188,-0.237651124435539,0.025641683066745,0.0143013855440628,0.05,-0.095282161681857,-0.049073646700505,0.0271226128794879,0.033592472727973,0.0296272522060419,-0.087259694030291,0.05,-0.030473218567658,-0.014972481680108,0.0402713339974041,0.05,0.05,0.0233979126122204,0.0540577815290831
GCA_002056065,0.1,0.0462383131459604,0.05,-0.138634101417654,0.05,0.0822007532288527,-0.087408615451713,0.0412523626873846,0.0413379140567501,0.05,0.018888542766605,0.05,-0.048052530381828,0.012792606627398,0.0497170107030495,-0.022706134747589,-0.077962617458439,0.0637574431099902,0.0643131575704014,-0.190762832120899
GCA_008275005,-0.161932040947305,0.00543209396666902,-0.037175772394052,0.05,0.012071011330964,-0.044606439791101,-0.035268986627205,0.05,0.005339909425574,0.0868015357935984,0.0007520605254921,0.05,-0.162523516413145,-0.035728528743298,-0.059251066355436,0.021524325638399,0.0206135190985574,0.01238175838114,-0.062239545236829,0.0201214170196177
GCA_001675145,-0.081980037628056,0.049118870224732,0.0748268968295903,0.087782887384697,0.116178911656407,0.00467682783558099,0.1,0.053629488277722,0.031994025672053,0.034207837175876,-0.082093202057385,-0.070758858841576,0.010576046794972,0.020959969125897,0.1,0.15,0.098599709519499,-0.025772480502932,0.1,0.095267301463946
GCA_003586065,0.1,0.05,0.05,-0.074790469033788,-0.098605478597578,-0.142271141273333,0.0677942433440066,-0.025113230135282,-0.155794462033865,-0.150842343802369,0.1,0.0551886796565916,0.1,0.00564678838793201,-0.06110661254983,-0.149286231866557,0.08943923776226,-0.098093435808823,0.069147634858193,0.028178484350812
GCA_002903105,-0.006087921424639,0.043360011944827,0.1,0.05,-0.093945829933856,0.05,0.0501655204167679,-0.07069497412932,0.05,-0.053759501895079,-0.067174653440753,0.002829873215275,0.05,0.026802383169728,-0.014386850117676,-0.039803293021657,-0.180689848921878,-0.002273285179376,-0.194619159803986,-0.00686215224256
