C1_WGSerr_r0,C10_WGSerr_r0,C11_WGSerr_r0,C12_WGSerr_r0,C13_WGSerr_r0,C14_WGSerr_r0,C15_WGSerr_r0,C16_WGSerr_r0,C17_WGSerr_r0,C18_WGSerr_r0,C19_WGSerr_r0,C2_WGSerr_r0,C20_WGSerr_r0,C3_WGSerr_r0,C4_WGSerr_r0,C5_WGSerr_r0,C6_WGSerr_r0,C7_WGSerr_r0,C8_WGSerr_r0,C9_WGSerr_r0
sorted_JSD,0.0875681027120015,0.00313922803135739,0.062718046199347,0.0615555100326138,0.0628499043326608,0.0894370148332725,0.0684566812140154,0.0575311080194606,0.00217068414732097,0.0913975227759376,0.0114271262710878,0.0723908987019378,0,0.0726312732795353,0.0818628668311608,0.0855894982509098,0.0784300004267141,0.134682908927763,0.0615555100326138,0.0739661791733184
