C10_WGSerr_r0,C11_WGSerr_r0,C12_WGSerr_r0,C13_WGSerr_r0,C14_WGSerr_r0,C15_WGSerr_r0,C16_WGSerr_r0,C17_WGSerr_r0,C18_WGSerr_r0,C19_WGSerr_r0,C1_WGSerr_r0,C20_WGSerr_r0,C2_WGSerr_r0,C3_WGSerr_r0,C4_WGSerr_r0,C5_WGSerr_r0,C6_WGSerr_r0,C7_WGSerr_r0,C8_WGSerr_r0,C9_WGSerr_r0
bench_GCA_002056065,0.5,0.45,0.4,0.35,0.3,0.25,0.2,0.15,0.1,0.05,0.95,0,0.9,0.85,0.8,0.75,0.7,0.65,0.6,0.55
bench_GCA_001675145,0.5,0.55,0.6,0.65,0.7,0.75,0.8,0.85,0.9,0.95,0.05,1,0.1,0.15,0.2,0.25,0.3,0.35,0.4,0.45
predict_GCA_002056065,0.516263499161447,0.467028926852954,0.413508556236331,0.361252917290946,0.3093171526481,0.256480220914633,0.199298777072874,0.14479834542477,0.0850814635022813,0.0238308678263075,1,0,0.949287756595346,0.889285195294389,0.837249425665405,0.78020646083155,0.723974806271499,0.675716611426349,0.626556521770788,0.569293488643897
predict_GCA_001675145,0.483736500838553,0.532971073147046,0.586491443763669,0.638747082709054,0.6906828473519,0.743519779085367,0.800701222927126,0.85520165457523,0.914918536497719,0.976169132173692,0,1,0.0507122434046543,0.110714804705611,0.162750574334596,0.21979353916845,0.276025193728501,0.324283388573651,0.373443478229212,0.430706511356103
