C10_WGSerr_r0,C11_WGSerr_r0,C12_WGSerr_r0,C13_WGSerr_r0,C14_WGSerr_r0,C15_WGSerr_r0,C16_WGSerr_r0,C17_WGSerr_r0,C18_WGSerr_r0,C19_WGSerr_r0,C1_WGSerr_r0,C20_WGSerr_r0,C2_WGSerr_r0,C3_WGSerr_r0,C4_WGSerr_r0,C5_WGSerr_r0,C6_WGSerr_r0,C7_WGSerr_r0,C8_WGSerr_r0,C9_WGSerr_r0
sorted_JSD,0.000132291532199266,0.00014600455196643,9.45315538559643e-05,6.90751983246393e-05,5.12244946869523e-05,2.77578198571581e-05,3.84657445897475e-07,2.69135848960727e-05,0.000331612202296768,0.00245895278317089,0.0176492274645948,0,0.00443320814766994,0.00170740330248124,0.00116982256661259,0.000634963134763756,0.000350454523773304,0.000369984337253933,0.000371759195389856,0.000188818812527134
