C1_WGSerr_r0,C2_WGSerr_r0,C3_WGSerr_r0,C4_WGSerr_r0,C5_WGSerr_r0,C6_WGSerr_r0,C7_WGSerr_r0,C8_WGSerr_r0,C9_WGSerr_r0,C10_WGSerr_r0,C11_WGSerr_r0,C12_WGSerr_r0,C13_WGSerr_r0,C14_WGSerr_r0,C15_WGSerr_r0,C16_WGSerr_r0,C17_WGSerr_r0,C18_WGSerr_r0,C19_WGSerr_r0,C20_WGSerr_r0
sorted_JSD,0.0262373817948471,0.0676485566753759,0.0531217203977042,0.0503007072716563,0.0338970470592104,0.0258231369921928,0.0287106567904021,0.0483834401883364,0.0399564026395749,0.0633414531094393,0.0259794812363488,0.0508261266359012,0.0254406040554147,0.040614841373489,0.0316320858080519,0.0508398854966787,0.0151814888611556,0.0254872155939748,0.0195121394118171,0.0113579606558258
