C1_WGSerr_r0,C18_WGSerr_r0,C19_WGSerr_r0,C2_WGSerr_r0,C20_WGSerr_r0,C3_WGSerr_r0,C4_WGSerr_r0,C5_WGSerr_r0,C6_WGSerr_r0,C7_WGSerr_r0,C8_WGSerr_r0,C10_WGSerr_r0,C9_WGSerr_r0,C11_WGSerr_r0,C12_WGSerr_r0,C13_WGSerr_r0,C14_WGSerr_r0,C15_WGSerr_r0,C16_WGSerr_r0,C17_WGSerr_r0
Rank1,0.00440399999999996,0.00283700000000001,0.00300600000000001,0.070358,0.00715699999999997,0.039332,0.049836,0.002919,-0.014849,0.000956999999999986,0.050561,0.0399330000000001,-0.00102400000000002,0.00971299999999997,0.00792199999999998,-0.00248100000000001,0.036115,0.051667,0.00429299999999999,-0.00165900000000002
Rank2,-0.00179499999999999,0.00515099999999999,0.00867299999999999,0.00264400000000004,0.006219,0.009435,0.00448100000000001,0.042505,3.99999999999845e-05,0.003577,-7.49999999999917e-05,0.00933300000000001,0.00367300000000001,0.046426,0.034261,-0.00204599999999999,0.00135099999999999,0.00239700000000001,0.049571,-0.00315799999999999
Rank3,0.00618400000000002,0.02388,0.00281999999999999,0.00351399999999999,0.00800000000000001,-0.002049,0.000997999999999999,0.007185,0.00206500000000001,0.038317,-0.00340099999999999,-0.00342699999999999,0.012553,0.002419,0.000342000000000009,0.00479099999999999,-0.003604,0.012551,0.00654500000000002,0.010006
Rank4,0.000660000000000008,0.003279,0.00343500000000001,0.013024,0.00804600000000001,0.00741800000000001,-0.00695,0.020992,0.00880900000000001,0.000796000000000005,-0.001466,-0.000850999999999991,-0.01743,0.00758599999999998,0.00656100000000001,0.008299,0.010383,-0.00457299999999999,-0.010481,0.010794
Rank5,0.00757500000000001,0.013507,0.020757,-0.009438,-0.003334,0.014056,0.000182000000000015,-0.01074,0.00381700000000001,0.00154800000000001,0.005315,0.00807300000000001,0.012638,-0.010604,0.002759,-0.007217,0.006078,0.002214,0.00175400000000001,0.002806
Rank6,0.036647,-0.005034,0.005174,0.00231600000000001,0.002283,-0.00766599999999999,0.00440000000000002,0.004148,0.039587,0.00547300000000001,0.00853,0.00531300000000001,0.045469,0.005657,0.013159,0.035832,0.009065,0.004179,0.00742900000000001,0.020026
