C1_WGSerr_r0,C18_WGSerr_r0,C19_WGSerr_r0,C2_WGSerr_r0,C20_WGSerr_r0,C3_WGSerr_r0,C4_WGSerr_r0,C5_WGSerr_r0,C6_WGSerr_r0,C7_WGSerr_r0,C8_WGSerr_r0,C10_WGSerr_r0,C9_WGSerr_r0,C11_WGSerr_r0,C12_WGSerr_r0,C13_WGSerr_r0,C14_WGSerr_r0,C15_WGSerr_r0,C16_WGSerr_r0,C17_WGSerr_r0
UnW_D,0.0359492609225183,0,0.0446965862849939,0.0837460544817348,0,0.0585606680381548,0.0525357961372227,0.0193185478816586,0,0,0.0990365168838998,0.0193185478816586,0.0446965862849939,0.0446965862849939,0.0583703983265155,0.0585606680381548,0.0583703983265155,0.0783026413397914,0.0243079385872841,0
Weight_D,0.00568320974491619,0.00416888259691584,0.00245892443835235,0.00570935797756814,0.00131694121263664,0.00458405232381307,0.00447387024109591,0.00534088114636151,0.00498717877475247,0.00661861689096588,0.0055404163496382,0.00269423320756476,0.00625094478983537,0.00538022821830804,0.00321774420963127,0.00443315556719683,0.00396988642438078,0.00670754993057397,0.00612477684408777,0.00444612422139308
Bray_D,0.0358456013702909,0.0274425213915497,0.0303918093873418,0.076656848381203,0.017771599017868,0.0551373708734115,0.0398784660164428,0.051890742156197,0.035279727788033,0.0259924938389151,0.045962547977501,0.0407641565235545,0.0559095468520442,0.0522066658432042,0.0425650764133618,0.0433483020845341,0.0403583723920528,0.0526329774459296,0.0501515961643643,0.0247039417495035
JC_D,0.142857142857143,0,0.142857142857143,0.333333333333333,0,0.25,0.142857142857143,0.142857142857143,0,0,0.25,0.142857142857143,0.142857142857143,0.142857142857143,0.142857142857143,0.25,0.142857142857143,0.25,0.142857142857143,0
JSD,0.0102260040594705,0.000401571473925925,0.00625592587480525,0.019159281122934,0.000102863472669398,0.0110653874847299,0.00479266425410515,0.005914929861653,0.00722885671623424,0.000798492021214306,0.00842713126618215,0.00490972181519122,0.00986213015611475,0.00636702628482156,0.00714434581098802,0.0144376761915837,0.00497979115485555,0.0106315798125232,0.00789705424294107,0.00125814375952354
