C1_WGSerr_r0,C18_WGSerr_r0,C19_WGSerr_r0,C2_WGSerr_r0,C20_WGSerr_r0,C3_WGSerr_r0,C4_WGSerr_r0,C5_WGSerr_r0,C6_WGSerr_r0,C7_WGSerr_r0,C8_WGSerr_r0,C10_WGSerr_r0,C9_WGSerr_r0,C11_WGSerr_r0,C12_WGSerr_r0,C13_WGSerr_r0,C14_WGSerr_r0,C15_WGSerr_r0,C16_WGSerr_r0,C17_WGSerr_r0
Rank1,0.035639,0.0173249999999999,0.0119009999999999,0.0297480000000001,0.009911,0.019262,0.027304,0.0117039999999999,0.00964699999999996,0.011016,0.00332100000000002,-0.004251,-0.00926700000000003,0.0465500000000001,0.0404139999999999,0.039836,0.0271299999999999,0.028417,0.0283590000000001,0.021824
Rank2,0.013757,0.000726000000000004,0.039256,0.015967,0,0.024174,0.021856,0.026001,0.043149,0.0252579999999999,0.037427,0.037519,0.04211,-0.000458999999999987,-0.00537799999999999,-0.010907,0.00449299999999997,-0.00409599999999999,-0.00794199999999998,-0.00998200000000002
