C1_WGSerr_r0,C2_WGSerr_r0,C3_WGSerr_r0,C4_WGSerr_r0,C5_WGSerr_r0,C6_WGSerr_r0,C7_WGSerr_r0,C8_WGSerr_r0,C9_WGSerr_r0,C10_WGSerr_r0,C11_WGSerr_r0,C12_WGSerr_r0,C13_WGSerr_r0,C14_WGSerr_r0,C15_WGSerr_r0,C16_WGSerr_r0,C17_WGSerr_r0,C18_WGSerr_r0,C19_WGSerr_r0,C20_WGSerr_r0,C1_WGSerr_r1,C2_WGSerr_r1,C3_WGSerr_r1,C4_WGSerr_r1,C5_WGSerr_r1,C6_WGSerr_r1,C7_WGSerr_r1,C8_WGSerr_r1,C9_WGSerr_r1,C10_WGSerr_r1,C11_WGSerr_r1,C12_WGSerr_r1,C13_WGSerr_r1,C14_WGSerr_r1,C15_WGSerr_r1,C16_WGSerr_r1,C17_WGSerr_r1,C18_WGSerr_r1,C19_WGSerr_r1,C20_WGSerr_r1,C1_WGSerr_r2,C2_WGSerr_r2,C3_WGSerr_r2,C4_WGSerr_r2,C5_WGSerr_r2,C6_WGSerr_r2,C7_WGSerr_r2,C8_WGSerr_r2,C9_WGSerr_r2,C10_WGSerr_r2,C11_WGSerr_r2,C12_WGSerr_r2,C13_WGSerr_r2,C14_WGSerr_r2,C15_WGSerr_r2,C16_WGSerr_r2,C17_WGSerr_r2,C18_WGSerr_r2,C19_WGSerr_r2,C20_WGSerr_r2
sorted_JSD,0.101701794851444,0.103221317257729,0.106492572568741,0.110968889734979,0.101048070027071,0.0957643489386494,0.0900311854122667,0.0839050529982352,0.0743844453294286,0.0720012943113352,0.0600191139768794,0.0511782845561114,0.042743644345526,0.0328782017450132,0.0239997875169143,0.0216847326384542,0.0141388803245293,0.00833545211939223,0.0067546552515527,0,1,1,1,1,1,1,1,1,1,1,1,1,1,1,1,1,1,1,1,1,1,1,1,1,1,1,1,1,1,1,1,1,1,1,1,1,1,1,1,1
