C1_WGSerr_r0,C18_WGSerr_r0,C19_WGSerr_r0,C2_WGSerr_r0,C20_WGSerr_r0,C3_WGSerr_r0,C4_WGSerr_r0,C5_WGSerr_r0,C6_WGSerr_r0,C7_WGSerr_r0,C8_WGSerr_r0,C10_WGSerr_r0,C9_WGSerr_r0,C11_WGSerr_r0,C12_WGSerr_r0,C13_WGSerr_r0,C14_WGSerr_r0,C15_WGSerr_r0,C16_WGSerr_r0,C17_WGSerr_r0
bench_rank1,0.95,0.9,0.95,0.9,1,0.85,0.8,0.75,0.7,0.65,0.6,0.5,0.55,0.55,0.6,0.65,0.7,0.75,0.8,0.85
bench_rank2,0.05,0.1,0.05,0.1,0,0.15,0.2,0.25,0.3,0.35,0.4,0.5,0.45,0.45,0.4,0.35,0.3,0.25,0.2,0.15
bench_rank3,0,0,0,0,0,0,0,0,0,0,0,0,0,0,0,0,0,0,0,0
predict_rank1,0.914361,0.882675,0.938099,0.870252,0.990089,0.830738,0.772696,0.738296,0.690353,0.638984,0.596679,0.504251,0.559267,0.50345,0.559586,0.610164,0.67287,0.721583,0.771641,0.828176
predict_rank2,0.036243,0.099274,0.010744,0.084033,0,0.125826,0.178144,0.223999,0.256851,0.324742,0.362573,0.462481,0.40789,0.450459,0.405378,0.360907,0.295507,0.254096,0.207942,0.159982
predict_rank3,0.049396,0.0180509999999999,0.051157,0.0457150000000001,0.009911,0.043436,0.04916,0.0377049999999999,0.0527960000000001,0.0362739999999999,0.040748,0.0332680000000001,0.032843,0.0460910000000001,0.035036,0.028929,0.031623,0.024321,0.0204170000000001,0.0118419999999999
