C1_WGSerr_r0,C18_WGSerr_r0,C19_WGSerr_r0,C2_WGSerr_r0,C20_WGSerr_r0,C3_WGSerr_r0,C4_WGSerr_r0,C5_WGSerr_r0,C6_WGSerr_r0,C7_WGSerr_r0,C8_WGSerr_r0,C10_WGSerr_r0,C9_WGSerr_r0,C11_WGSerr_r0,C12_WGSerr_r0,C13_WGSerr_r0,C14_WGSerr_r0,C15_WGSerr_r0,C16_WGSerr_r0,C17_WGSerr_r0
Rank1,0.00184899999999999,0.045512,0.167247,-0.049582,-0.033362,-0.0533,0.055523,0.00543399999999999,0.058525,0.047488,0.00648499999999999,-0.050665,-0.00980700000000001,0.000502000000000002,-0.039442,0.01202,0.012531,0.002696,-0.036809,0.011181
Rank2,0.019509,-0.053042,-0.023976,-0.01754,-0.024857,0.047041,0.056625,0.03504,-0.080732,0.000504000000000004,0.025442,0.074923,0.031089,0.033274,0.021506,-0.012745,-0.00520200000000001,0.001058,0.008245,-0.032351
Rank3,-0.040896,0.035005,-0.012385,0.050435,0.04105,0.051348,-0.049145,-0.012926,0.041881,0.00442000000000001,-0.012479,0.025405,0.030173,-0.005746,0.027882,0.00997199999999998,0.010244,0.047684,0.01135,0.016884
Rank4,0.00330600000000002,0.044279,0.00362700000000001,0.051701,0.042694,0.005496,0.007368,0.020457,0.00447600000000001,-0.018366,0.029001,0.032255,0.061968,0.00285100000000001,0.043951,0.024753,0.00396400000000001,0.015218,0.031614,0.009675
Rank5,0.020715,0.011744,-0.013049,0.00548700000000001,-0.00115399999999999,0.00933700000000001,-0.025287,0.022792,0.013332,0.025789,0.039883,-0.00139,0.013316,0.00689000000000001,0.012011,-0.006178,0.00831900000000001,0.015562,0.058425,0.026111
Rank6,0.023436,-0.007527,-0.0064,0.025752,0.020787,0.016956,0.01417,0.023278,0.040836,0.046481,-0.001492,0.016118,-0.02735,0.019854,0.021557,0.025639,0.025988,0.018864,0.01149,0.034953
Rank7,0.048343,-0.000926999999999997,-0.002099,0.02724,0.032958,0.02286,0.015347,-0.016998,0.002932,0.009186,0.004887,-0.016204,0.002313,0.031561,0.022241,-0.023038,0.028696,0.021032,-0.019567,0.000467000000000002
Rank8,0.008402,0.012622,0.002183,0.012811,-0.004574,0.032129,0.0302,0.00723500000000001,0.014456,0.010625,0.005373,-0.006501,0.010529,0.009436,-0.0189,0.027957,0.015789,-0.010453,0.006614,0.010779
