C1_WGSerr_r0,C18_WGSerr_r0,C19_WGSerr_r0,C2_WGSerr_r0,C20_WGSerr_r0,C3_WGSerr_r0,C4_WGSerr_r0,C5_WGSerr_r0,C6_WGSerr_r0,C7_WGSerr_r0,C8_WGSerr_r0,C10_WGSerr_r0,C9_WGSerr_r0,C11_WGSerr_r0,C12_WGSerr_r0,C13_WGSerr_r0,C14_WGSerr_r0,C15_WGSerr_r0,C16_WGSerr_r0,C17_WGSerr_r0
sorted_JSD,0.0623024791572173,0.042022285820099,0.0578547102874046,0.0593488883592845,0.0303560343027174,0.041838979472637,0.0333909629101808,0.0502061120451676,0.0337790352752816,0.0534357040380537,0.0430369776360041,0.0317773768852346,0.0449818935304368,0.0444309547974975,0.0426855717179456,0.0540840361925192,0.0608714568009789,0.0246332189041565,0.0571830314412311,0.0264898382375369
