C1_WGSerr_r0,C18_WGSerr_r0,C19_WGSerr_r0,C2_WGSerr_r0,C20_WGSerr_r0,C3_WGSerr_r0,C4_WGSerr_r0,C5_WGSerr_r0,C6_WGSerr_r0,C7_WGSerr_r0,C8_WGSerr_r0,C10_WGSerr_r0,C9_WGSerr_r0,C11_WGSerr_r0,C12_WGSerr_r0,C13_WGSerr_r0,C14_WGSerr_r0,C15_WGSerr_r0,C16_WGSerr_r0,C17_WGSerr_r0
UnW_D,0,0.0857377117356757,0,0.10886641857613,0,0.0585606680381548,0,0.169325547190294,0.109690992848008,0.0903124230109252,0.0757022442649715,0.115711919242799,0.15695912321384,0.0903124230109252,0.0359492609225183,0.0359492609225183,0.0583703983265155,0.0585606680381548,0.0585606680381548,0.11777353586793
Weight_D,0.0185585817547588,0.0231328218388542,0.0229460572899338,0.0190284967729832,0.0279059663500185,0.0238487441379189,0.0302504310769202,0.0240234542567551,0.0203160167440613,0.0185505104794554,0.0281940715980846,0.0230208379402384,0.0195081654393388,0.0351274900540762,0.0348941092025931,0.0160357363555795,0.0256057656973384,0.0230380321058642,0.0287112648931929,0.0283589554054071
Bray_D,0.125412537879872,0.15835228564351,0.139266085819927,0.168379639544132,0.156643963903474,0.149285641770827,0.162972001444249,0.168439023324156,0.148741472486632,0.135999193747061,0.205290317891039,0.151658488704376,0.150418309000192,0.202577003388692,0.180879102738346,0.106579473526563,0.159860219563696,0.157173160084438,0.170062259793464,0.169372598391614
JC_D,0,0.333333333333333,0,0.4,0,0.25,0,0.333333333333333,0.285714285714286,0.25,0.333333333333333,0.333333333333333,0.444444444444444,0.25,0.142857142857143,0.142857142857143,0.142857142857143,0.25,0.25,0.285714285714286
JSD,0.016767198263538,0.0260861477081176,0.0144374651182361,0.0404843263921787,0.0193201328599678,0.0245424447284352,0.015875969580177,0.0330486240028355,0.0374282094037958,0.0212763823956047,0.0390530149433557,0.0253758654842782,0.0603005756372303,0.0351385369511228,0.0242390011880924,0.0155848141915315,0.0191576978532996,0.026636937120762,0.0290537757561321,0.0369047706466334
