C1_WGSerr_r0,C2_WGSerr_r0,C3_WGSerr_r0,C4_WGSerr_r0,C5_WGSerr_r0,C6_WGSerr_r0,C7_WGSerr_r0,C8_WGSerr_r0,C9_WGSerr_r0,C10_WGSerr_r0,C11_WGSerr_r0,C12_WGSerr_r0,C13_WGSerr_r0,C14_WGSerr_r0,C15_WGSerr_r0,C16_WGSerr_r0,C17_WGSerr_r0,C18_WGSerr_r0,C19_WGSerr_r0,C20_WGSerr_r0
sorted_JSD,0.023445289073042,0.0850018055964802,0.0482676792250597,0.0530659115882247,0.0491932303783661,0.0327169406104365,0.0370067806829797,0.0671866944773998,0.0344462006051204,0.0696018524165845,0.041889961357476,0.0585149318336295,0.0263653227872898,0.0330084224204723,0.0359166028422223,0.0672729918888483,0.0305129656653664,0.0369422215577212,0.00785837931018139,0.0133286896517085
