C1_WGSerr_r0,C2_WGSerr_r0,C3_WGSerr_r0,C4_WGSerr_r0,C5_WGSerr_r0,C6_WGSerr_r0,C7_WGSerr_r0,C8_WGSerr_r0,C9_WGSerr_r0,C10_WGSerr_r0,C11_WGSerr_r0,C12_WGSerr_r0,C13_WGSerr_r0,C14_WGSerr_r0,C15_WGSerr_r0,C16_WGSerr_r0,C17_WGSerr_r0,C18_WGSerr_r0,C19_WGSerr_r0,C20_WGSerr_r0
Rank1,0.018803,0.160714,0.037839,0.096949,-0.059615,-0.029156,-0.021509,0.085754,0.002498,0.132026,-0.13159,-0.134816,-0.033397,-0.016565,-0.02203,-0.095708,-0.029963,-0.062323,-0.078626,-0.00796400000000003
Rank2,-0.024088,-0.015164,0.00659900000000002,-0.039636,0.037986,-0.00729200000000002,-0.034648,0.019843,-0.039079,-0.010576,0.076071,0.119976,0.025917,0.044529,0.026216,0.060534,-0.048705,0.039313,0.034264,-0.063022
Rank3,0.050263,0.002416,-0.038755,-0.0759,0.013648,0.005132,0.087504,-0.00842700000000002,0.027874,-0.03828,0.050561,0.013593,0.037347,0.00648299999999999,0.079201,0.061254,-0.019354,0.102132,0.012163,0.081619
Rank4,-0.026932,-0.036479,-0.00228300000000001,0.004343,0.021139,0.060893,-0.009543,-0.004223,-0.028494,-0.01051,0.061599,0.048441,-0.040077,0.014946,-0.00151999999999999,-0.014315,0.104521,-0.036176,0.026925,0.00574100000000001
Rank5,-0.013229,-0.020814,0.000686999999999993,0.021187,0.00833100000000001,-0.017459,0.038895,-0.004325,0.039359,0.025342,0.033099,0.00793900000000001,0.020016,0.025271,-0.020033,0.014714,0.00464900000000001,0.00807200000000001,0.044595,-0.007147
Rank6,0.038999,0.015553,0.045908,0.051564,0.052469,0.028489,-0.001583,0.00823700000000001,0.068188,-0.010437,-0.00898599999999999,0.009621,0.031783,-0.00372,0.022102,0.052953,0.038076,0.024851,-0.000939999999999996,0.030806
