C10_WGSerr_r0,C11_WGSerr_r0,C12_WGSerr_r0,C13_WGSerr_r0,C14_WGSerr_r0,C15_WGSerr_r0,C16_WGSerr_r0,C17_WGSerr_r0,C18_WGSerr_r0,C19_WGSerr_r0,C1_WGSerr_r0,C20_WGSerr_r0,C2_WGSerr_r0,C3_WGSerr_r0,C4_WGSerr_r0,C5_WGSerr_r0,C6_WGSerr_r0,C7_WGSerr_r0,C8_WGSerr_r0,C9_WGSerr_r0
Rank1,-0.114415300421922,-0.141541863715086,-0.239593456076786,-0.069274412501998,-0.245584563390207,-0.139407488646176,-0.092867101580873,-0.176778894399928,-0.094853084375539,-0.215938144906234,-0.084818081935268,-0.236887838147491,-0.037144547898664,-0.041319134752916,-0.331909182266391,-0.206090471955868,-0.241276252161483,-0.29314923275873,-0.17450176352907,-0.190190034951642
Rank2,-0.066317198105669,-0.145282701866958,-0.019946796779582,-0.108200968577458,-0.094365146148798,-0.173316631469823,-0.134519625924011,0.050738969682866,-0.158144145573338,-0.047869602709052,-0.119947348688028,-0.074257407587111,-0.081239756862694,-0.090979570286674,-0.028665322798789,0.00911952763624002,-0.013847675833651,0.025055704357884,-0.066690462118361,-0.118920304610297
Rank3,-0.080791677699815,-0.042788700364449,-0.01909038520334,-0.011863619723104,0.0671560745237736,0.012181168865609,-0.05231451923588,0.00527131869286698,-0.011938045914992,-0.036192252384714,-0.047815053328443,-0.046992155805632,-0.069598325273206,-0.005816290550401,0.0605745050651794,0.00175358092747799,-0.00131087818547501,0.042626394932537,-0.021808536452445,-0.044735912291124
Rank4,-0.038475823772594,0.0374090191466266,0.018882661762538,0.003170201384773,0.0215047559874096,0.0153807223166976,0.035223867314315,-0.020487558312861,0.014935275863869,0.1,-0.026070866664968,0.036277801141909,-0.057397620643466,-0.010252963126405,0.1,-0.00411163005955599,-0.043565193819391,-0.00328279617711999,0.017268921083918,0.103846251853062
Rank5,0.1,0.0422042467998672,0.00974797629717031,-0.013831200582212,0.0365145919988108,0.0600228028951425,0.082356911816734,0.00907859896173301,0.1,0.05,0.0286513506167082,0.0718596003983247,0.0337703899139225,-0.00927405210901799,0.05,-0.000671006548293995,0.1,0.028749929645429,0.1,0.1
Rank6,0.1,0.1,0.1,0.1,0.0647742870290106,0.0751394260385502,0.0621204676097156,0.032177565375323,0.05,0.05,0.1,0.1,0.0616098607641075,0.0156891212883666,0.05,0.1,0.1,0.1,0.05,0.05
Rank7,0.05,0.1,0.1,0.05,0.1,0.1,0.05,0.05,0.05,0.05,0.1,0.1,0.1,0.0419528895370474,0.05,0.05,0.05,0.05,0.05,0.05
Rank8,0.05,0.05,0.05,0.05,0.05,0.05,0.05,0.05,0.05,0.05,0.05,0.05,0.05,0.1,0.05,0.05,0.05,0.05,0.05,0.05
