C1_WGSerr_r0,C18_WGSerr_r0,C19_WGSerr_r0,C2_WGSerr_r0,C20_WGSerr_r0,C3_WGSerr_r0,C4_WGSerr_r0,C5_WGSerr_r0,C6_WGSerr_r0,C7_WGSerr_r0,C8_WGSerr_r0,C10_WGSerr_r0,C9_WGSerr_r0,C11_WGSerr_r0,C12_WGSerr_r0,C13_WGSerr_r0,C14_WGSerr_r0,C15_WGSerr_r0,C16_WGSerr_r0,C17_WGSerr_r0
UnW_D,0.049551915135454,0.123659998180383,0,0,0,0,0.0468902203329198,0.123659998180383,0.0683690700212774,0.0456809487647913,0.0618926491053613,0.0210544029700165,0,0.0509619818312895,0.0509619818312895,0.0311873788971782,0.0856130342676322,0,0.0210544029700165,0.0509619818312895
Weight_D,0.0103384907279486,0.0175603691346107,0.0170004485361986,0.0130866018257362,0.0140575576745291,0.0170461542106234,0.0152157251844473,0.0122938664508257,0.0101060937693765,0.0110455479016789,0.0147450737323462,0.0162990210831284,0.014955731716868,0.0145670555221898,0.0107713299909433,0.0116852179373462,0.0107138082806639,0.0173507421654251,0.0132544731053732,0.0150072720534002
Bray_D,0.0977622833597536,0.100099428363865,0.158764655770711,0.0738111646782523,0.091968787844428,0.109247683560934,0.118307197610448,0.0954695979049738,0.0613349763344776,0.0888344898950825,0.0832972868655544,0.101623281638826,0.102238108319768,0.105470494816805,0.106816566070559,0.0789121762094735,0.103737681922515,0.122357933038783,0.0973328495104364,0.110487110007844
JC_D,0.2,0.125,0,0,0,0,0.2,0.125,0.111111111111111,0.111111111111111,0.111111111111111,0.111111111111111,0,0.2,0.2,0.111111111111111,0.222222222222222,0,0.111111111111111,0.2
JSD,0.016025950400736,0.0233464056308033,0.0144419300325027,0.00558314298272513,0.00759904255772256,0.00795035971233142,0.0203811738441461,0.0224954299122608,0.00824316525930315,0.00771900582206013,0.0122075516885742,0.0100361202015402,0.00802814898751166,0.0156212680714364,0.0271603825184311,0.00792378815549435,0.0265931904979555,0.0112434101256971,0.0112889099438626,0.0180754059462955
