C1_WGSerr_r0,C18_WGSerr_r0,C19_WGSerr_r0,C2_WGSerr_r0,C20_WGSerr_r0,C3_WGSerr_r0,C4_WGSerr_r0,C5_WGSerr_r0,C6_WGSerr_r0,C7_WGSerr_r0,C8_WGSerr_r0,C10_WGSerr_r0,C9_WGSerr_r0,C11_WGSerr_r0,C12_WGSerr_r0,C13_WGSerr_r0,C14_WGSerr_r0,C15_WGSerr_r0,C16_WGSerr_r0,C17_WGSerr_r0
Rank1,-0.00770100000000001,-0.036915,-0.0293859999999999,0.00572300000000003,0.123158,-0.032978,-0.014684,-0.027511,-0.039017,-0.0235569999999999,0.152263,-0.049819,0.00290099999999999,-0.016492,0.00682699999999997,-0.019858,-0.016719,-0.044417,-0.031132,0.0547899999999999
Rank2,0.116378,0.00468799999999997,0.05927,0.030298,-0.035322,0.128589,-0.00859799999999999,0.070923,0.086306,0.004358,-0.033193,0.00943300000000002,0.081163,0.028218,0.055151,0.01563,-0.015576,0.12096,0.014937,0.064369
Rank3,-0.029685,0.088115,0.011849,0.033015,-0.00609200000000001,-0.016266,0.057629,0.010675,0.00609399999999999,0.013665,-0.017354,0.112476,-0.013213,0.00427,0.042968,0.004079,0.01898,-0.00588,0.049424,-0.00959299999999999
Rank4,-0.015006,0.012171,0.018752,-0.000836000000000003,0.007822,0.00665799999999997,0.028799,0.025436,0.010157,0.055647,-0.000266999999999989,0.005773,-0.013019,0.024646,-0.00459799999999999,0.038996,0.097099,0.00938700000000001,0.0425,-0.021962
