C1_WGSerr_r0,C18_WGSerr_r0,C19_WGSerr_r0,C2_WGSerr_r0,C20_WGSerr_r0,C3_WGSerr_r0,C4_WGSerr_r0,C5_WGSerr_r0,C6_WGSerr_r0,C7_WGSerr_r0,C8_WGSerr_r0,C10_WGSerr_r0,C9_WGSerr_r0,C11_WGSerr_r0,C12_WGSerr_r0,C13_WGSerr_r0,C14_WGSerr_r0,C15_WGSerr_r0,C16_WGSerr_r0,C17_WGSerr_r0
UnW_D,0.0313419242977176,0.123998391990496,0.187312776115555,0.0747470340283696,0.0961427413284036,0.0747470340283696,0.0461924122059235,0.0747470340283696,0.0461924122059235,0.0461924122059235,0.0997396192587729,0.0997396192587729,0.0313419242977176,0.253861963248772,0.0997396192587729,0.126803620853439,0.0984447743500998,0.123281218941462,0.0984447743500998,0.144365372093326
Weight_D,0.0180658913978797,0.0119813181101303,0.011632694469743,0.0112068571388763,0.0147632285022353,0.0126016745846861,0.00967251877736048,0.014065241024879,0.0144773434976929,0.00980450644986682,0.0134171120116594,0.0149342937424738,0.0128733563780097,0.00935853531172394,0.0134204355315073,0.009292748895386,0.0123845673921959,0.0146452232837791,0.0114736233816275,0.0153991125952707
Bray_D,0.0949968480332086,0.102114827583753,0.106460001454447,0.0905569051545198,0.11074181765715,0.114076075987882,0.0697490658766351,0.118924746097375,0.0963240414377437,0.0553648602621601,0.138373582144164,0.109378844636117,0.0678901449855598,0.0634564995268858,0.128077423620632,0.051281567526858,0.0960229123447365,0.122095576321849,0.0854573389557941,0.129741203779117
JC_D,0.2,0.428571428571429,0.5,0.333333333333333,0.428571428571429,0.333333333333333,0.2,0.333333333333333,0.2,0.2,0.428571428571429,0.428571428571429,0.2,0.4,0.428571428571429,0.4,0.333333333333333,0.5,0.333333333333333,0.428571428571429
JSD,0.0123913839826733,0.0212261679870898,0.0462329476640376,0.0194806522859818,0.0197409383931435,0.0212440072443891,0.0168754867773714,0.0234517690017735,0.0146358278440206,0.00971603832083678,0.0307157691377684,0.0203365748340686,0.00873235537583898,0.0269651586981103,0.0291106977670277,0.0217470659833118,0.0265153507153955,0.0284587956945084,0.0171091519716108,0.0282788329157293
