C1_WGSerr_r0,C18_WGSerr_r0,C19_WGSerr_r0,C2_WGSerr_r0,C20_WGSerr_r0,C3_WGSerr_r0,C4_WGSerr_r0,C5_WGSerr_r0,C6_WGSerr_r0,C7_WGSerr_r0,C8_WGSerr_r0,C10_WGSerr_r0,C9_WGSerr_r0,C11_WGSerr_r0,C12_WGSerr_r0,C13_WGSerr_r0,C14_WGSerr_r0,C15_WGSerr_r0,C16_WGSerr_r0,C17_WGSerr_r0
sorted_JSD,0.0301187717241041,0.0758471344019963,0.0815240976300794,0.0476165403779533,0.0848739167096181,0.101503967526229,0.0595996466227873,0.062518657805683,0.0412120334260807,0.0262174931230812,0.104719223943854,0.0413622911343885,0.0323178495186744,0.0416991776980119,0.0875277382546753,0.00814646469833706,0.0564791651037208,0.0762459894852024,0.0460063287684433,0.0696782522783187
