C1_WGSerr_r0,C10_WGSerr_r0,C11_WGSerr_r0,C12_WGSerr_r0,C13_WGSerr_r0,C14_WGSerr_r0,C15_WGSerr_r0,C16_WGSerr_r0,C17_WGSerr_r0,C18_WGSerr_r0,C19_WGSerr_r0,C2_WGSerr_r0,C20_WGSerr_r0,C3_WGSerr_r0,C4_WGSerr_r0,C5_WGSerr_r0,C6_WGSerr_r0,C7_WGSerr_r0,C8_WGSerr_r0,C9_WGSerr_r0
sorted_JSD,0.306857708868698,0.111989908967982,0.306857708868699,0.306857708868698,0.380395665848578,0.342014488007186,0.342014488007186,0.380395665848578,0.380395665848578,0.380395665848578,0.342014488007186,0.244099370497397,0.306857708868698,0.380395665848578,0.306857708868698,0.342014488007186,0.380395665848578,0.342014488007186,0.342014488007186,0.0755776680088815
