C10_WGSerr_r0,C11_WGSerr_r0,C12_WGSerr_r0,C13_WGSerr_r0,C14_WGSerr_r0,C15_WGSerr_r0,C16_WGSerr_r0,C17_WGSerr_r0,C18_WGSerr_r0,C19_WGSerr_r0,C1_WGSerr_r0,C20_WGSerr_r0,C2_WGSerr_r0,C3_WGSerr_r0,C4_WGSerr_r0,C5_WGSerr_r0,C6_WGSerr_r0,C7_WGSerr_r0,C8_WGSerr_r0,C9_WGSerr_r0
Rank1,-0.112233850990208,-0.202594905009009,-0.241061547103113,-0.321209757402208,-0.242541163155152,-0.176328119375727,-0.160033875906602,-0.321391170264025,-0.400867697882283,-0.226415205238799,-0.080262004237092,-0.223948869196689,-0.043173833065393,-0.122626928721578,-0.363691054138633,-0.205072148687798,-0.249165918441682,-0.306574910991394,-0.181672241389255,-0.208191246543014
Rank2,-0.083596468396657,-0.138555942165673,-0.020762157274492,-0.00709281038935999,-0.171253567709938,-0.172405807528146,-0.134356669077685,0.05792113590328,-0.013813996870597,-0.046116658899762,-0.11711738296327,-0.091250617894985,-0.084441294036068,-0.089681293943847,0.000802651136845967,0.012323958805177,-0.144897974153156,0.034108349395113,-0.064975482206099,-0.118296197717687
Rank3,-0.079665370167342,-0.045795677666794,-0.011346428790307,0.00367243533710698,0.060858373319545,0.009862444286421,-0.056763956130402,0.025104057825499,0.01468169475288,-0.027468135861439,-0.050207494720536,-0.053265840959702,-0.083584623017563,0.000407639436458995,0.0628884030017876,-0.000841983317893008,-0.00593610740516201,0.04239233096543,-0.00836210314619801,-0.037741121578161
Rank4,-0.024504310445792,0.0369465248414755,0.024312936693543,0.024630132454461,0.0360128518991295,0.0119423136414293,0.029661410197427,0.00563736920364141,0.15,0.1,-0.031784907713658,0.033604868254811,-0.072858152266533,-0.016509563774221,0.1,-0.007625965753185,0.1,-0.001414516808788,0.013738384754035,0.114228565838862
Rank5,0.1,0.1,-0.00114280352563099,0.1,0.0669235056464157,0.076929168976022,0.121493090917262,0.0327286073316045,0.1,0.05,0.0293717896345565,0.0848604597965652,0.0340579023855564,-0.01261140942409,0.05,0.00121613895369931,0.1,0.0314887474396388,0.1,0.1
Rank6,0.1,0.1,0.1,0.1,0.1,0.1,0.1,0.1,0.05,0.05,0.1,0.1,0.1,0.0410215564272768,0.05,0.1,0.1,0.1,0.05,0.05
Rank7,0.05,0.1,0.1,0.05,0.1,0.1,0.05,0.05,0.05,0.05,0.1,0.1,0.1,0.1,0.05,0.05,0.05,0.05,0.05,0.05
Rank8,0.05,0.05,0.05,0.05,0.05,0.05,0.05,0.05,0.05,0.05,0.05,0.05,0.05,0.1,0.05,0.05,0.05,0.05,0.05,0.05
