C1_WGSerr_r0,C10_WGSerr_r0,C11_WGSerr_r0,C12_WGSerr_r0,C13_WGSerr_r0,C14_WGSerr_r0,C15_WGSerr_r0,C16_WGSerr_r0,C17_WGSerr_r0,C18_WGSerr_r0,C19_WGSerr_r0,C2_WGSerr_r0,C20_WGSerr_r0,C21_WGSerr_r0,C22_WGSerr_r0,C23_WGSerr_r0,C24_WGSerr_r0,C3_WGSerr_r0,C4_WGSerr_r0,C5_WGSerr_r0,C6_WGSerr_r0,C7_WGSerr_r0,C8_WGSerr_r0,C9_WGSerr_r0
sorted_JSD,0.0375565143036772,0.0183224404837338,0.0259710586256214,0.0193989307429129,0.0327685006617664,0.0202984125376415,0.0350041896042113,0.0201427467823745,0.0276068627038827,0.0172028424845793,0.0131603469297055,0.0221982697498056,0.0143536353551889,0.0168136692768638,0.0128384742600651,0.0206112381049031,0.0228396138219673,0.0310078589084813,0.0378307975287961,0.0328554891859877,0.0225978290873614,0.0340429025771446,0.0165342715590566,0.0239481186079031
