C1_WGSerr_r0,C2_WGSerr_r0,C3_WGSerr_r0,C4_WGSerr_r0,C5_WGSerr_r0,C6_WGSerr_r0,C7_WGSerr_r0,C8_WGSerr_r0,C9_WGSerr_r0,C10_WGSerr_r0,C11_WGSerr_r0,C12_WGSerr_r0,C13_WGSerr_r0,C14_WGSerr_r0,C15_WGSerr_r0,C16_WGSerr_r0,C17_WGSerr_r0,C18_WGSerr_r0,C19_WGSerr_r0,C20_WGSerr_r0,C21_WGSerr_r0,C22_WGSerr_r0,C23_WGSerr_r0,C24_WGSerr_r0,C1_WGSerr_r1,C2_WGSerr_r1,C3_WGSerr_r1,C4_WGSerr_r1,C5_WGSerr_r1,C6_WGSerr_r1,C7_WGSerr_r1,C8_WGSerr_r1,C9_WGSerr_r1,C10_WGSerr_r1,C11_WGSerr_r1,C12_WGSerr_r1,C13_WGSerr_r1,C14_WGSerr_r1,C15_WGSerr_r1,C16_WGSerr_r1,C17_WGSerr_r1,C18_WGSerr_r1,C19_WGSerr_r1,C20_WGSerr_r1,C21_WGSerr_r1,C22_WGSerr_r1,C23_WGSerr_r1,C24_WGSerr_r1,C1_WGSerr_r2,C2_WGSerr_r2,C3_WGSerr_r2,C4_WGSerr_r2,C5_WGSerr_r2,C6_WGSerr_r2,C7_WGSerr_r2,C8_WGSerr_r2,C9_WGSerr_r2,C10_WGSerr_r2,C11_WGSerr_r2,C12_WGSerr_r2,C13_WGSerr_r2,C14_WGSerr_r2,C15_WGSerr_r2,C16_WGSerr_r2,C17_WGSerr_r2,C18_WGSerr_r2,C19_WGSerr_r2,C20_WGSerr_r2,C21_WGSerr_r2,C22_WGSerr_r2,C23_WGSerr_r2,C24_WGSerr_r2
sorted_JSD,0.0208607612939179,0.0195394717344644,0.0347263485394015,0.020162704288135,0.0255115671301228,0.010513555965832,0.0137305064357847,0.0204185990733958,0.0355019816962636,0.020883627911958,0.0251602996003275,0.00729326509002853,0.0135953538192134,0.019814137261833,0.0186503194225581,0.0201211879600531,0.0218575207874322,0.0100019328690714,0.02029418988905,0.0192466206799161,0.0202166813465472,0.0193967808192668,0.0208009724062923,0.020839336809624,0.0207561343045793,0.0196986412181978,0.0348062755850052,0.0202774920842662,0.0254319824831373,0.0214002064927835,0.013683055363308,0.0206794886922064,0.0355845025498904,0.020430921528493,0.0251217321432859,0.00777715575781152,0.0133040954760431,0.0198662252645797,0.018249063610815,0.0198379036170458,0.0217597611740054,0.0111752716205581,0.0200610236328333,0.0192699705751101,0.0201511334321903,0.0195913231792503,0.0204001303177486,0.0215297876457934,0.0195274537564965,0.0196375835078975,0.0352636204246353,0.0199880968744553,0.0251182032015874,0.0211719052139237,0.0140586992092935,0.0202541245259083,0.0350079267407787,0.0208126976217283,0.0252778099267033,0.00735861796285062,0.0140397432594695,0.0197889683017183,0.0191381025489574,0.0199241406435443,0.0215041104515184,0.0116089312982132,0.0204437335023221,0.019549944728524,0.0200439454871429,0.0194391373634905,0.0208075559293555,0.0208889107302309
