C10_WGSerr_r0,C11_WGSerr_r0,C12_WGSerr_r0,C13_WGSerr_r0,C14_WGSerr_r0,C15_WGSerr_r0,C16_WGSerr_r0,C17_WGSerr_r0,C18_WGSerr_r0,C19_WGSerr_r0,C1_WGSerr_r0,C20_WGSerr_r0,C2_WGSerr_r0,C3_WGSerr_r0,C4_WGSerr_r0,C5_WGSerr_r0,C6_WGSerr_r0,C7_WGSerr_r0,C8_WGSerr_r0,C9_WGSerr_r0
GCA_001675145,-0.192271854477758,-0.329919254442361,-0.256312852780689,-0.35,-0.299924804344188,-0.169648723619103,-0.2,-0.15,-0.0808059575899239,-0.031716964064999,0.05,0,0.0685160959958962,0.0517179837513476,0.024904378883528,-0.020035211885536,-0.077911360510862,-0.108900562141342,-0.008576726696649,-0.168298938906655
GCA_002056065,0.192271854477758,0.329919254442361,0.256312852780689,0.35,0.3,0.169648723619103,0.2,0.15,0.0808059575899243,0.0317169640649986,-0.05,0,-0.068516095995896,-0.0517179837513481,-0.0249043788835279,0.020035211885536,0.077911360510862,0.108900562141342,0.008576726696649,0.168298938906655
