C10_WGSerr_r0,C11_WGSerr_r0,C12_WGSerr_r0,C13_WGSerr_r0,C14_WGSerr_r0,C15_WGSerr_r0,C16_WGSerr_r0,C17_WGSerr_r0,C18_WGSerr_r0,C19_WGSerr_r0,C1_WGSerr_r0,C20_WGSerr_r0,C2_WGSerr_r0,C3_WGSerr_r0,C4_WGSerr_r0,C5_WGSerr_r0,C6_WGSerr_r0,C7_WGSerr_r0,C8_WGSerr_r0,C9_WGSerr_r0
GCA_001675145,0.692271854477758,0.879919254442361,0.856312852780689,1,0.999924804344188,0.919648723619103,1,1,0.980805957589924,0.981716964064999,0,1,0.0314839040041038,0.0982820162486524,0.175095621116472,0.270035211885536,0.377911360510862,0.458900562141342,0.408576726696649,0.618298938906655
GCA_002056065,0.307728145522242,0.120080745557639,0.143687147219311,0,7.51956558117863e-05,0.0803512763808972,0,0,0.0191940424100757,0.0182830359350014,1,0,0.968516095995896,0.901717983751348,0.824904378883528,0.729964788114464,0.622088639489138,0.541099437858658,0.591423273303351,0.381701061093345
