C10_WGSerr_r0,C11_WGSerr_r0,C12_WGSerr_r0,C13_WGSerr_r0,C14_WGSerr_r0,C15_WGSerr_r0,C16_WGSerr_r0,C17_WGSerr_r0,C18_WGSerr_r0,C19_WGSerr_r0,C1_WGSerr_r0,C20_WGSerr_r0,C2_WGSerr_r0,C3_WGSerr_r0,C4_WGSerr_r0,C5_WGSerr_r0,C6_WGSerr_r0,C7_WGSerr_r0,C8_WGSerr_r0,C9_WGSerr_r0
Rank1,-0.261345731530545,-0.285162828934531,-0.323740850291118,-0.118988157559517,-0.200409600862998,-0.134652567090533,-0.145842556582905,-0.065883805048803,-0.181642123340036,-0.268782252315438,-0.189993413457728,-0.139802343686476,-0.227810959908319,-0.032694070408607,-0.025981714485347,-0.248442084937759,-0.313154941182578,-0.120060766478926,-0.034378966415951,-0.208694048882845
Rank2,-0.043246826942189,0.030624643184067,0.023740850291118,-0.094039565611315,-0.044288421542791,-0.102263052031858,-0.064192992662391,-0.086989838878253,-0.022367138839965,-0.019924672087972,-0.133168554012784,-0.185216644191222,-0.036714985340145,-0.023788428585963,-0.119466302801194,-0.00092092184828399,-0.00351730134266598,-0.079322526153314,-0.120511072745974,-0.048437833797526
Rank3,0.0696444114070166,0.046335594392295,0.1,0.080507938353131,-0.013185784204938,0.036915619122391,-0.044734806912821,-0.061044858978557,0.044254499099527,0.049284067030366,0.128817558833831,0.125018987877698,0.0645259452484641,-0.017916000954922,-0.091515820248605,-0.00720452338826,0.016672242525243,-0.024701040717752,-0.035314465782096,0.094500758815407
Rank4,0.0849481470657178,0.0582025913581692,0.1,0.036296961101161,0.107883806610727,0.1,0.0547703561581168,0.063918502905613,0.012896001041333,0.0894228573730444,0.044344408636681,0.1,0.1,-0.013590840064858,0.0369638375351462,0.0565675301743034,0.2,0.0740843333499919,-0.00979549505598001,0.0176631443330188
Rank5,0.1,0.1,0.05,0.05,0.1,0.05,0.1,0.1,0.1,0.1,0.1,0.05,0.05,-0.01201065998565,0.1,0.1,0.05,0.1,0.1,0.0449679795319456
Rank6,0.05,0.05,0.05,0.05,0.05,0.05,0.1,0.05,0.05,0.05,0.05,0.05,0.05,0.1,0.1,0.1,0.05,0.05,0.1,0.1
