C1_WGSerr_r0,C2_WGSerr_r0,C3_WGSerr_r0,C4_WGSerr_r0,C5_WGSerr_r0,C6_WGSerr_r0,C7_WGSerr_r0,C8_WGSerr_r0,C9_WGSerr_r0,C10_WGSerr_r0,C11_WGSerr_r0,C12_WGSerr_r0,C13_WGSerr_r0,C14_WGSerr_r0,C15_WGSerr_r0,C16_WGSerr_r0,C17_WGSerr_r0,C18_WGSerr_r0,C19_WGSerr_r0,C20_WGSerr_r0
sorted_JSD,0.0897431390305175,0.0861484336941615,0.0360087877510071,0.0839889261480706,0.0911304911107116,0.135102758154818,0.0717309607181356,0.0778287101538642,0.0607514006945872,0.0952334812493825,0.0792204346563325,0.130219511394041,0.0494086983847961,0.0817694206802561,0.080618366346741,0.0858701927324742,0.0628980031382584,0.0659091141268713,0.0966014371918878,0.102578384465375
