C10_WGSerr_r0,C11_WGSerr_r0,C12_WGSerr_r0,C13_WGSerr_r0,C14_WGSerr_r0,C15_WGSerr_r0,C16_WGSerr_r0,C17_WGSerr_r0,C18_WGSerr_r0,C19_WGSerr_r0,C1_WGSerr_r0,C20_WGSerr_r0,C2_WGSerr_r0,C3_WGSerr_r0,C4_WGSerr_r0,C5_WGSerr_r0,C6_WGSerr_r0,C7_WGSerr_r0,C8_WGSerr_r0,C9_WGSerr_r0
UnW_D,0.128047694967221,0.325226619806783,0.512797554781613,0.363248198691668,0.128047694967221,0.26785113369545,0.438289484320593,0.363248198691668,0.128047694967221,0.128047694967221,0.325226619806783,0.300076419621757,0.452412063953688,0.206745969917843,0.438289484320593,0.438289484320593,0.490433642838572,0.333931414064747,0.438289484320593,0.206745969917843
Weight_D,0.0423465849758652,0.0659806970399892,0.0617707317341277,0.0676006533129573,0.0510855520333955,0.0363223616153471,0.0641812772716413,0.0530110585400985,0.032020516983658,0.0448816653846839,0.0823916189502143,0.0696786015085342,0.0703028192077623,0.0379537553647133,0.0449202318118313,0.0737376108422879,0.0774750881950174,0.0350402485678681,0.0607850450218942,0.0809658761574542
Bray_D,0.304592558472734,0.388827234542236,0.323740850291118,0.465796008129981,0.313595385067936,0.236915619122391,0.460035549245296,0.35,0.205903276755035,0.289422857373044,0.528817558833831,0.325018987877698,0.464525945248464,0.286409159935142,0.3,0.449363006786043,0.616672242525243,0.25,0.45,0.557131882680371
JC_D,0.333333333333333,0.571428571428572,0.666666666666667,0.571428571428572,0.333333333333333,0.5,0.571428571428572,0.571428571428572,0.333333333333333,0.333333333333333,0.571428571428572,0.5,0.714285714285714,0.428571428571429,0.571428571428572,0.571428571428572,0.714285714285714,0.571428571428572,0.571428571428572,0.428571428571429
JSD,0.10397038988657,0.165005919239044,0.130219511394041,0.258540958093739,0.110517802252583,0.0837050530633461,0.261133162115484,0.178991971042251,0.0659091141268713,0.111492927559273,0.300266825229154,0.123388119014392,0.23672973780677,0.150034855203841,0.138379499449601,0.228060510982215,0.404882636368069,0.107235378125044,0.271908056246009,0.327405772816814
