C10_WGSerr_r0,C11_WGSerr_r0,C12_WGSerr_r0,C13_WGSerr_r0,C14_WGSerr_r0,C15_WGSerr_r0,C16_WGSerr_r0,C17_WGSerr_r0,C18_WGSerr_r0,C19_WGSerr_r0,C1_WGSerr_r0,C20_WGSerr_r0,C2_WGSerr_r0,C3_WGSerr_r0,C4_WGSerr_r0,C5_WGSerr_r0,C6_WGSerr_r0,C7_WGSerr_r0,C8_WGSerr_r0,C9_WGSerr_r0
GCA_001901465,0,-0.103664405607705,0,-0.368988157559517,0,0,-0.314192992662391,-0.136081497094387,0,0,-0.333168554012784,0,-0.236714985340145,-0.167916000954922,-0.0630361624648538,-0.200920921848284,-0.563154941182578,-0.0259156666500081,-0.320511072745974,-0.508694048882845
GCA_003586065,0.0849481470657178,0.05,0.05,-0.094039565611315,-0.250409600862998,-0.184652567090533,0.0547703561581168,-0.086989838878253,-0.181642123340036,-0.268782252315438,0.1,0.0250189878776982,0.1,-0.01201065998565,-0.119466302801194,-0.248442084937759,-0.053517301342666,-0.170060766478926,-0.035314465782096,-0.048437833797526
GCA_008275005,-0.261345731530545,0.030624643184067,0.023740850291118,0.05,0.00571157845720899,-0.052263052031858,0.00526519308717899,0.05,-0.022367138839965,0.0894228573730444,-0.00565559136331899,0.05,-0.227810959908319,-0.032694070408607,-0.025981714485347,0.04279547661174,0.05,-0.024701040717752,-0.034378966415951,0.0176631443330188
GCA_001675145,-0.043246826942189,0.0582025913581692,0.1,0.080507938353131,0.107883806610727,0.036915619122391,0.1,-0.011044858978557,0.044254499099527,-0.019924672087972,-0.189993413457728,-0.139802343686476,0.0645259452484641,0.036409159935142,0.1,0.15,0.016672242525243,-0.029322526153314,0.1,0.094500758815407
GCA_900622695,0.0196444114070166,-0.285162828934531,-0.323740850291118,0.036296961101161,-0.063185784204938,0.05,-0.145842556582905,-0.115883805048803,0.012896001041333,-0.000715932969634001,0.0288175588338311,-0.185216644191222,0.05,-0.073788428585963,-0.091515820248605,0.00656753017430341,0.05,0.05,-0.05979549505598,0.0449679795319456
GCA_002056065,0.1,0.1,0.05,0.25,0.05,0.1,0.2,0.1,0.1,0.05,0.2,0.05,0.2,0.15,0.1,0.15,0.25,0.1,0.15,0.3
GCA_002903105,0.1,0.15,0.1,0.05,0.15,0.05,0.1,0.2,0.05,0.15,0.2,0.2,0.05,0.1,0.1,0.1,0.25,0.1,0.2,0.1
