C1_WGSerr_r0,C2_WGSerr_r0,C3_WGSerr_r0,C4_WGSerr_r0,C5_WGSerr_r0,C6_WGSerr_r0,C7_WGSerr_r0,C8_WGSerr_r0,C9_WGSerr_r0,C10_WGSerr_r0,C11_WGSerr_r0,C12_WGSerr_r0,C13_WGSerr_r0,C14_WGSerr_r0,C15_WGSerr_r0,C16_WGSerr_r0,C17_WGSerr_r0,C18_WGSerr_r0,C19_WGSerr_r0,C20_WGSerr_r0
Rank1,-0.17829677347348,-0.179129005842939,-0.00145797258164598,-0.053497697810581,-0.269791982535012,-0.306812613116706,-0.134550676736355,-0.161007666870672,-0.206924134664679,-0.229084582838505,-0.277713037744105,-0.308111731827664,-0.165915087279799,-0.32432666557559,-0.149615485232605,-0.147221463578047,-0.150396063443894,-0.189441624304443,-0.343038003317453,-0.131323250015278
Rank2,-0.089429452645697,-0.086349057013244,-0.022439269099978,-0.147719306511344,-0.020450450461664,-0.051144904465397,-0.035067087138877,-0.097272476205418,-0.07700785317593,-0.064738306085861,0.03211529297055,0.024793277392237,-0.086206303789851,0.00509100955761799,-0.052378899057346,-0.075621988798446,-0.087304690487032,0.027676323259249,0.035790353880654,-0.168965912211349
Rank3,0.126988946135123,0.065478062856183,-0.063668996610053,-0.057004611957082,0.015920479273473,0.057957517582103,0.014891479046701,0.015822946899843,0.117082582811233,0.043822888924366,0.047679350453842,0.0833184544354269,0.119154825022456,0.031729109104845,0.079480865602873,-0.028211400013396,-0.029769367158839,0.08937707771799,0.0668251648067252,0.100289162226627
Rank4,0.0317353209551323,0.1,-0.014027013556449,0.0582216162790066,0.0743219537232022,0.2,0.00472628482853031,0.042457196176247,0.0291594586491576,0.1,0.047918394319713,0.1,0.032966566047193,0.137506546913127,0.0225135186870782,0.05105485238989,0.117470121089764,0.00403331708093811,0.1,0.1
Rank5,0.0590019590289224,0.05,0.001593251848126,0.1,0.1,0.05,0.1,0.1,0.037689946380218,0.1,0.1,0.05,0.05,0.1,0.05,0.1,0.1,0.0183549062462653,0.1,0.05
Rank6,0.05,0.05,0.1,0.1,0.1,0.05,0.05,0.1,0.1,0.05,0.05,0.05,0.05,0.05,0.05,0.1,0.05,0.05,0.05,0.05
