C10_WGSerr_r0,C11_WGSerr_r0,C12_WGSerr_r0,C13_WGSerr_r0,C14_WGSerr_r0,C15_WGSerr_r0,C16_WGSerr_r0,C17_WGSerr_r0,C18_WGSerr_r0,C19_WGSerr_r0,C1_WGSerr_r0,C20_WGSerr_r0,C2_WGSerr_r0,C3_WGSerr_r0,C4_WGSerr_r0,C5_WGSerr_r0,C6_WGSerr_r0,C7_WGSerr_r0,C8_WGSerr_r0,C9_WGSerr_r0
GCA_002056065,0.1,-0.00232064954615799,0.05,-0.165915087279799,0.05,0.0225135186870782,-0.125621988798446,0.0174701210897643,0.00403331708093811,0.05,-0.089429452645697,0.05,-0.086349057013244,-0.063668996610053,0.0582216162790066,-0.070450450461664,-0.051144904465397,0.00472628482853031,0.015822946899843,-0.206924134664679
GCA_003586065,0.043822888924366,0.05,0.05,-0.086206303789851,-0.37432666557559,-0.199615485232605,0.05105485238989,-0.200396063443894,-0.189441624304443,-0.343038003317453,0.0317353209551323,0.000289162226626907,0.1,-0.014027013556449,-0.203497697810581,-0.269791982535012,-0.356812613116706,-0.184550676736355,-0.311007666870672,-0.07700785317593
GCA_900622695,0.05,-0.277713037744105,-0.308111731827664,0.019154825022456,-0.018270890895155,0.05,-0.147221463578047,-0.087304690487032,0.0183549062462653,0.0168251648067252,0.0269889461351225,-0.168965912211349,0.05,-0.072439269099978,-0.057004611957082,0.0243219537232022,0.05,0.05,-0.007542803823753,0.0170825828112333
GCA_008275005,-0.229084582838505,0.03211529297055,0.024793277392237,0.05,0.055091009557618,-0.00237889905734601,0.021788599986604,0.05,0.027676323259249,0.1,0.0090019590289224,0.05,-0.179129005842939,-0.00145797258164598,0.002280693488656,0.065920479273473,0.05,0.014891479046701,0.00272752379458197,0.037689946380218
GCA_001675145,-0.064738306085861,0.047918394319713,0.0833184544354269,0.132966566047193,0.137506546913127,0.079480865602873,0.1,0.020230632841161,0.08937707771799,0.035790353880654,-0.17829677347348,-0.131323250015278,0.065478062856183,0.051593251848126,0.1,0.15,0.057957517582103,0.014932912861123,0.1,0.129159458649158
GCA_002903105,0.1,0.15,0.1,0.05,0.15,0.05,0.1,0.2,0.05,0.15,0.2,0.2,0.05,0.1,0.1,0.1,0.25,0.1,0.2,0.1
