C10_WGSerr_r0,C11_WGSerr_r0,C12_WGSerr_r0,C13_WGSerr_r0,C14_WGSerr_r0,C15_WGSerr_r0,C16_WGSerr_r0,C17_WGSerr_r0,C18_WGSerr_r0,C19_WGSerr_r0,C1_WGSerr_r0,C20_WGSerr_r0,C2_WGSerr_r0,C3_WGSerr_r0,C4_WGSerr_r0,C5_WGSerr_r0,C6_WGSerr_r0,C7_WGSerr_r0,C8_WGSerr_r0,C9_WGSerr_r0
UnW_D,0.278687168569344,0.208564971275047,0.268731683209791,0.225971769115252,0.133227920524019,0.2185204566346,0.33787252973302,0.225971769115252,0.073061208589275,0.31221614254543,0.073061208589275,0.31221614254543,0.354024219320371,0.073061208589275,0.33787252973302,0.33787252973302,0.371431017160577,0.2185204566346,0.33787252973302,0.073061208589275
Weight_D,0.0405424852140018,0.053051236341884,0.0586800814786558,0.0439511359122202,0.0687086236978844,0.0376394655978942,0.0382431165287429,0.045390046956601,0.0368275569532965,0.0554286921439215,0.0483414964022671,0.0647194844209787,0.0496737908574757,0.0206117281273201,0.043215639840739,0.0601623009473619,0.0615355761707628,0.0293015522600029,0.0530136423974545,0.0448891516013022
Bray_D,0.293822888924366,0.280033687290263,0.308111731827664,0.252121391069649,0.392597556470745,0.201994384289951,0.272843452376494,0.287700753930926,0.189441624304443,0.34950043389111,0.267726226119177,0.300289162226627,0.265478062856183,0.151593251848126,0.260502309767663,0.340242432996675,0.407957517582103,0.184550676736355,0.318550470694425,0.283931987840609
JC_D,0.5,0.333333333333333,0.5,0.333333333333333,0.333333333333333,0.333333333333333,0.333333333333333,0.333333333333333,0.166666666666667,0.5,0.166666666666667,0.5,0.5,0.166666666666667,0.333333333333333,0.333333333333333,0.5,0.333333333333333,0.333333333333333,0.166666666666667
JSD,0.103722124828136,0.0923090601084838,0.109966367683906,0.060930206533876,0.146771460677936,0.0535922904760602,0.0900527531780852,0.10825382961921,0.0363046122883283,0.137701093202241,0.0853200167855247,0.119965915930768,0.0852675866479634,0.043078192727409,0.0952551346117368,0.115401290811159,0.168728218291954,0.0648475925369255,0.145755923609555,0.0698443816279865
