C10_WGSerr_r0,C11_WGSerr_r0,C12_WGSerr_r0,C13_WGSerr_r0,C14_WGSerr_r0,C15_WGSerr_r0,C16_WGSerr_r0,C17_WGSerr_r0,C18_WGSerr_r0,C19_WGSerr_r0,C1_WGSerr_r0,C20_WGSerr_r0,C2_WGSerr_r0,C3_WGSerr_r0,C4_WGSerr_r0,C5_WGSerr_r0,C6_WGSerr_r0,C7_WGSerr_r0,C8_WGSerr_r0,C9_WGSerr_r0
sorted_JSD,0.103722124828136,0.0772397378512129,0.109966367683906,0.0587808508691769,0.116294118014758,0.0479108751251346,0.0851814116876689,0.0777960775463098,0.0363046122883283,0.124744256696009,0.0537724441818159,0.0938621662067871,0.0852675866479634,0.0379164724945392,0.0887924247980309,0.0972915365357779,0.137542981039078,0.0589300762751743,0.0846615120273743,0.067137773958056
