C10_WGSerr_r0,C11_WGSerr_r0,C12_WGSerr_r0,C13_WGSerr_r0,C14_WGSerr_r0,C15_WGSerr_r0,C16_WGSerr_r0,C17_WGSerr_r0,C18_WGSerr_r0,C19_WGSerr_r0,C1_WGSerr_r0,C20_WGSerr_r0,C2_WGSerr_r0,C3_WGSerr_r0,C4_WGSerr_r0,C5_WGSerr_r0,C6_WGSerr_r0,C7_WGSerr_r0,C8_WGSerr_r0,C9_WGSerr_r0
GCA_002056065,0,0.102320649546158,0,0.415915087279799,0,0.0774864813129218,0.325621988798446,0.0825298789102357,0.0959666829190619,0,0.289429452645697,0,0.286349057013244,0.213668996610053,0.0417783837209934,0.220450450461664,0.301144904465397,0.0952737151714697,0.134177053100157,0.506924134664679
GCA_003586065,0.056177111075634,0,0,0.336206303789851,0.62432666557559,0.449615485232605,0.04894514761011,0.400396063443894,0.439441624304443,0.643038003317453,0.0682646790448677,0.0997108377733731,0,0.164027013556449,0.403497697810581,0.569791982535012,0.556812613116706,0.434550676736355,0.461007666870672,0.27700785317593
GCA_900622695,0,0.627713037744105,0.658111731827664,0.130845174977544,0.118270890895155,0,0.397221463578047,0.287304690487032,0.0816450937537347,0.0831748351932748,0.0730110538648775,0.418965912211349,0,0.222439269099978,0.207004611957082,0.0756780462767978,0,0,0.107542803823753,0.0829174171887667
GCA_008275005,0.679084582838505,0.16788470702945,0.325206722607763,0,0.244908990442382,0.302378899057346,0.228211400013396,0,0.222323676740751,0.00957751536992633,0.0409980409710776,0,0.629129005842939,0.251457972581646,0.347719306511344,0.134079520726527,0,0.185108520953299,0.297272476205418,0.062310053619782
GCA_001675145,0.264738306085861,0.102081605680287,0.0166815455645731,0.117033433952807,0.0124934530868732,0.170519134397127,0,0.229769367158839,0.16062292228201,0.264209646119346,0.52829677347348,0.481323250015278,0.084521937143817,0.148406748151874,0,0,0.142042482417897,0.285067087138877,0,0.0708405413508424
