C1_WGSerr_r0,C2_WGSerr_r0,C3_WGSerr_r0,C4_WGSerr_r0,C5_WGSerr_r0,C6_WGSerr_r0,C7_WGSerr_r0,C8_WGSerr_r0,C9_WGSerr_r0,C10_WGSerr_r0,C11_WGSerr_r0,C12_WGSerr_r0,C13_WGSerr_r0,C14_WGSerr_r0,C15_WGSerr_r0,C16_WGSerr_r0,C17_WGSerr_r0,C18_WGSerr_r0,C19_WGSerr_r0,C20_WGSerr_r0
UnW_D,0.0359492609225183,0.0837460544817348,0.0585606680381548,0.0698954513950697,0.0193185478816586,0,0,0.0243079385872841,0.0446965862849939,0.0193185478816586,0.0446965862849939,0.0583703983265155,0.0585606680381548,0.0583703983265155,0.0409193957079343,0.0243079385872841,0,0.0243079385872841,0.0446965862849939,0
Weight_D,0.00581067257458059,0.00566935383375988,0.00481024832452836,0.00421434940071285,0.00528215021039255,0.00504585857527126,0.00656187837410678,0.00521079146666742,0.00595810019664921,0.00319339870965587,0.00529936261099942,0.00331176844334625,0.00410880187422335,0.00343544580983431,0.00696992753069919,0.00549824114121974,0.0046603802383358,0.00362989858303732,0.00239978623132966,0.00136312095435138
Bray_D,0.036538792028586,0.0733064910157303,0.0565147660235311,0.0476291075401454,0.0517264163895532,0.0360692048284995,0.0265111912816351,0.0440726391780363,0.0540917710599202,0.043687755257415,0.0487886236224926,0.0435236440667549,0.0420210755484329,0.0392590147938758,0.0508437316111907,0.0494498882234878,0.026687371901688,0.0345941233881989,0.0313869823673596,0.0176809100022463
JC_D,0.142857142857143,0.333333333333333,0.25,0.25,0.142857142857143,0,0,0.142857142857143,0.142857142857143,0.142857142857143,0.142857142857143,0.142857142857143,0.25,0.142857142857143,0.25,0.142857142857143,0,0.142857142857143,0.142857142857143,0
JSD,0.0120541646953684,0.0184330469530765,0.0114309284597218,0.00881215542479233,0.0055297579940528,0.00701546011937701,0.000759698731007396,0.00558769833110174,0.00964150054325957,0.00502707992846668,0.00583908085671762,0.00729102376897559,0.0149513559927616,0.00513085077565129,0.00980524426567495,0.00809094258847085,0.00121918855833407,0.00417391945810363,0.00652456882819511,0.000106470551429667
