C1_WGSerr_r0,C2_WGSerr_r0,C3_WGSerr_r0,C4_WGSerr_r0,C5_WGSerr_r0,C6_WGSerr_r0,C7_WGSerr_r0,C8_WGSerr_r0,C9_WGSerr_r0,C10_WGSerr_r0,C11_WGSerr_r0,C12_WGSerr_r0,C13_WGSerr_r0,C14_WGSerr_r0,C15_WGSerr_r0,C16_WGSerr_r0,C17_WGSerr_r0,C18_WGSerr_r0,C19_WGSerr_r0,C20_WGSerr_r0
sorted_JSD,0.0267183160722145,0.0686300044338794,0.0527160777274485,0.0542989139572913,0.0328151864177257,0.0266609188614511,0.0280209199224391,0.0474079924337781,0.0451408369953853,0.0696203820075329,0.0251763819278975,0.0516260463492135,0.0255597233638605,0.0391256046359756,0.0303669426166258,0.0550103736776774,0.0145572198553062,0.0291689052066146,0.0197433743539447,0.0119015900145724
