C1_WGSerr_r0,C2_WGSerr_r0,C3_WGSerr_r0,C4_WGSerr_r0,C5_WGSerr_r0,C6_WGSerr_r0,C7_WGSerr_r0,C8_WGSerr_r0,C9_WGSerr_r0,C10_WGSerr_r0,C11_WGSerr_r0,C12_WGSerr_r0,C13_WGSerr_r0,C14_WGSerr_r0,C15_WGSerr_r0,C16_WGSerr_r0,C17_WGSerr_r0,C18_WGSerr_r0,C19_WGSerr_r0,C20_WGSerr_r0
Rank1,0.00337699999999996,0.067078,0.041137,0.051445,0.00349299999999997,-0.017397,0.00102799999999997,0.053337,-0.00351699999999999,0.041405,0.00958899999999996,0.00755799999999995,-0.00099100000000002,0.03407,0.051037,0.004609,-0.00156200000000001,0.00242300000000001,0.003363,0.00715399999999999
Rank2,-0.00184899999999999,0.001356,0.00994900000000001,0.00426300000000002,0.0428,-0.000454999999999983,0.00437799999999999,-0.000657999999999964,0.003327,0.00927800000000001,0.047248,0.035597,-0.000543999999999989,0.00234400000000001,0.00203600000000001,0.051238,-0.003048,0.00526499999999999,0.00877600000000001,0.005272
Rank3,0.00315100000000001,0.002859,-0.001804,0.001641,0.007272,0.00149400000000002,0.03804,-0.003825,0.011636,-0.00670099999999998,0.000210999999999989,0.001253,0.004381,-0.00142,0.011544,0.00226999999999999,0.010916,0.024817,0.00257099999999999,0.00928400000000001
Rank4,0.00186900000000001,0.01148,0.00516799999999998,-0.006332,0.019892,0.00866500000000001,0.000590000000000007,-0.00178200000000001,-0.01456,-0.001843,0.006443,0.00661400000000001,0.008323,0.00908400000000001,-0.00448999999999999,-0.010477,0.010989,0.00405800000000001,0.003343,0.007633
Rank5,0.00761200000000001,-0.011097,0.015741,-0.00285099999999999,-0.01127,0.00378,0.002863,0.00544700000000001,0.012243,0.00804100000000001,-0.00920599999999999,0.00333,-0.00634999999999999,0.005635,0.002668,0.00197600000000001,0.00602300000000001,0.014346,0.019799,-0.003498
Rank6,0.035545,0.003042,-0.008104,0.004969,0.00446500000000001,0.039079,0.004754,0.008413,0.043512,0.00548000000000001,0.005554,0.011909,0.034701,0.011497,0.004434,0.00786600000000001,0.019689,-0.00694599999999999,0.007221,0.002028
