C10_WGSerr_r0,C11_WGSerr_r0,C12_WGSerr_r0,C13_WGSerr_r0,C14_WGSerr_r0,C15_WGSerr_r0,C16_WGSerr_r0,C17_WGSerr_r0,C18_WGSerr_r0,C19_WGSerr_r0,C1_WGSerr_r0,C20_WGSerr_r0,C2_WGSerr_r0,C3_WGSerr_r0,C4_WGSerr_r0,C5_WGSerr_r0,C6_WGSerr_r0,C7_WGSerr_r0,C8_WGSerr_r0,C9_WGSerr_r0
sorted_JSD,0.111926267329828,0.072608778087034,0.0960156824487966,0.0495940389012203,0.0901347064178022,0.0407222235594485,0.0848444449098352,0.0188356864039487,0.0282457465502632,0.0636740390352053,0.056495072701982,0.0472219151345427,0.0779736329572978,0.0371411931636646,0.0764394791735024,0.087881467939923,0.0555597998580812,0.0583377175257961,0.10780966768437,0.0443106712897626
