C1_WGSerr_r0,C2_WGSerr_r0,C3_WGSerr_r0,C4_WGSerr_r0,C5_WGSerr_r0,C6_WGSerr_r0,C7_WGSerr_r0,C8_WGSerr_r0,C9_WGSerr_r0,C10_WGSerr_r0,C11_WGSerr_r0,C12_WGSerr_r0,C13_WGSerr_r0,C14_WGSerr_r0,C15_WGSerr_r0,C16_WGSerr_r0,C17_WGSerr_r0,C18_WGSerr_r0,C19_WGSerr_r0,C20_WGSerr_r0
UnW_D,0.208564971275047,0.354024219320371,0.073061208589275,0.33787252973302,0.33787252973302,0.2185204566346,0.2185204566346,0.33787252973302,0.073061208589275,0.354024219320371,0.208564971275047,0.268731683209791,0.225971769115252,0.133227920524019,0.2185204566346,0.33787252973302,0.073061208589275,0.073061208589275,0.133227920524019,0.133227920524019
Weight_D,0.0424840818573742,0.0354360703967157,0.0184907372365924,0.0347289053843249,0.0481663535286923,0.0705198319959853,0.026303260163976,0.0620420785607519,0.0364955932276216,0.0475679768895936,0.0458817866288298,0.0492364042261557,0.0332963516563085,0.0500488866554248,0.0248800903376744,0.0359520973094459,0.037029776114818,0.0272800126335198,0.0359531806531447,0.0460461697736938
Bray_D,0.308573546417047,0.217483557100049,0.142896003846471,0.209410549165624,0.270813441927078,0.436429028336568,0.185563062360533,0.363569161783652,0.217981690430773,0.316143187910094,0.253290437169121,0.2672263405665,0.204767304124001,0.314163259861258,0.150970120291098,0.252955908417623,0.265004802775039,0.150279743196061,0.246670132079533,0.269093747583185
JC_D,0.333333333333333,0.5,0.166666666666667,0.333333333333333,0.333333333333333,0.333333333333333,0.333333333333333,0.333333333333333,0.166666666666667,0.5,0.333333333333333,0.5,0.333333333333333,0.333333333333333,0.333333333333333,0.333333333333333,0.166666666666667,0.166666666666667,0.333333333333333,0.333333333333333
JSD,0.137908510828849,0.0779736329572978,0.0403435133936762,0.0764394791735024,0.100255437362775,0.191060956764528,0.0617040965893373,0.139227190920229,0.0536144920127904,0.111926267329828,0.0871782026160987,0.0960156824487966,0.0495940389012203,0.105385187365033,0.0443775404008381,0.0875179623227644,0.0995866389135993,0.0282457465502632,0.084837675342815,0.104884871755371
