C10_WGSerr_r0,C11_WGSerr_r0,C12_WGSerr_r0,C13_WGSerr_r0,C14_WGSerr_r0,C15_WGSerr_r0,C16_WGSerr_r0,C17_WGSerr_r0,C18_WGSerr_r0,C19_WGSerr_r0,C1_WGSerr_r0,C20_WGSerr_r0,C2_WGSerr_r0,C3_WGSerr_r0,C4_WGSerr_r0,C5_WGSerr_r0,C6_WGSerr_r0,C7_WGSerr_r0,C8_WGSerr_r0,C9_WGSerr_r0
GCA_900622695,0.05,-0.235953782957721,-0.259476002496276,0.007031410818058,-0.003967214043042,0.05,-0.134586710489307,-0.067788780111186,0.013484986712557,0.00379162392990391,0.0085735464170468,-0.138500545186793,0.05,-0.052408135641,-0.053068407253194,0.0208134419270774,0.05,0.05,0.0064350016096206,0.01352132391277
GCA_002056065,0.0681517622056037,0.00216130248637021,0.05,-0.118597114867411,0.05,0.0273173367585815,-0.111363025743457,-0.000531082338816991,0.0073159407854306,0.05,-0.072815828101514,0.05,-0.098759105483287,-0.051869954513713,0.0094105491656242,-0.076885332201804,-0.100131968989606,0.0303157479880027,-0.024181343750127,-0.138042738057011
GCA_001675145,-0.068747805632312,0.0511291346827509,0.0672263405665002,0.097735893305943,0.114163259861259,0.023652783532516,0.1,0.065004802775039,0.049555795412805,0.042878508149629,-0.062217053599916,-0.049899463583196,0.017483557100049,0.042896003846471,0.1,0.15,0.09960649251689,0.00524731437253001,0.1,0.104460366518003
GCA_003586065,0.1,0.05,0.05,-0.08617018925659,-0.137428262598451,-0.146106245093635,0.0529559084176237,-0.046392627690804,-0.150279743196061,-0.181823000522447,0.1,0.0190937475831848,0.1,-0.00643718524067,-0.070883349431098,-0.158399593051663,0.036822535819678,-0.126828665322617,0.0571341601740313,-0.034824879629989
GCA_008275005,-0.243529702606671,-0.0173366542114,-0.00775033807022402,0.05,-0.172767783219765,-0.00486387519746301,-0.00700617218485899,-0.150292312634231,0.029923020285268,-0.064847131557086,-0.173540664715616,-0.080693738813196,-0.118724451616763,-0.032180728451087,-0.085458792481332,-0.035528516673611,-0.336297059346963,-0.058734397037916,-0.339387818033525,-0.045114072743773
GCA_002903105,0.1,0.15,0.1,0.05,0.15,0.05,0.1,0.2,0.05,0.15,0.2,0.2,0.05,0.1,0.1,0.1,0.25,0.1,0.2,0.1
