C10_WGSerr_r0,C11_WGSerr_r0,C12_WGSerr_r0,C13_WGSerr_r0,C14_WGSerr_r0,C15_WGSerr_r0,C16_WGSerr_r0,C17_WGSerr_r0,C18_WGSerr_r0,C19_WGSerr_r0,C1_WGSerr_r0,C20_WGSerr_r0,C2_WGSerr_r0,C3_WGSerr_r0,C4_WGSerr_r0,C5_WGSerr_r0,C6_WGSerr_r0,C7_WGSerr_r0,C8_WGSerr_r0,C9_WGSerr_r0
sorted_JSD,0.138406589263243,0.0701078036852275,0.156723921320184,0.130533133391704,0.236113345786887,0.13165698962417,0.0968292387277516,0.189561837782191,0.102824248802498,0.121690074682465,0.12425629602608,0.199208166023258,0.114940808378076,0.082456819703386,0.202047611097648,0.0983344371893077,0.155457793444729,0.157666836100656,0.0643894344976054,0.169568744337151
