C10_WGSerr_r0,C11_WGSerr_r0,C12_WGSerr_r0,C13_WGSerr_r0,C14_WGSerr_r0,C15_WGSerr_r0,C16_WGSerr_r0,C17_WGSerr_r0,C18_WGSerr_r0,C19_WGSerr_r0,C1_WGSerr_r0,C20_WGSerr_r0,C2_WGSerr_r0,C3_WGSerr_r0,C4_WGSerr_r0,C5_WGSerr_r0,C6_WGSerr_r0,C7_WGSerr_r0,C8_WGSerr_r0,C9_WGSerr_r0
GCA_001901465,0,0.0665306556432895,0.327852452410778,0,0.45597540574107,0.0931376244689328,0.184950120710013,0.0484331298044033,0.223742705639647,0.240232550703208,0.0668186109325083,0.0568846028816317,0.213873009696257,0.0996208761943032,0,0.495999370299307,0.0594201964239036,0.0144502591262174,0.119411600832631,0
GCA_003018655,0,0.0737283433644218,0.333465593233381,0.195253650298422,0,0.0307791328695215,0.208868974841449,0,0,0.0791278052747706,0.580780207451938,0.0950348145764401,0.413101203215183,0.107046826617495,0.00787289971311411,0.264276870382085,0.654110702142375,0.47711571122132,0.146565462525277,0.497304472264703
GCA_003586065,0.347434485269291,0.161005033506507,0.0897183768040682,0.094771566361704,0,0,0.0778918514344871,0,0,0,0.199260027326327,0.201099544174046,0,0.123186855825098,0.791790568765136,0.071935068016145,0,0,0.251815044326065,0
GCA_013112335,0.327261437895635,0.374125524692713,0.248963577551773,0.443831522527542,0.505594054715432,0.468914242619533,0.405024164614148,0.755507612134324,0.236517820409658,0,0.0645649980960642,0.646981038367882,0.190815820106776,0.319625119131545,0.20033653152175,0,0.0549714408985715,0.37690361004032,0,0
GCA_002903105,0.261607932526245,0.0561912889771341,0,0,0.0384305395434978,0.315234611452846,0,0.143242655041592,0.108246922326905,0.680639644022021,0.0885761561931631,0,0.0456848297598844,0.241291711017605,0,0.0829063061622211,0,0.131530419612142,0.0769675094304218,0.347573615017793
GCA_001675145,0.0636961443088289,0.268419153815935,0,0.266143260812332,0,0.0919343885891666,0.123264888399902,0.0528166030196812,0.43149255162379,0,0,0,0.1365251372219,0.109228611213954,0,0.0848823851402417,0.23149766053515,0,0.405240382885605,0.155121912717504
