C10_WGSerr_r0,C11_WGSerr_r0,C12_WGSerr_r0,C13_WGSerr_r0,C14_WGSerr_r0,C15_WGSerr_r0,C16_WGSerr_r0,C17_WGSerr_r0,C18_WGSerr_r0,C19_WGSerr_r0,C1_WGSerr_r0,C20_WGSerr_r0,C2_WGSerr_r0,C3_WGSerr_r0,C4_WGSerr_r0,C5_WGSerr_r0,C6_WGSerr_r0,C7_WGSerr_r0,C8_WGSerr_r0,C9_WGSerr_r0
Rank1,-0.147434485269291,-0.124125524692713,-0.133465593233381,-0.193831522527542,-0.255594054715432,-0.218914242619533,-0.205024164614148,-0.505507612134324,-0.13149255162379,-0.230639644022021,-0.330780207451938,-0.446981038367882,-0.213101203215183,-0.119625119131545,-0.491790568765136,-0.245999370299307,-0.354110702142375,-0.17711571122132,-0.155240382885605,-0.247304472264703
Rank2,-0.127261437895635,-0.068419153815935,-0.177852452410778,-0.116143260812332,-0.30597540574107,-0.165234611452846,-0.058868974841449,0.056757344958408,-0.086517820409658,-0.090232550703208,0.000739972673673012,-0.051099544174046,-0.063873009696257,-0.091291711017605,0.09966346847825,-0.064276870382085,-0.08149766053515,-0.22690361004032,-0.051815044326065,-0.147573615017793
Rank3,-0.111607932526245,-0.061005033506507,-0.098963577551773,-0.045253650298422,0.111569460456502,0.0568623755310672,-0.034950120710013,0.0971833969803188,-0.073742705639647,0.0208721947252294,0.0114238438068369,0.0549651854235599,-0.040815820106776,0.026813144174902,0.1,0.0651176148597583,0.0905798035760964,0.018469580387858,0.003434537474723,-0.00512191271750401
Rank4,0.0863038556911711,0.0262716566355782,0.0602816231959318,0.055228433638296,0.1,0.00806561141083341,0.026735111600098,0.0515668701955967,0.041753077673095,0.1,0.0331813890674917,0.0931153971183683,0.0134748627781,-0.00922861121395399,0.1,0.0170936938377789,0.0450285591014285,0.0855497408737826,0.030588399167369,0.15
Rank5,0.1,0.0334693443567105,0.1,0.1,0.1,0.0692208671304785,0.0721081485655129,0.1,0.1,0.05,0.0354350019039358,0.1,0.0543151702401156,-0.00704682661749499,0.05,0.028064931983855,0.1,0.1,0.0230324905695782,0.1
Rank6,0.1,0.0438087110228659,0.1,0.1,0.1,0.1,0.1,0.1,0.05,0.05,0.1,0.1,0.1,0.00037912380569681,0.05,0.1,0.1,0.1,0.05,0.05
Rank7,0.05,0.1,0.1,0.05,0.1,0.1,0.05,0.05,0.05,0.05,0.1,0.1,0.1,0.1,0.05,0.05,0.05,0.05,0.05,0.05
Rank8,0.05,0.05,0.05,0.05,0.05,0.05,0.05,0.05,0.05,0.05,0.05,0.05,0.05,0.1,0.05,0.05,0.05,0.05,0.05,0.05
