C10_WGSerr_r0,C11_WGSerr_r0,C12_WGSerr_r0,C13_WGSerr_r0,C14_WGSerr_r0,C15_WGSerr_r0,C16_WGSerr_r0,C17_WGSerr_r0,C18_WGSerr_r0,C19_WGSerr_r0,C1_WGSerr_r0,C20_WGSerr_r0,C2_WGSerr_r0,C3_WGSerr_r0,C4_WGSerr_r0,C5_WGSerr_r0,C6_WGSerr_r0,C7_WGSerr_r0,C8_WGSerr_r0,C9_WGSerr_r0
UnW_D,0.495418929163651,0.473464082043359,0.788531764370134,0.509299824084784,0.824732602770059,0.540685481857613,0.536464022198407,0.572664860598332,0.572664860598332,0.845050320378505,0.725531824215087,0.788531764370134,0.540685481857613,0.473464082043359,0.82895025045652,0.423832051329546,0.60368542201266,0.79275322402934,0.423832051329546,0.498710303891594
Weight_D,0.106977123710851,0.0880133662244166,0.125633703857892,0.0904746717110576,0.145982499185399,0.0964110956458676,0.109198947445608,0.142006479143969,0.0846859716599108,0.0666400431904574,0.0973984602534588,0.144998718784624,0.0919636402517882,0.0854194370269516,0.12782033175416,0.0827706138688755,0.084207207805781,0.121956241949833,0.0598636781655732,0.0702756148974379
Bray_D,0.586303855691171,0.520080367658444,0.760281623195932,0.505228433638296,0.961569460456502,0.627286478541312,0.648843260165611,0.803940741938727,0.591753077673095,0.470872194725229,0.611423843806837,0.75496518542356,0.617790033018216,0.490771388786046,0.698814397980132,0.560276240681392,0.55,0.75,0.376467028044301,0.45
JC_D,0.666666666666667,0.6,0.8,0.666666666666667,0.9,0.7,0.7,0.8,0.8,0.777777777777778,0.7,0.8,0.7,0.6,0.888888888888889,0.555555555555556,0.8,0.8,0.555555555555556,0.625
JSD,0.317876799893509,0.316549951473633,0.477827999991196,0.328755584733649,0.652262575650492,0.383127737413039,0.40279633418308,0.526770113809896,0.357766189872692,0.251670801890012,0.310507654405351,0.505768935266228,0.35512480387286,0.304498119656653,0.371180272196352,0.336451146328692,0.268302394692404,0.441479440358122,0.151880535535328,0.195687553034085
