C1_WGSerr_r0,C10_WGSerr_r0,C11_WGSerr_r0,C12_WGSerr_r0,C13_WGSerr_r0,C14_WGSerr_r0,C15_WGSerr_r0,C16_WGSerr_r0,C17_WGSerr_r0,C18_WGSerr_r0,C19_WGSerr_r0,C2_WGSerr_r0,C20_WGSerr_r0,C3_WGSerr_r0,C4_WGSerr_r0,C5_WGSerr_r0,C6_WGSerr_r0,C7_WGSerr_r0,C8_WGSerr_r0,C9_WGSerr_r0
sorted_JSD,0.142746284028404,0.12032284896979,0.142771506296036,0.146562105306257,0.12339795167816,0.141198413422889,0.140860930435211,0.146419311396155,0.117807325250841,0.102561600245593,0.0863944433185362,0.148565324120801,0.143647205494705,0.165776948805761,0.0820206881475807,0.118919287124881,0.120119997277527,0.118463693696703,0.104365280861896,0.0996447275551118
