,AErrorFree.StrainPanDA,AErrorFree.StrainEst,ARTError.StrainPanDA,ARTError.StrainEst,WGSError.StrainPanDA,WGSError.StrainEst
AErrorFree.StrainPanDA,1,0.000516842939198975,NA,0.000516842939198975,NA,7.1024306769095e-06
AErrorFree.StrainEst,0.000516842939198975,1,0.000516842939198975,NA,0.000516842939198975,0.156762142423079
ARTError.StrainPanDA,NA,0.000516842939198975,1,0.000516842939198975,NA,7.1024306769095e-06
ARTError.StrainEst,0.000516842939198975,NA,0.000516842939198975,1,0.000516842939198975,0.156762142423079
WGSError.StrainPanDA,NA,0.000516842939198975,NA,0.000516842939198975,1,7.1024306769095e-06
WGSError.StrainEst,7.1024306769095e-06,0.156762142423079,7.1024306769095e-06,0.156762142423079,7.1024306769095e-06,1
