,AErrorFree.StrainPanDA,AErrorFree.StrainEst,ARTError.StrainPanDA,ARTError.StrainEst,WGSError.StrainPanDA,WGSError.StrainEst
AErrorFree.StrainPanDA,1,0.0306225503992963,NA,0.0208316138450823,6.35524271955283e-05,0.99974337688113
AErrorFree.StrainEst,0.0306225503992963,1,0.0306225503992963,0.523830467902848,2.16582721861421e-05,0.0362579503786127
ARTError.StrainPanDA,NA,0.0306225503992963,1,0.0208316138450823,6.35524271955283e-05,0.99974337688113
ARTError.StrainEst,0.0208316138450823,0.523830467902848,0.0208316138450823,1,1.00195292605522e-05,0.0221627708526007
WGSError.StrainPanDA,6.35524271955283e-05,2.16582721861421e-05,6.35524271955283e-05,1.00195292605522e-05,1,0.0123849609835181
WGSError.StrainEst,0.99974337688113,0.0362579503786127,0.99974337688113,0.0221627708526007,0.0123849609835181,1
